season,week,player_id,player_display_name,position,position_group,recent_team,opponent_team,implied_total,prob_td
2025,1,00-0037256,Rachaad White,RB,RB,TB,ATL,0,0.47560975609756095
2025,1,00-0033553,James Conner,RB,RB,ARI,NO,0,0.47560975609756095
2025,1,00-0038134,Kenneth Walker,RB,RB,SEA,SF,0,0.47560975609756095
2025,1,00-0038597,Chase Brown,RB,RB,CIN,CLE,0,0.47560975609756095
2025,1,00-0033280,Christian McCaffrey,RB,RB,SF,SEA,0,0.47560975609756095
2025,1,00-0036139,Rico Dowdle,RB,RB,DAL,PHI,0,0.47560975609756095
2025,1,00-0036223,Jonathan Taylor,RB,RB,IND,MIA,0,0.47560975609756095
2025,1,00-0039910,Jayden Daniels,QB,QB,WAS,NYG,0,0.45454545454545453
2025,1,00-0034857,Josh Allen,QB,QB,BUF,BAL,0,0.45454545454545453
2025,1,00-0035710,Daniel Jones,QB,QB,NYG,WAS,0,0.45454545454545453
2025,1,00-0036875,Rhamondre Stevenson,RB,RB,NE,LVR,0,0.44224100096348257
2025,1,00-0039384,Tyrone Tracy,RB,RB,NYG,WAS,0,0.40540540540540543
2025,1,00-0039361,Bucky Irving,RB,RB,TB,ATL,0,0.40540540540540543
2025,1,00-0039139,Jahmyr Gibbs,RB,RB,DET,GB,0,0.40540540540540543
2025,1,00-0035685,David Montgomery,RB,RB,DET,GB,0,0.40540540540540543
2025,1,00-0033293,Aaron Jones,RB,RB,MIN,CHI,0,0.40540540540540543
2025,1,00-0034844,Saquon Barkley,RB,RB,PHI,DAL,0,0.40540540540540543
2025,1,00-0033906,Alvin Kamara,RB,RB,NO,ARI,0,0.40540540540540543
2025,1,00-0038542,Bijan Robinson,RB,RB,ATL,TB,0,0.392817577782548
2025,1,00-0039075,Puka Nacua,WR,WR_TE,LAR,HOU,0,0.3783783783783784
2025,1,00-0036322,Justin Jefferson,WR,WR_TE,MIN,CHI,0,0.3783783783783784
2025,1,00-0036900,Ja'Marr Chase,WR,WR_TE,CIN,CLE,0,0.3783783783783784
2025,1,00-0039040,Devon Achane,RB,RB,MIA,IND,0,0.3732394366197183
2025,1,00-0035261,Tony Pollard,RB,RB,TEN,DEN,0,0.3732394366197183
2025,1,00-0037248,James Cook,RB,RB,BUF,BAL,0,0.3732394366197183
2025,1,00-0032764,Derrick Henry,RB,RB,BAL,BUF,0,0.3732394366197183
2025,1,00-0036158,J.K. Dobbins,RB,RB,LAC,KC,0,0.3732394366197183
2025,1,00-0037840,Kyren Williams,RB,RB,LAR,HOU,0,0.3732394366197183
2025,1,00-0036555,Chuba Hubbard,RB,RB,CAR,JAX,0,0.3732394366197183
2025,1,00-0036973,Travis Etienne,RB,RB,JAX,CAR,0,0.3732394366197183
2025,1,00-0037746,Brian Robinson,RB,RB,WAS,NYG,0,0.3732394366197183
2025,1,00-0036275,D'Andre Swift,RB,RB,CHI,MIN,0,0.3732394366197183
2025,1,00-0036265,AJ Dillon,RB,RB,GB,DET,0,0.3732394366197183
2025,1,00-0035700,Josh Jacobs,RB,RB,GB,DET,0,0.3732394366197183
2025,1,00-0033923,Kareem Hunt,RB,RB,KC,LAC,0,0.3380281690140845
2025,1,00-0034791,Nick Chubb,RB,RB,CLE,CIN,0,0.3380281690140845
2025,1,00-0038555,Tank Bigsby,RB,RB,JAX,CAR,0,0.33589255751177577
2025,1,00-0034348,Courtland Sutton,WR,WR_TE,DEN,TEN,0,0.3248945147679324
2025,1,00-0038543,Jaxon Smith-Njigba,WR,WR_TE,SEA,SF,0,0.3248945147679324
2025,1,00-0036554,Nico Collins,WR,WR_TE,HOU,LAR,0,0.3248945147679324
2025,1,00-0033040,Tyreek Hill,WR,WR_TE,MIA,IND,0,0.3248945147679324
2025,1,00-0031588,Stefon Diggs,WR,WR_TE,HOU,LAR,0,0.3248945147679324
2025,1,00-0031408,Mike Evans,WR,WR_TE,TB,ATL,0,0.3248945147679324
2025,1,00-0034827,D.J. Moore,WR,WR_TE,CHI,MIN,0,0.3248945147679324
2025,1,00-0035659,Terry McLaurin,WR,WR_TE,WAS,NYG,0,0.3248945147679324
2025,1,00-0030279,Keenan Allen,WR,WR_TE,CHI,MIN,0,0.3248945147679324
2025,1,00-0039893,Brian Thomas,WR,WR_TE,JAX,CAR,0,0.3248945147679324
2025,1,00-0037740,Garrett Wilson,WR,WR_TE,NYJ,PIT,0,0.3248945147679324
2025,1,00-0036410,Tee Higgins,WR,WR_TE,CIN,CLE,0,0.3248945147679324
2025,1,00-0031381,Davante Adams,WR,WR_TE,NYJ,PIT,0,0.3248945147679324
2025,1,00-0037247,George Pickens,WR,WR_TE,PIT,NYJ,0,0.3248945147679324
2025,1,00-0033288,George Kittle,TE,WR_TE,SF,SEA,0,0.3248945147679324
2025,1,00-0039064,Zay Flowers,WR,WR_TE,BAL,BUF,0,0.3248945147679324
2025,1,00-0036259,Jauan Jennings,WR,WR_TE,SF,SEA,0,0.3248945147679324
2025,1,00-0036963,Amon-Ra St. Brown,WR,WR_TE,DET,GB,0,0.3248945147679324
2025,1,00-0036912,DeVonta Smith,WR,WR_TE,PHI,DAL,0,0.3248945147679324
2025,1,00-0035676,A.J. Brown,WR,WR_TE,PHI,DAL,0,0.3248945147679324
2025,1,00-0039337,Malik Nabers,WR,WR_TE,NYG,WAS,0,0.3248945147679324
2025,1,00-0037240,Jameson Williams,WR,WR_TE,DET,GB,0,0.3248945147679324
2025,1,00-0039338,Brock Bowers,TE,WR_TE,LVR,NE,0,0.3248945147679324
2025,1,00-0039915,Ladd McConkey,WR,WR_TE,LAC,KC,0,0.3248945147679324
2025,1,00-0037744,Trey McBride,TE,WR_TE,ARI,NO,0,0.3248945147679324
2025,1,00-0036358,CeeDee Lamb,WR,WR_TE,DAL,PHI,0,0.3248945147679324
2025,1,00-0036407,Jerry Jeudy,WR,WR_TE,CLE,CIN,0,0.3248945147679324
2025,1,00-0030035,Adam Thielen,WR,WR_TE,CAR,JAX,0,0.3248945147679324
2025,1,00-0036389,Jalen Hurts,QB,QB,PHI,DAL,0,0.32432432432432434
2025,1,00-0036252,Michael Pittman,WR,WR_TE,IND,MIA,0,0.30337888203738195
2025,1,00-0037228,Jaylen Warren,RB,RB,PIT,NYJ,0,0.2857142857142857
2025,1,00-0038120,Breece Hall,RB,RB,NYJ,PIT,0,0.2857142857142857
2025,1,00-0037238,Drake London,WR,WR_TE,ATL,TB,0,0.2602739726027397
2025,1,00-0034960,Jakobi Meyers,WR,WR_TE,LVR,NE,0,0.2602739726027397
2025,1,00-0037261,Khalil Shakir,WR,WR_TE,BUF,BAL,0,0.2602739726027397
2025,1,00-0034753,Mark Andrews,TE,WR_TE,BAL,BUF,0,0.2602739726027397
2025,1,00-0030564,DeAndre Hopkins,WR,WR_TE,KC,LAC,0,0.2602739726027397
2025,1,00-0039894,Xavier Worthy,WR,WR_TE,KC,LAC,0,0.2602739726027397
2025,1,00-0038544,Quentin Johnston,WR,WR_TE,LAC,KC,0,0.2602739726027397
2025,1,00-0037239,Chris Olave,WR,WR_TE,NO,ARI,0,0.2602739726027397
2025,1,00-0038117,Wan'Dale Robinson,WR,WR_TE,NYG,WAS,0,0.2602739726027397
2025,1,00-0039065,Sam LaPorta,TE,WR_TE,DET,GB,0,0.2602739726027397
2025,1,00-0033881,Evan Engram,TE,WR_TE,JAX,CAR,0,0.2602739726027397
2025,1,00-0034775,Christian Kirk,WR,WR_TE,JAX,CAR,0,0.2602739726027397
2025,1,00-0036613,Jaylen Waddle,WR,WR_TE,MIA,IND,0,0.2602739726027397
2025,1,00-0037545,Rashid Shaheed,WR,WR_TE,NO,ARI,0,0.2602739726027397
2025,1,00-0030506,Travis Kelce,TE,WR_TE,KC,LAC,0,0.2602739726027397
2025,1,00-0039165,Zach Charbonnet,RB,RB,SEA,SF,0,0.24675324675324675
2025,1,00-0039363,Isaac Guerendo,RB,RB,SF,SEA,0,0.24675324675324675
2025,1,00-0036893,Najee Harris,RB,RB,PIT,NYJ,0,0.24675324675324675
2025,1,00-0037197,Isiah Pacheco,RB,RB,KC,LAC,0,0.24675324675324675
2025,1,00-0033699,Austin Ekeler,RB,RB,WAS,NYG,0,0.24675324675324675
2025,1,00-0037267,Jerome Ford,RB,RB,CLE,CIN,0,0.24675324675324675
2025,1,00-0039798,Isaiah Davis,RB,RB,NYJ,PIT,0,0.2318840579710145
2025,1,00-0036328,Antonio Gibson,RB,RB,NE,LVR,0,0.2318840579710145
2025,1,00-0034975,Justice Hill,RB,RB,BAL,BUF,0,0.2318840579710145
2025,1,00-0035250,Devin Singletary,RB,RB,NYG,WAS,0,0.2318840579710145
2025,1,00-0035537,Ty Johnson,RB,RB,BUF,BAL,0,0.2318840579710145
2025,1,00-0036997,Javonte Williams,RB,RB,DEN,TEN,0,0.2318840579710145
2025,1,00-0039021,Roschon Johnson,RB,RB,CHI,MIN,0,0.2318840579710145
2025,1,00-0038040,Zamir White,RB,RB,LVR,NE,0,0.2318840579710145
2025,1,00-0030061,Zach Ertz,TE,WR_TE,WAS,NYG,0,0.188
2025,1,00-0033090,Hunter Henry,TE,WR_TE,NE,LVR,0,0.188
2025,1,00-0039849,Marvin Harrison,WR,WR_TE,ARI,NO,0,0.188
2025,1,00-0039901,Keon Coleman,WR,WR_TE,BUF,BAL,0,0.188
2025,1,00-0038979,Cedric Tillman,WR,WR_TE,CLE,CIN,0,0.188
2025,1,00-0033858,Jonnu Smith,TE,WR_TE,MIA,IND,0,0.188
2025,1,00-0034837,Calvin Ridley,WR,WR_TE,TEN,DEN,0,0.188
2025,1,00-0033885,David Njoku,TE,WR_TE,CLE,CIN,0,0.188
2025,1,00-0038606,Parker Washington,WR,WR_TE,JAX,CAR,0,0.188
2025,1,00-0039919,Rome Odunze,WR,WR_TE,CHI,MIN,0,0.18110236220472442
2025,1,00-0038933,Dalton Kincaid,TE,WR_TE,BUF,BAL,0,0.18110236220472442
2025,1,00-0038393,Dontayvion Wicks,WR,WR_TE,GB,DET,0,0.18110236220472442
2025,1,00-0038621,Demario Douglas,WR,WR_TE,NE,LVR,0,0.18110236220472442
2025,1,00-0037837,Calvin Austin,WR,WR_TE,PIT,NYJ,0,0.18110236220472442
2025,1,00-0038608,Kayshon Boutte,WR,WR_TE,NE,LVR,0,0.18110236220472442
2025,1,00-0039751,Jordan Whittington,WR,WR_TE,LAR,HOU,0,0.18110236220472442
2025,1,00-0036550,Rashod Bateman,WR,WR_TE,BAL,BUF,0,0.18110236220472442
2025,1,00-0036290,Cole Kmet,TE,WR_TE,CHI,MIN,0,0.18110236220472442
2025,1,00-0033591,Noah Brown,WR,WR_TE,WAS,NYG,0,0.18110236220472442
2025,1,00-0034270,Tyler Conklin,TE,WR_TE,NYJ,PIT,0,0.18110236220472442
2025,1,00-0038996,Tucker Kraft,TE,WR_TE,GB,DET,0,0.18110236220472442
2025,1,00-0031610,Darren Waller,TE,WR_TE,NYG,WAS,0,0.18110236220472442
2025,1,00-0036309,Darnell Mooney,WR,WR_TE,ATL,TB,0,0.18110236220472442
2025,1,00-0035229,T.J. Hockenson,TE,WR_TE,MIN,CHI,0,0.18110236220472442
2025,1,00-0038619,Andrei Iosivas,WR,WR_TE,CIN,CLE,0,0.18110236220472442
2025,1,00-0037809,Chigoziem Okonkwo,TE,WR_TE,TEN,DEN,0,0.18110236220472442
2025,1,00-0038563,Tre Tucker,WR,WR_TE,LVR,NE,0,0.18110236220472442
2025,1,00-0036894,Pat Freiermuth,TE,WR_TE,PIT,NYJ,0,0.18110236220472442
2025,1,00-0038976,Marvin Mims,WR,WR_TE,DEN,TEN,0,0.18110236220472442
2025,1,00-0035640,DK Metcalf,WR,WR_TE,SEA,SF,0,0.18110236220472442
2025,1,00-0037005,Tommy Tremble,TE,WR_TE,CAR,JAX,0,0.18110236220472442
2025,1,00-0039342,Xavier Legette,WR,WR_TE,CAR,JAX,0,0.18110236220472442
2025,1,00-0036945,Justin Fields,QB,QB,PIT,NYJ,0,0.17073170731707318
2025,1,00-0039851,Drake Maye,QB,QB,NE,LVR,0,0.17073170731707318
2025,1,00-0035228,Kyler Murray,QB,QB,ARI,NO,0,0.17073170731707318
2025,1,00-0034796,Lamar Jackson,QB,QB,BAL,BUF,0,0.17073170731707318
2025,1,00-0039150,Bryce Young,QB,QB,CAR,JAX,0,0.16866233087530785
2025,1,00-0037816,Romeo Doubs,WR,WR_TE,GB,DET,0,0.1619718309859155
2025,1,00-0035662,Marquise Brown,WR,WR_TE,KC,LAC,0,0.1619718309859155
2025,1,00-0039847,Theo Johnson,TE,WR_TE,NYG,WAS,0,0.1619718309859155
2025,1,00-0036980,Elijah Moore,WR,WR_TE,CLE,CIN,0,0.1619718309859155
2025,1,00-0033589,David Moore,WR,WR_TE,CAR,JAX,0,0.1619718309859155
2025,1,00-0039146,Jayden Reed,WR,WR_TE,GB,DET,0,0.1619718309859155
2025,1,00-0033555,Mack Hollins,WR,WR_TE,BUF,BAL,0,0.1619718309859155
2025,1,00-0033110,Tyler Higbee,TE,WR_TE,LAR,HOU,0,0.1619718309859155
2025,1,00-0036182,Nick Westbrook-Ikhine,WR,WR_TE,TEN,DEN,0,0.1619718309859155
2025,1,00-0038547,Luke Schoonmaker,TE,WR_TE,DAL,PHI,0,0.1619718309859155
2025,1,00-0033908,Cooper Kupp,WR,WR_TE,LAR,HOU,0,0.1619718309859155
2025,1,00-0036849,Tutu Atwell,WR,WR_TE,LAR,HOU,0,0.1619718309859155
2025,1,00-0031236,Brandin Cooks,WR,WR_TE,DAL,PHI,0,0.1619718309859155
2025,1,00-0039916,Ricky Pearsall,WR,WR_TE,SF,SEA,0,0.1619718309859155
2025,1,00-0032392,Austin Hooper,TE,WR_TE,NE,LVR,0,0.1619718309859155
2025,1,00-0035249,Josh Oliver,TE,WR_TE,MIN,CHI,0,0.1619718309859155
2025,1,00-0034383,Dalton Schultz,TE,WR_TE,HOU,LAR,0,0.1619718309859155
2025,1,00-0034829,Mike Gesicki,TE,WR_TE,CIN,CLE,0,0.1619718309859155
2025,1,00-0032385,Sterling Shepard,WR,WR_TE,TB,ATL,0,0.1619718309859155
2025,1,00-0034407,Ray-Ray McCloud,WR,WR_TE,ATL,TB,0,0.1619718309859155
2025,1,00-0036626,Dyami Brown,WR,WR_TE,WAS,NYG,0,0.1619718309859155
2025,1,00-0038559,Michael Wilson,WR,WR_TE,ARI,NO,0,0.1619718309859155
2025,1,00-0036040,Juwan Johnson,TE,WR_TE,NO,ARI,0,0.1619718309859155
2025,1,00-0035208,Olamide Zaccheaus,WR,WR_TE,WAS,NYG,0,0.1619718309859155
2025,1,00-0038997,Josh Downs,WR,WR_TE,IND,MIA,0,0.1619718309859155
2025,1,00-0037664,Alec Pierce,WR,WR_TE,IND,MIA,0,0.1619718309859155
2025,1,00-0033873,Patrick Mahomes,QB,QB,KC,LAC,0,0.16066753374270076
2025,1,00-0039918,Caleb Williams,QB,QB,CHI,MIN,0,0.15151515151515152
2025,1,00-0038551,Kendre Miller,RB,RB,NO,ARI,0,0.14464834334572585
2025,1,00-0039050,Payne Durham,TE,WR_TE,TB,ATL,0,0.13793103448275862
2025,1,00-0035535,Darius Slayton,WR,WR_TE,NYG,WAS,0,0.13793103448275862
2025,1,00-0039424,Devaughn Vele,WR,WR_TE,DEN,TEN,0,0.13793103448275862
2025,1,00-0035719,Deebo Samuel,WR,WR_TE,SF,SEA,0,0.13793103448275862
2025,1,00-0039754,Devin Culp,TE,WR_TE,TB,ATL,0,0.13278294750961503
2025,1,00-0035021,Ashton Dulin,WR,WR_TE,IND,MIA,0,0.125
2025,1,00-0039407,Dylan Laube,RB,RB,LVR,NE,0,0.125
2025,1,00-0037258,Dameon Pierce,RB,RB,HOU,LAR,0,0.125
2025,1,00-0039880,Malik Washington,WR,WR_TE,MIA,IND,0,0.125
2025,1,00-0038794,Jaleel McLaughlin,RB,RB,DEN,TEN,0,0.125
2025,1,00-0037263,Tyler Allgeier,RB,RB,ATL,TB,0,0.125
2025,1,00-0034159,Will Dissly,TE,WR_TE,LAC,KC,0,0.12436548223350252
2025,1,00-0035689,Dawson Knox,TE,WR_TE,BUF,BAL,0,0.12436548223350252
2025,1,00-0038935,Brenton Strange,TE,WR_TE,JAX,CAR,0,0.12436548223350252
2025,1,00-0036887,Luke Farrell,TE,WR_TE,JAX,CAR,0,0.12436548223350252
2025,1,00-0039816,Anthony Gould,WR,WR_TE,IND,MIA,0,0.12436548223350252
2025,1,00-0033572,Jamal Agnew,WR,WR_TE,JAX,CAR,0,0.12436548223350252
2025,1,00-0031544,Amari Cooper,WR,WR_TE,BUF,BAL,0,0.12436548223350252
2025,1,00-0038465,Malik Heath,WR,WR_TE,GB,DET,0,0.12436548223350252
2025,1,00-0033375,Tim Patrick,WR,WR_TE,DET,GB,0,0.12436548223350252
2025,1,00-0039066,Michael Mayer,TE,WR_TE,LVR,NE,0,0.12436548223350252
2025,1,00-0038679,Tyrell Shavers,WR,WR_TE,BUF,BAL,0,0.12436548223350252
2025,1,00-0038041,Jake Ferguson,TE,WR_TE,DAL,PHI,0,0.12436548223350252
2025,1,00-0037666,Jalen Tolbert,WR,WR_TE,DAL,PHI,0,0.12436548223350252
2025,1,00-0039356,Ja'Tavion Sanders,TE,WR_TE,CAR,JAX,0,0.12436548223350252
2025,1,00-0034351,Dallas Goedert,TE,WR_TE,PHI,DAL,0,0.12436548223350252
2025,1,00-0037475,Stone Smartt,TE,WR_TE,LAC,KC,0,0.12436548223350252
2025,1,00-0036415,Van Jefferson,WR,WR_TE,PIT,NYJ,0,0.12436548223350252
2025,1,00-0039355,Luke McCaffrey,WR,WR_TE,WAS,NYG,0,0.12436548223350252
2025,1,00-0039824,Jared Wiley,TE,WR_TE,KC,LAC,0,0.12436548223350252
2025,1,00-0039793,A.J. Barner,TE,WR_TE,SEA,SF,0,0.12436548223350252
2025,1,00-0035644,Noah Fant,TE,WR_TE,SEA,SF,0,0.12436548223350252
2025,1,00-0032211,Tyler Lockett,WR,WR_TE,SEA,SF,0,0.12436548223350252
2025,1,00-0037112,Jake Tonges,TE,WR_TE,CHI,MIN,0,0.12436548223350252
2025,1,00-0038519,Nikko Remigio,WR,WR_TE,KC,LAC,0,0.12436548223350252
2025,1,00-0029263,Russell Wilson,QB,QB,PIT,NYJ,0,0.1145374449339207
2025,1,00-0039732,Bo Nix,QB,QB,DEN,TEN,0,0.1145374449339207
2025,1,00-0039376,Spencer Rattler,QB,QB,NO,ARI,0,0.1145374449339207
2025,1,00-0036971,Trevor Lawrence,QB,QB,JAX,CAR,0,0.1145374449339207
2025,1,00-0033077,Dak Prescott,QB,QB,DAL,PHI,0,0.1145374449339207
2025,1,00-0037834,Brock Purdy,QB,QB,SF,SEA,0,0.1145374449339207
2025,1,00-0034869,Sam Darnold,QB,QB,MIN,CHI,0,0.1145374449339207
2025,1,00-0039163,C.J. Stroud,QB,QB,HOU,LAR,0,0.1145374449339207
2025,1,00-0034521,Allen Lazard,WR,WR_TE,NYJ,PIT,0,0.10854503464203233
2025,1,00-0037291,Jalen Nailor,WR,WR_TE,MIN,CHI,0,0.10854503464203233
2025,1,00-0037086,Grant Calcaterra,TE,WR_TE,PHI,DAL,0,0.10854503464203233
2025,1,00-0037741,Jahan Dotson,WR,WR_TE,PHI,DAL,0,0.10854503464203233
2025,1,00-0039868,Troy Franklin,WR,WR_TE,DEN,TEN,0,0.10854503464203233
2025,1,00-0036427,Tyler Johnson,WR,WR_TE,LAR,HOU,0,0.10854503464203233
2025,1,00-0031763,DeAndre Carter,WR,WR_TE,CHI,MIN,0,0.10854503464203233
2025,1,00-0035500,Greg Dortch,WR,WR_TE,ARI,NO,0,0.10854503464203233
2025,1,00-0039912,Ben Sinnott,TE,WR_TE,WAS,NYG,0,0.10854503464203233
2025,1,00-0039810,Jermaine Burton,WR,WR_TE,CIN,CLE,0,0.10854503464203233
2025,1,00-0039623,Mason Tipton,WR,WR_TE,NO,ARI,0,0.10854503464203233
2025,1,00-0039648,David Martin-Robinson,TE,WR_TE,TEN,DEN,0,0.10854503464203233
2025,1,00-0034983,Hunter Renfrow,WR,WR_TE,LVR,NE,0,0.10854503464203233
2025,1,00-0036754,Brock Wright,TE,WR_TE,DET,GB,0,0.10854503464203233
2025,1,00-0035631,Drew Sample,TE,WR_TE,CIN,CLE,0,0.10854503464203233
2025,1,00-0037801,Kavontae Turpin,WR,WR_TE,DAL,PHI,0,0.10854503464203233
2025,1,00-0034854,KhaDarel Hodge,WR,WR_TE,ATL,TB,0,0.10854503464203233
2025,1,00-0037614,John Metchie,WR,WR_TE,HOU,LAR,0,0.10854503464203233
2025,1,00-0033282,Curtis Samuel,WR,WR_TE,BUF,BAL,0,0.10854503464203233
2025,1,00-0036331,Devin Duvernay,WR,WR_TE,JAX,CAR,0,0.10854503464203233
2025,1,00-0033217,Mo Alie-Cox,TE,WR_TE,IND,MIA,0,0.10854503464203233
2025,1,00-0036637,Noah Gray,TE,WR_TE,KC,LAC,0,0.10854503464203233
2025,1,00-0038115,Daniel Bellinger,TE,WR_TE,NYG,WAS,0,0.10854503464203233
2025,1,00-0038573,Derius Davis,WR,WR_TE,LAC,KC,0,0.10854503464203233
2025,1,00-0037311,Ko Kieft,TE,WR_TE,TB,ATL,0,0.10854503464203233
2025,1,00-0036876,Kylen Granson,TE,WR_TE,IND,MIA,0,0.10854503464203233
2025,1,00-0036970,Kyle Pitts,TE,WR_TE,ATL,TB,0,0.10854503464203233
2025,1,00-0037093,Dareke Young,WR,WR_TE,SEA,SF,0,0.10854503464203233
2025,1,00-0034365,Ian Thomas,TE,WR_TE,CAR,JAX,0,0.10854503464203233
2025,1,00-0036825,Feleipe Franks,TE,WR_TE,CAR,JAX,0,0.10854503464203233
2025,1,00-0035298,Scott Miller,WR,WR_TE,PIT,NYJ,0,0.10854503464203233
2025,1,00-0037539,Lucas Krull,TE,WR_TE,DEN,TEN,0,0.10676156583629892
2025,1,00-0037277,Teagan Quitoriano,TE,WR_TE,HOU,LAR,0,0.10676156583629892
2025,1,00-0037348,Tanner Conner,WR,WR_TE,MIA,IND,0,0.10676156583629892
2025,1,00-0039359,Cade Stover,TE,WR_TE,HOU,LAR,0,0.10676156583629892
2025,1,00-0039074,Davis Allen,TE,WR_TE,LAR,HOU,0,0.10676156583629892
2025,1,00-0039530,Brevyn Spann-Ford,TE,WR_TE,DAL,PHI,0,0.10676156583629892
2025,1,00-0038359,Xavier Smith,WR,WR_TE,LAR,HOU,0,0.10676156583629892
2025,1,00-0039052,Trey Palmer,WR,WR_TE,TB,ATL,0,0.10676156583629892
2025,1,00-0034613,Tanner Hudson,TE,WR_TE,CIN,CLE,0,0.10676156583629892
2025,1,00-0036422,Adam Trautman,TE,WR_TE,DEN,TEN,0,0.10676156583629892
2025,1,00-0038046,Charlie Kolar,TE,WR_TE,BAL,BUF,0,0.10676156583629892
2025,1,00-0039589,Kameron Johnson,WR,WR_TE,TB,ATL,0,0.10676156583629892
2025,1,00-0033891,Zay Jones,WR,WR_TE,ARI,NO,0,0.10676156583629892
2025,1,00-0036429,Charlie Woerner,TE,WR_TE,ATL,TB,0,0.10676156583629892
2025,1,00-0038104,Tyquan Thornton,WR,WR_TE,NE,LVR,0,0.10676156583629892
2025,1,00-0038090,Skyy Moore,WR,WR_TE,KC,LAC,0,0.10676156583629892
2025,1,00-0031484,Chris Manhertz,TE,WR_TE,NYG,WAS,0,0.10676156583629892
2025,1,00-0037304,Connor Heyward,TE,WR_TE,PIT,NYJ,0,0.10676156583629892
2025,1,00-0038938,Jalin Hyatt,WR,WR_TE,NYG,WAS,0,0.10676156583629892
2025,1,00-0036244,Colby Parkinson,TE,WR_TE,LAR,HOU,0,0.10676156583629892
2025,1,00-0037805,Jeremy Ruckert,TE,WR_TE,NYJ,PIT,0,0.10676156583629892
2025,1,00-0036534,Shane Zylstra,TE,WR_TE,DET,GB,0,0.10676156583629892
2025,1,00-0032464,Kalif Raymond,WR,WR_TE,DET,GB,0,0.10676156583629892
2025,1,00-0031687,Raheem Mostert,RB,RB,MIA,IND,0,0.1
2025,1,00-0039746,Will Shipley,RB,RB,PHI,DAL,0,0.1
2025,1,00-0039364,Sione Vaki,RB,RB,DET,GB,0,0.1
2025,1,00-0036567,Elijah Mitchell,RB,RB,SF,SEA,0,0.1
2025,1,00-0039299,George Holani,RB,RB,SEA,SF,0,0.1
2025,1,00-0037120,Tyler Goodson,RB,RB,IND,MIA,0,0.1
2025,1,00-0039921,Trey Benson,RB,RB,ARI,NO,0,0.1
2025,1,00-0039738,Blake Corum,RB,RB,LAR,HOU,0,0.1
2025,1,00-0039875,Ray Davis,RB,RB,BUF,BAL,0,0.1
2025,1,00-0033955,Jeremy McNichols,RB,RB,WAS,NYG,0,0.1
2025,1,00-0037276,Ty Chandler,RB,RB,MIN,CHI,0,0.1
2025,1,00-0037745,Velus Jones,RB,RB,CAR,JAX,0,0.1
2025,1,00-0037085,Tyler Badie,RB,RB,DEN,TEN,0,0.1
2025,1,00-0037525,Jordan Mason,RB,RB,SF,SEA,0,0.1
2025,1,00-0033526,Samaje Perine,RB,RB,KC,LAC,0,0.1
2025,1,00-0038611,Chris Rodriguez,RB,RB,WAS,NYG,0,0.1
2025,1,00-0036842,Kene Nwangwu,RB,RB,NYJ,PIT,0,0.1
2025,1,00-0039796,Rasheen Ali,RB,RB,BAL,BUF,0,0.1
2025,1,00-0038951,Sean Tucker,RB,RB,TB,ATL,0,0.1
2025,1,00-0039794,Braelon Allen,RB,RB,NYJ,PIT,0,0.1
2025,1,00-0038797,Emanuel Wilson,RB,RB,GB,DET,0,0.1
2025,1,00-0039631,Cam Grandy,TE,WR_TE,CIN,CLE,0,0.08253968253968255
2025,1,00-0038783,Nate Adkins,TE,WR_TE,DEN,TEN,0,0.08253968253968255
2025,1,00-0038576,Charlie Jones,WR,WR_TE,CIN,CLE,0,0.08253968253968255
2025,1,00-0039144,Luke Musgrave,TE,WR_TE,GB,DET,0,0.08253968253968255
2025,1,00-0037306,John FitzPatrick,TE,WR_TE,GB,DET,0,0.08253968253968255
2025,1,00-0038809,Ben Sims,TE,WR_TE,GB,DET,0,0.08253968253968255
2025,1,00-0038824,Ryan Miller,WR,WR_TE,TB,ATL,0,0.08253968253968255
2025,1,00-0035341,Trenton Irwin,WR,WR_TE,CIN,CLE,0,0.08253968253968255
2025,1,00-0037654,Tucker Fisk,TE,WR_TE,LAC,KC,0,0.08253968253968255
2025,1,00-0034386,Justin Watson,WR,WR_TE,KC,LAC,0,0.08253968253968255
2025,1,00-0033857,JuJu Smith-Schuster,WR,WR_TE,KC,LAC,0,0.08253968253968255
2025,1,00-0038720,Julian Hill,TE,WR_TE,MIA,IND,0,0.08253968253968255
2025,1,00-0038618,Xavier Hutchinson,WR,WR_TE,HOU,LAR,0,0.08253968253968255
2025,1,00-0038752,Jake Bobo,WR,WR_TE,SEA,SF,0,0.08253968253968255
2025,1,00-0035891,Cody White,WR,WR_TE,SEA,SF,0,0.08253968253968255
2025,1,00-0038496,Xavier Gipson,WR,WR_TE,NYJ,PIT,0,0.08253968253968255
2025,1,00-0036628,John Bates,TE,WR_TE,WAS,NYG,0,0.08253968253968255
2025,1,00-0038394,Will Mallory,TE,WR_TE,IND,MIA,0,0.08253968253968255
2025,1,00-0038558,Darnell Washington,TE,WR_TE,PIT,NYJ,0,0.08253968253968255
2025,1,00-0036862,Ben Skowronek,WR,WR_TE,PIT,NYJ,0,0.08253968253968255
2025,1,00-0039737,Tip Reiman,TE,WR_TE,ARI,NO,0,0.08253968253968255
2025,1,00-0039521,Xavier Weaver,WR,WR_TE,ARI,NO,0,0.08253968253968255
2025,1,00-0039041,Elijah Higgins,TE,WR_TE,ARI,NO,0,0.08253968253968255
2025,1,00-0039394,Casey Washington,WR,WR_TE,ATL,TB,0,0.08253968253968255
2025,1,00-0037004,Hunter Long,TE,WR_TE,LAR,HOU,0,0.08253968253968255
2025,1,00-0036630,Tylan Wallace,WR,WR_TE,BAL,BUF,0,0.08253968253968255
2025,1,00-0036590,Quintin Morris,TE,WR_TE,BUF,BAL,0,0.08253968253968255
2025,1,00-0034487,Trent Sherfield,WR,WR_TE,MIN,CHI,0,0.08253968253968255
2025,1,00-0033943,Josh Reynolds,WR,WR_TE,JAX,CAR,0,0.08253968253968255
2025,1,00-0038710,Blake Whiteheart,TE,WR_TE,CLE,CIN,0,0.08253968253968255
2025,1,00-0036497,Tim Jones,WR,WR_TE,JAX,CAR,0,0.08253968253968255
2025,1,00-0037282,James Mitchell,TE,WR_TE,DET,GB,0,0.08253968253968255
2025,1,00-0033576,Eric Saubert,TE,WR_TE,SF,SEA,0,0.08253968253968255
2025,1,00-0036841,Austin Trammell,WR,WR_TE,JAX,CAR,0,0.08253968253968255
2025,1,00-0033246,Johnny Mundt,TE,WR_TE,MIN,CHI,0,0.08253968253968255
2025,1,00-0034419,Braxton Berrios,WR,WR_TE,MIA,IND,0,0.08253968253968255
2025,1,00-0034798,Durham Smythe,TE,WR_TE,MIA,IND,0,0.08253968253968255
2025,1,00-0039379,Jamari Thrash,WR,WR_TE,CLE,CIN,0,0.08253968253968255
2025,1,00-0036919,Kenneth Gainwell,RB,RB,PHI,DAL,0,0.07482993197278912
2025,1,00-0038705,Emari Demercado,RB,RB,ARI,NO,0,0.07482993197278912
2025,1,00-0033854,Dare Ogunbowale,RB,RB,HOU,LAR,0,0.07482993197278912
2025,1,00-0035567,Craig Reynolds,RB,RB,DET,GB,0,0.07482993197278912
2025,1,00-0037617,Hassan Haskins,RB,RB,LAC,KC,0,0.07482993197278912
2025,1,00-0035243,Miles Sanders,RB,RB,CAR,JAX,0,0.07482993197278912
2025,1,00-0037594,Julius Chestnut,RB,RB,TEN,DEN,0,0.07482993197278912
2025,1,00-0038454,Keaton Mitchell,RB,RB,BAL,BUF,0,0.07482993197278912
2025,1,00-0033662,Cooper Rush,QB,QB,DAL,PHI,0,0.06572769953051644
2025,1,00-0033106,Jared Goff,QB,QB,DET,GB,0,0.06572769953051644
2025,1,00-0036442,Joe Burrow,QB,QB,CIN,CLE,0,0.06572769953051644
2025,1,00-0026498,Matthew Stafford,QB,QB,LAR,HOU,0,0.06572769953051644
2025,1,00-0036355,Justin Herbert,QB,QB,LAC,KC,0,0.06572769953051644
2025,1,00-0030565,Geno Smith,QB,QB,SEA,SF,0,0.06572769953051644
2025,1,00-0023459,Aaron Rodgers,QB,QB,NYJ,PIT,0,0.06572769953051644
2025,1,00-0026158,Joe Flacco,QB,QB,IND,MIA,0,0.06572769953051644
2025,1,00-0039917,Michael Penix,QB,QB,ATL,TB,0,0.06572769953051644
2025,1,00-0034855,Baker Mayfield,QB,QB,TB,ATL,0,0.06572769953051644
2025,1,00-0036264,Jordan Love,QB,QB,GB,DET,0,0.06572769953051644
2025,1,00-0039890,Adonai Mitchell,WR,WR_TE,IND,MIA,0,0.05714285714285714
2025,1,00-0039792,Devontez Walker,WR,WR_TE,BAL,BUF,0,0.05714285714285714
2025,1,00-0036212,Tua Tagovailoa,QB,QB,MIA,IND,0,0.0
