player_name,team,opponent_team,position,predicted_touchdown_probability,price,market_implied_prob,model_edge
Jahmyr Gibbs,DET,GB,RB,0.5311459805462678,-160.0,0.6153846153846154,-0.08423863483834759
Bucky Irving,TB,ATL,RB,0.5283659686690392,-170.0,0.6296296296296297,-0.10126366096059047
Bijan Robinson,ATL,TB,RB,0.5119854660568035,-180.0,0.6428571428571429,-0.1308716768003394
James Cook,BUF,BAL,RB,0.510914823656702,-115.0,0.5348837209302325,-0.023968897273530465
Josh Jacobs,GB,DET,RB,0.5102144068718857,-180.0,0.6428571428571429,-0.13264273598525722
Saquon Barkley,PHI,DAL,RB,0.5087893823863232,-190.0,0.6551724137931034,-0.14638303140678022
Derrick Henry,BAL,BUF,RB,0.5069610280577057,-195.0,0.6610169491525424,-0.15405592109483668
Rachaad White,TB,ATL,RB,0.5022150825201767,230.0,0.30303030303030304,0.19918477948987362
Chase Brown,CIN,CLE,RB,0.49252297991681854,-135.0,0.574468085106383,-0.0819451051895645
David Montgomery,DET,GB,RB,0.46703938413568846,125.0,0.4444444444444444,0.022594939691244043
James Conner,ARI,NO,RB,0.4665540643498259,-130.0,0.5652173913043478,-0.0986633269545219
Jonathan Taylor,IND,MIA,RB,0.46471371769647996,-145.0,0.5918367346938775,-0.1271230169973976
Kyren Williams,LA,HOU,RB,0.46240743261584194,-175.0,0.6363636363636364,-0.1739562037477944
Devon Achane,MIA,IND,RB,0.45946028943644635,-135.0,0.574468085106383,-0.11500779566993669
Aaron Jones,MIN,CHI,RB,0.45731734671815943,145.0,0.40816326530612246,0.049154081412036976
Alvin Kamara,NO,ARI,RB,0.45124059253686605,100.0,0.5,-0.04875940746313395
J.K. Dobbins,DEN,TEN,RB,0.4509844959385211,150.0,0.4,0.05098449593852106
Tee Higgins,CIN,CLE,WR,0.4508512205547754,125.0,0.4444444444444444,0.0064067761103309695
Jayden Daniels,WAS,NYG,QB,0.439308613797242,125.0,0.4444444444444444,-0.005135830647202411
Chuba Hubbard,CAR,JAX,RB,0.438337150966458,-105.0,0.5121951219512195,-0.07385797098476155
Travis Etienne,JAX,CAR,RB,0.4364668699966351,185.0,0.3508771929824561,0.08558967701417897
Amon-Ra St. Brown,DET,GB,WR,0.4354314059446787,120.0,0.45454545454545453,-0.019114048600775813
Ja'Marr Chase,CIN,CLE,WR,0.43515464949198224,-125.0,0.5555555555555556,-0.12040090606357334
A.J. Brown,PHI,DAL,WR,0.43433332471421754,135.0,0.425531914893617,0.008801409820600514
Mike Evans,TB,ATL,WR,0.4317648820679641,110.0,0.47619047619047616,-0.04442559412251207
Rico Dowdle,CAR,JAX,RB,0.4279553936870954,360.0,0.21739130434782608,0.21056408933926932
Jalen Hurts,PHI,DAL,QB,0.4235094974831962,-125.0,0.5555555555555556,-0.13204605807235936
D'Andre Swift,CHI,MIN,RB,0.42005682209793777,120.0,0.45454545454545453,-0.034488632447516765
Tank Bigsby,JAX,CAR,RB,0.41715081489608397,180.0,0.35714285714285715,0.060007957753226815
Rhamondre Stevenson,NE,LV,RB,0.4171034000387171,145.0,0.40816326530612246,0.00894013473259464
Christian McCaffrey,SF,SEA,RB,0.41350289263030404,-180.0,0.6428571428571429,-0.22935425022683886
Tony Pollard,TEN,DEN,RB,0.41294762115320705,190.0,0.3448275862068966,0.06812003494631047
DeVonta Smith,PHI,DAL,WR,0.4069211958751732,170.0,0.37037037037037035,0.036550825504802875
Isaac Guerendo,SF,SEA,RB,0.4047889239078574,340.0,0.22727272727272727,0.17751619663513016
Jerome Ford,CLE,CIN,RB,0.4029291586275891,260.0,0.2777777777777778,0.1251513808498113
Brian Thomas,JAX,CAR,WR,0.40170250171440686,115.0,0.46511627906976744,-0.06341377735536058
Chris Godwin,TB,ATL,WR,0.4007751367012902,185.0,0.3508771929824561,0.049897943718834104
Davante Adams,LA,HOU,WR,0.39828918146323605,135.0,0.425531914893617,-0.027242733430380972
Jalen McMillan,TB,ATL,WR,0.3963593335442281,265.0,0.273972602739726,0.12238673080450208
Breece Hall,NYJ,PIT,RB,0.39215700915101037,130.0,0.43478260869565216,-0.04262559954464179
Brian Robinson,WAS,NYG,RB,0.392094161608461,105.0,0.4878048780487805,-0.09571071644031948
Rashee Rice,KC,LAC,WR,0.3890973758619944,165.0,0.37735849056603776,0.011738885295956625
Drake London,ATL,TB,WR,0.3857063503859494,115.0,0.46511627906976744,-0.07940992868381802
Josh Allen,BUF,BAL,QB,0.38185741548997054,-115.0,0.5348837209302325,-0.15302630544026197
Nick Chubb,HOU,LA,RB,0.3810113266662052,285.0,0.2597402597402597,0.12127106692594547
Justin Jefferson,MIN,CHI,WR,0.3809977476351901,120.0,0.45454545454545453,-0.07354770691026441
Adam Thielen,CAR,JAX,WR,0.38095743249449693,320.0,0.23809523809523808,0.14286219439925885
A.J. Dillon,PHI,DAL,RB,0.3778484077121874,500.0,0.16666666666666666,0.21118174104552076
Kareem Hunt,KC,LAC,RB,0.3738389771294068,265.0,0.273972602739726,0.09986637438968077
Courtland Sutton,DEN,TEN,WR,0.3733579907582168,145.0,0.40816326530612246,-0.03480527454790566
Tyrone Tracy,NYG,WAS,RB,0.3696593049832924,190.0,0.3448275862068966,0.02483171877639584
Terry McLaurin,WAS,NYG,WR,0.3646545913235562,130.0,0.43478260869565216,-0.07012801737209595
Joe Mixon,HOU,LA,RB,0.36175915974917144,105.0,0.4878048780487805,-0.12604571829960903
Jameson Williams,DET,GB,WR,0.35396021732662325,185.0,0.3508771929824561,0.003083024344167129
Najee Harris,LAC,KC,RB,0.35279485737267163,170.0,0.37037037037037035,-0.017575512997698717
Xavier Worthy,KC,LAC,WR,0.3523284914682015,190.0,0.3448275862068966,0.007500905261304924
Marvin Mims,DEN,TEN,WR,0.3518317778815135,250.0,0.2857142857142857,0.06611749216722779
Puka Nacua,LA,HOU,WR,0.3515531614883342,130.0,0.43478260869565216,-0.08322944720731795
Malik Nabers,NYG,WAS,WR,0.3489832209459944,135.0,0.425531914893617,-0.07654869394762265
Khalil Shakir,BUF,BAL,WR,0.3448714782769508,180.0,0.35714285714285715,-0.012271378865906346
Trey McBride,ARI,NO,TE,0.34422296959828413,190.0,0.3448275862068966,-0.0006046166086124405
Jaxon Smith-Njigba,SEA,SF,WR,0.34265880662504106,180.0,0.35714285714285715,-0.014484050517816094
Tyreek Hill,MIA,IND,WR,0.3423505189051836,135.0,0.425531914893617,-0.08318139598843344
Jaleel McLaughlin,DEN,TEN,RB,0.34131657826020145,500.0,0.16666666666666666,0.1746499115935348
Jordan Addison,MIN,CHI,WR,0.3412316885588021,190.0,0.3448275862068966,-0.0035958976480944815
D.J. Moore,CHI,MIN,WR,0.3392965256768774,185.0,0.3508771929824561,-0.011580667305578718
Olamide Zaccheaus,CHI,MIN,WR,0.33908319667349135,500.0,0.16666666666666666,0.1724165300068247
Rashid Shaheed,NO,ARI,WR,0.3360645732253849,330.0,0.23255813953488372,0.10350643369050119
Kenneth Walker,SEA,SF,RB,0.335545394778119,-120.0,0.5454545454545454,-0.2099091506764264
Zay Flowers,BAL,BUF,WR,0.333595373402045,190.0,0.3448275862068966,-0.011232212804851593
Dallas Goedert,PHI,DAL,TE,0.33317473258642194,230.0,0.30303030303030304,0.0301444295561189
Jonnu Smith,PIT,NYJ,TE,0.33197229574118964,300.0,0.25,0.08197229574118964
Nico Collins,HOU,LA,WR,0.33107087521141576,125.0,0.4444444444444444,-0.11337356923302866
CeeDee Lamb,DAL,PHI,WR,0.329748551008496,150.0,0.4,-0.07025144899150404
Brandon Aiyuk,SF,SEA,WR,0.32841325897410995,210.0,0.3225806451612903,0.005832613812819631
Marvin Harrison,ARI,NO,WR,0.32608249628761404,125.0,0.4444444444444444,-0.11836194815683038
Michael Pittman,IND,MIA,WR,0.3239230492698695,175.0,0.36363636363636365,-0.03971331436649417
Isiah Pacheco,KC,LAC,RB,0.3225586615867827,155.0,0.39215686274509803,-0.06959820115831533
Stefon Diggs,NE,LV,WR,0.3176678393218806,190.0,0.3448275862068966,-0.02715974688501599
Quentin Johnston,LAC,KC,WR,0.3176011508694474,350.0,0.2222222222222222,0.09537892864722519
Jerry Jeudy,CLE,CIN,WR,0.31672596032341804,205.0,0.32786885245901637,-0.011142892135598326
Garrett Wilson,NYJ,PIT,WR,0.3138612344948233,195.0,0.3389830508474576,-0.02512181635263433
Sam LaPorta,DET,GB,TE,0.3137717301696225,185.0,0.3508771929824561,-0.03710546281283361
Antonio Gibson,NE,LV,RB,0.313186993150649,900.0,0.1,0.213186993150649
Wan'Dale Robinson,NYG,WAS,WR,0.31216428487419834,350.0,0.2222222222222222,0.08994206265197613
Jaylen Warren,PIT,NYJ,RB,0.3108038861944785,180.0,0.35714285714285715,-0.04633897094837863
Mark Andrews,BAL,BUF,TE,0.3102177949901745,200.0,0.3333333333333333,-0.023115538343158826
George Kittle,SF,SEA,TE,0.30743598671982975,155.0,0.39215686274509803,-0.08472087602526829
Jakobi Meyers,LV,NE,WR,0.30522184422330784,240.0,0.29411764705882354,0.011104197164484297
Parker Washington,JAX,CAR,WR,0.2979890557424788,450.0,0.18181818181818182,0.11617087392429698
Ladd McConkey,LAC,KC,WR,0.2948916727565457,165.0,0.37735849056603776,-0.08246681780949205
Keaton Mitchell,BAL,BUF,RB,0.2928905620779497,650.0,0.13333333333333333,0.1595572287446164
Pat Freiermuth,PIT,NYJ,TE,0.2921422426390788,340.0,0.22727272727272727,0.06486951536635152
Zach Ertz,WAS,NYG,TE,0.29171224341513613,200.0,0.3333333333333333,-0.041621089918197185
Romeo Doubs,GB,DET,WR,0.2857509458140439,230.0,0.30303030303030304,-0.017279357216259117
Ricky Pearsall,SF,SEA,WR,0.2848167849773189,205.0,0.32786885245901637,-0.04305206748169749
Brandin Cooks,NO,ARI,WR,0.284803270365741,400.0,0.2,0.08480327036574098
Jaylen Waddle,MIA,IND,WR,0.2846721480808257,195.0,0.3389830508474576,-0.05431090276663192
George Pickens,DAL,PHI,WR,0.27827654529342966,265.0,0.273972602739726,0.0043039425537036435
Zach Charbonnet,SEA,SF,RB,0.27713965519177614,265.0,0.273972602739726,0.003167052452050123
Michael Carter,ARI,NO,RB,0.2764242944143171,1500.0,0.0625,0.2139242944143171
Christian Kirk,HOU,LA,WR,0.27637085626016233,285.0,0.2597402597402597,0.01663059651990262
Jayden Reed,GB,DET,WR,0.2745996696363651,190.0,0.3448275862068966,-0.07022791657053146
Kendre Miller,NO,ARI,RB,0.2745205162381182,700.0,0.125,0.14952051623811818
Keon Coleman,BUF,BAL,WR,0.27434385355844493,175.0,0.36363636363636365,-0.08929251007791872
Deebo Samuel,WAS,NYG,WR,0.2731027642203659,130.0,0.43478260869565216,-0.16167984447528627
DeAndre Hopkins,BAL,BUF,WR,0.27281288835217765,330.0,0.23255813953488372,0.040254748817293934
Calvin Ridley,TEN,DEN,WR,0.27055518432637454,235.0,0.29850746268656714,-0.027952278360192595
Chris Olave,NO,ARI,WR,0.2693160526173988,180.0,0.35714285714285715,-0.08782680452545832
Brock Bowers,LV,NE,TE,0.2690132092190612,185.0,0.3508771929824561,-0.08186398376339493
Evan Engram,DEN,TEN,TE,0.2681183238167446,250.0,0.2857142857142857,-0.01759596189754109
Jalen Coker,CAR,JAX,WR,0.2678456777456181,450.0,0.18181818181818182,0.0860274959274363
Rome Odunze,CHI,MIN,WR,0.26071650567309407,205.0,0.32786885245901637,-0.0671523467859223
Brandon Johnson,PIT,NYJ,WR,0.2602199989046264,1600.0,0.058823529411764705,0.20139646949286166
Alexander Mattison,MIA,IND,RB,0.2601405527249727,850.0,0.10526315789473684,0.15487739483023588
Jauan Jennings,SF,SEA,WR,0.25924538626958654,210.0,0.3225806451612903,-0.06333525889170377
Darnell Mooney,ATL,TB,WR,0.2586344228820082,230.0,0.30303030303030304,-0.04439588014829482
Rashod Bateman,BAL,BUF,WR,0.2577999555316216,195.0,0.3389830508474576,-0.081183095315836
Cedric Tillman,CLE,CIN,WR,0.25642978300143493,300.0,0.25,0.00642978300143493
Alec Pierce,IND,MIA,WR,0.2557091610985165,295.0,0.25316455696202533,0.0025446041364911576
Travis Kelce,KC,LAC,TE,0.25464293962820833,195.0,0.3389830508474576,-0.08434011121924928
Audric Estime,DEN,TEN,RB,0.2539759994253331,600.0,0.14285714285714285,0.11111885656819026
Emanuel Wilson,GB,DET,RB,0.2533112527030807,1100.0,0.08333333333333333,0.16997791936974738
Hunter Henry,NE,LV,TE,0.25258254081187403,300.0,0.25,0.0025825408118740345
Austin Ekeler,WAS,NYG,RB,0.2481028794012876,250.0,0.2857142857142857,-0.037611406312998086
Noah Fant,SEA,SF,TE,0.24738347954607293,475.0,0.17391304347826086,0.07347043606781206
Marquise Brown,KC,LAC,WR,0.245769294446755,255.0,0.28169014084507044,-0.03592084639831544
Dalton Kincaid,BUF,BAL,TE,0.24281575703051875,210.0,0.3225806451612903,-0.07976488813077157
David Njoku,CLE,CIN,TE,0.24031697667506036,190.0,0.3448275862068966,-0.10451060953183622
Cade Otton,TB,ATL,TE,0.23937441774910934,265.0,0.273972602739726,-0.034598184990616676
Josh Downs,IND,MIA,WR,0.23832522153770833,235.0,0.29850746268656714,-0.06018224114885881
Calvin Austin,PIT,NYJ,WR,0.2380658758694047,400.0,0.2,0.038065875869404686
Tyler Conklin,LAC,KC,TE,0.23313352273566693,475.0,0.17391304347826086,0.05922047925740606
Kayshon Boutte,NE,LV,WR,0.2318257283231874,650.0,0.13333333333333333,0.09849239498985407
John Metchie,HOU,LA,WR,0.22946102910798552,1100.0,0.08333333333333333,0.14612769577465218
D.J. Montgomery,IND,MIA,WR,0.22826361734579634,1300.0,0.07142857142857142,0.1568350459172249
Demario Douglas,NE,LV,WR,0.2270086215415986,300.0,0.25,-0.022991378458401407
Mike Gesicki,CIN,CLE,TE,0.22597768950740757,400.0,0.2,0.02597768950740756
Chigoziem Okonkwo,TEN,DEN,TE,0.22557345323358244,450.0,0.18181818181818182,0.043755271415400615
Darren Waller,MIA,IND,TE,0.22500327643010765,265.0,0.273972602739726,-0.048969326309618366
Elijah Mitchell,KC,LAC,RB,0.22481455742753115,370.0,0.2127659574468085,0.012048599980722635
Sincere McCormick,LV,NE,RB,0.22387671476997106,1000.0,0.09090909090909091,0.13296762386088015
Malik Washington,MIA,IND,WR,0.22110080418910152,650.0,0.13333333333333333,0.08776747085576819
Dontayvion Wicks,GB,DET,WR,0.22049479645671713,360.0,0.21739130434782608,0.0031034921088910483
Sean Tucker,TB,ATL,RB,0.21849756221401695,700.0,0.125,0.09349756221401695
Dante Pettis,NO,ARI,WR,0.21785770355183048,1900.0,0.05,0.1678577035518305
DK Metcalf,PIT,NYJ,WR,0.2171137812284172,195.0,0.3389830508474576,-0.1218692696190404
Tyjae Spears,TEN,DEN,RB,0.21667325228894113,350.0,0.2222222222222222,-0.005548969933281078
Tyler Allgeier,ATL,TB,RB,0.21032986648498667,265.0,0.273972602739726,-0.06364273625473935
Daniel Jones,IND,MIA,QB,0.20959983177735483,275.0,0.26666666666666666,-0.05706683488931183
Ray Davis,BUF,BAL,RB,0.20729734208637354,320.0,0.23809523809523808,-0.03079789600886454
Cooper Kupp,SEA,SF,WR,0.20673882608959127,210.0,0.3225806451612903,-0.11584181907169905
Kyler Murray,ARI,NO,QB,0.20625876507901442,225.0,0.3076923076923077,-0.10143354261329329
Dalton Schultz,HOU,LA,TE,0.20574545539570457,260.0,0.2777777777777778,-0.07203232238207322
Zack Moss,CIN,CLE,RB,0.20507654058319605,275.0,0.26666666666666666,-0.061590126083470614
T.J. Hockenson,MIN,CHI,TE,0.200560545057097,265.0,0.273972602739726,-0.07341205768262901
Devin Culp,TB,ATL,TE,0.1978646219248042,1800.0,0.05263157894736842,0.14523304297743578
Lamar Jackson,BAL,BUF,QB,0.19750768306408956,165.0,0.37735849056603776,-0.1798508075019482
Jaret Patterson,LAC,KC,RB,0.19700745611202503,1100.0,0.08333333333333333,0.1136741227786917
Foster Moreau,NO,ARI,TE,0.19607873224397068,1300.0,0.07142857142857142,0.12465016081539926
Theo Johnson,NYG,WAS,TE,0.1958512660518919,550.0,0.15384615384615385,0.04200511220573805
Kyle Pitts,ATL,TB,TE,0.1944574578372142,260.0,0.2777777777777778,-0.0833203199405636
Jordan Whittington,LA,HOU,WR,0.19330920630898657,475.0,0.17391304347826086,0.019396162830725705
Juwan Johnson,NO,ARI,TE,0.19226015250162812,330.0,0.23255813953488372,-0.0402979870332556
Andrei Iosivas,CIN,CLE,WR,0.19117810206395744,350.0,0.2222222222222222,-0.03104412015826477
Austin Hooper,NE,LV,TE,0.19052549707051106,600.0,0.14285714285714285,0.04766835421336821
Marquez Valdes-Scantling,SEA,SF,WR,0.19022807775860118,400.0,0.2,-0.009771922241398834
Xavier Legette,CAR,JAX,WR,0.18971040248167198,310.0,0.24390243902439024,-0.05419203654271826
Bryce Young,CAR,JAX,QB,0.18965002565905154,400.0,0.2,-0.010349974340948476
Tyler Higbee,LA,HOU,TE,0.18490195841216034,310.0,0.24390243902439024,-0.0590004806122299
Elijah Moore,BUF,BAL,WR,0.18434372317548853,475.0,0.17391304347826086,0.010430679697227663
Bub Means,NO,ARI,WR,0.183636074941483,1000.0,0.09090909090909091,0.0927269840323921
Nick Westbrook-Ikhine,MIA,IND,WR,0.18313144445859278,450.0,0.18181818181818182,0.001313262640410956
Jamal Agnew,ATL,TB,WR,0.18196715315369508,1000.0,0.09090909090909091,0.09105806224460417
Ty Johnson,BUF,BAL,RB,0.18189496411814907,600.0,0.14285714285714285,0.03903782126100622
Dyami Brown,JAX,CAR,WR,0.18133883168180137,360.0,0.21739130434782608,-0.03605247266602471
Justice Hill,BAL,BUF,RB,0.18126303911223068,550.0,0.15384615384615385,0.02741688526607683
Simi Fehoko,ARI,NO,WR,0.1807183594076829,1100.0,0.08333333333333333,0.09738502607434958
Tucker Kraft,GB,DET,TE,0.17966542697420718,200.0,0.3333333333333333,-0.15366790635912614
Patrick Taylor,SF,SEA,RB,0.17718403856549425,1300.0,0.07142857142857142,0.10575546713692283
Tyler Scott,CHI,MIN,WR,0.1765348252366886,1100.0,0.08333333333333333,0.09320149190335526
Brenton Strange,JAX,CAR,TE,0.17629413201683725,290.0,0.2564102564102564,-0.08011612439341914
Raheem Mostert,LV,NE,RB,0.17074727213278065,425.0,0.19047619047619047,-0.019728918343409813
Stone Smartt,NYJ,PIT,TE,0.16971096159576124,2000.0,0.047619047619047616,0.12209191397671362
Jake Ferguson,DAL,PHI,TE,0.16835618170056382,360.0,0.21739130434782608,-0.04903512264726226
Chris Rodriguez,WAS,NYG,RB,0.16809992032248847,800.0,0.1111111111111111,0.05698880921137736
Javonte Williams,DAL,PHI,RB,0.16785897585206772,265.0,0.273972602739726,-0.1061136268876583
Jeremy McNichols,WAS,NYG,RB,0.1657287590926786,700.0,0.125,0.04072875909267859
Tre Tucker,LV,NE,WR,0.1647362603076147,650.0,0.13333333333333333,0.031402926974281375
Payne Durham,TB,ATL,TE,0.16460119875566623,1000.0,0.09090909090909091,0.07369210784657532
Mason Tipton,NO,ARI,WR,0.16299326376319415,1900.0,0.05,0.11299326376319414
Roschon Johnson,CHI,MIN,RB,0.16277419008053584,185.0,0.3508771929824561,-0.18810300290192028
Kylen Granson,PHI,DAL,TE,0.1627724142678179,800.0,0.1111111111111111,0.051661303156706806
Chris Moore,WAS,NYG,WR,0.1601626033105946,900.0,0.1,0.06016260331059459
Tim Patrick,DET,GB,WR,0.15897087854995975,500.0,0.16666666666666666,-0.007695788116706903
Darrynton Evans,BUF,BAL,RB,0.15745076163736296,1400.0,0.06666666666666667,0.0907840949706963
Sterling Shepard,TB,ATL,WR,0.15723587458589006,900.0,0.1,0.05723587458589005
Kimani Vidal,LAC,KC,RB,0.15685929393819803,650.0,0.13333333333333333,0.0235259606048647
Isaiah Davis,NYJ,PIT,RB,0.15553558243134033,1400.0,0.06666666666666667,0.08886891576467366
Salvon Ahmed,IND,MIA,RB,0.15331600050559946,1700.0,0.05555555555555555,0.0977604449500439
Tyler Badie,DEN,TEN,RB,0.15077325634436245,1400.0,0.06666666666666667,0.08410658967769578
Rasheen Ali,BAL,BUF,RB,0.14921479892259532,1900.0,0.05,0.09921479892259531
Jalen Tolbert,DAL,PHI,WR,0.14853405393211935,425.0,0.19047619047619047,-0.04194213654407111
Devaughn Vele,DEN,TEN,WR,0.14776562035138777,370.0,0.2127659574468085,-0.06500033709542075
Ryan Miller,TB,ATL,WR,0.1472164682861821,1300.0,0.07142857142857142,0.07578789685761067
Russell Wilson,NYG,WAS,QB,0.14504501674045722,500.0,0.16666666666666666,-0.021621649926209435
David Moore,CAR,JAX,WR,0.1449426113182246,1400.0,0.06666666666666667,0.07827594465155795
Isaiah Likely,BAL,BUF,TE,0.14424916806487903,200.0,0.3333333333333333,-0.18908416526845429
Britain Covey,LA,HOU,WR,0.1439883594023476,1100.0,0.08333333333333333,0.06065502606901428
Jacob Cowing,SF,SEA,WR,0.1438653298566539,1000.0,0.09090909090909091,0.05295623894756299
Michael Wilson,ARI,NO,WR,0.14306485085306245,320.0,0.23809523809523808,-0.09503038724217563
Hunter Renfrow,CAR,JAX,WR,0.1427883317906411,1500.0,0.0625,0.0802883317906411
Malik Heath,GB,DET,WR,0.1421368235683767,1400.0,0.06666666666666667,0.07547015690171004
Ben Sinnott,WAS,NYG,TE,0.14172061203797734,500.0,0.16666666666666666,-0.024946054628689318
Elijah Cooks,PHI,DAL,WR,0.14039635679728066,750.0,0.11764705882352941,0.022749297973751248
Brock Wright,DET,GB,TE,0.14013902009715323,650.0,0.13333333333333333,0.0068056867638199015
Kendrick Bourne,NE,LV,WR,0.13972341668195976,650.0,0.13333333333333333,0.006390083348626424
Isaiah Hodgins,SF,SEA,WR,0.13926988880300228,1400.0,0.06666666666666667,0.07260322213633562
Bo Nix,DEN,TEN,QB,0.13918380812698766,310.0,0.24390243902439024,-0.10471863089740258
Cole Kmet,CHI,MIN,TE,0.13880121053849612,310.0,0.24390243902439024,-0.10510122848589412
Troy Franklin,DEN,TEN,WR,0.13843955313504455,400.0,0.2,-0.06156044686495546
Allen Lazard,NYJ,PIT,WR,0.13746763809579304,500.0,0.16666666666666666,-0.029199028570873614
Mecole Hardman,GB,DET,WR,0.13714563132716742,1100.0,0.08333333333333333,0.05381229799383409
Greg Dortch,ARI,NO,WR,0.1371050943731573,650.0,0.13333333333333333,0.003771761039823962
Nate Adkins,DEN,TEN,TE,0.13706360940667325,1100.0,0.08333333333333333,0.053730276073339925
Avery Williams,PHI,DAL,RB,0.13682403006749685,1500.0,0.0625,0.07432403006749685
Ainias Smith,PHI,DAL,WR,0.13677270226411548,900.0,0.1,0.03677270226411547
Grant Calcaterra,PHI,DAL,TE,0.13635299361843192,700.0,0.125,0.011352993618431922
Adonai Mitchell,IND,MIA,WR,0.13630555082100787,310.0,0.24390243902439024,-0.10759688820338237
Curtis Samuel,BUF,BAL,WR,0.13620868299870523,500.0,0.16666666666666666,-0.03045798366796143
Jermaine Burton,CIN,CLE,WR,0.1354463369711607,650.0,0.13333333333333333,0.0021130036378273764
Miles Sanders,DAL,PHI,RB,0.1350429866209103,390.0,0.20408163265306123,-0.06903864603215093
Ray-Ray McCloud,ATL,TB,WR,0.13482071345743932,350.0,0.2222222222222222,-0.08740150876478289
Will Shipley,PHI,DAL,RB,0.13470244690688035,550.0,0.15384615384615385,-0.019143706939273503
Mack Hollins,NE,LV,WR,0.1345227178222017,550.0,0.15384615384615385,-0.019323436023952145
K.J. Osborn,WAS,NYG,WR,0.13406368118966044,450.0,0.18181818181818182,-0.04775450062852138
Patrick Mahomes,KC,LAC,QB,0.13400210459748219,380.0,0.20833333333333334,-0.07433122873585116
Trevor Lawrence,JAX,CAR,QB,0.13384932544129605,425.0,0.19047619047619047,-0.05662686503489442
Kenneth Gainwell,PIT,NYJ,RB,0.13369676770304825,850.0,0.10526315789473684,0.028433609808311416
Ja'Lynn Polk,NE,LV,WR,0.13362271750805257,650.0,0.13333333333333333,0.0002893841747192427
Nick Muse,PHI,DAL,TE,0.1332732122329838,1400.0,0.06666666666666667,0.06660654556631714
Daniel Bellinger,NYG,WAS,TE,0.13254562771052827,1400.0,0.06666666666666667,0.06587896104386161
Shane Zylstra,DET,GB,TE,0.13250201438927653,2000.0,0.047619047619047616,0.08488296677022891
Jahan Dotson,PHI,DAL,WR,0.13222954553198787,400.0,0.2,-0.06777045446801214
Dawson Knox,BUF,BAL,TE,0.13087759646168012,330.0,0.23255813953488372,-0.1016805430732036
A.J. Barner,SEA,SF,TE,0.1307501507020258,850.0,0.10526315789473684,0.025486992807288972
Tommy Tremble,CAR,JAX,TE,0.13029408930411918,360.0,0.21739130434782608,-0.0870972150437069
Greg Dulcich,NYG,WAS,TE,0.12988589999522673,1600.0,0.058823529411764705,0.07106237058346203
Tanner Hudson,CIN,CLE,TE,0.12968183368023575,1100.0,0.08333333333333333,0.046348500346902424
Mo Alie-Cox,IND,MIA,TE,0.12964536726832698,700.0,0.125,0.004645367268326983
Derius Davis,LAC,KC,WR,0.12958237956940857,750.0,0.11764705882352941,0.011935320745879163
Lucas Krull,DEN,TEN,TE,0.1293253681821295,950.0,0.09523809523809523,0.03408727294403427
Jalen Nailor,MIN,CHI,WR,0.12839889645881256,390.0,0.20408163265306123,-0.07568273619424867
Samori Toure,CHI,MIN,WR,0.1282173545281307,1500.0,0.0625,0.06571735452813071
Ko Kieft,TB,ATL,TE,0.1281583907054686,1300.0,0.07142857142857142,0.056729819276897187
Laquon Treadwell,IND,MIA,WR,0.12815141316047124,1500.0,0.0625,0.06565141316047124
Rakim Jarrett,TB,ATL,WR,0.12796879684517556,1200.0,0.07692307692307693,0.05104571992209864
Terrace Marshall,PHI,DAL,WR,0.12796405026888302,900.0,0.1,0.027964050268883017
Caleb Williams,CHI,MIN,QB,0.12766181061743503,360.0,0.21739130434782608,-0.08972949373039105
Devontez Walker,BAL,BUF,WR,0.1276490802707575,1000.0,0.09090909090909091,0.036739989361666586
Rondale Moore,MIN,CHI,WR,0.12752288882265014,900.0,0.1,0.027522888822650138
Trenton Irwin,JAX,CAR,WR,0.1269063173567421,1100.0,0.08333333333333333,0.04357298402340877
Johnny Wilson,PHI,DAL,WR,0.1264631136439442,750.0,0.11764705882352941,0.008816054820414782
Ben Sims,GB,DET,TE,0.12623099520292444,1400.0,0.06666666666666667,0.059564328536257774
KhaDarel Hodge,ATL,TB,WR,0.12603218438569266,1000.0,0.09090909090909091,0.03512309347660175
Ross Dwelley,SF,SEA,TE,0.12603171902015664,1400.0,0.06666666666666667,0.059365052353489975
Jordan Mason,MIN,CHI,RB,0.1256260328012402,150.0,0.4,-0.27437396719875984
Adam Trautman,DEN,TEN,TE,0.12551236623140352,900.0,0.1,0.025512366231403516
Noah Gray,KC,LAC,TE,0.12504996438677823,400.0,0.2,-0.07495003561322178
Mike Strachan,WAS,NYG,WR,0.12484066972207516,1100.0,0.08333333333333333,0.041507336388741836
Laviska Shenault,BUF,BAL,WR,0.12476262321504018,1000.0,0.09090909090909091,0.03385353230594927
Tyrell Shavers,BUF,BAL,WR,0.12467112208302585,1100.0,0.08333333333333333,0.04133778874969252
Charlie Kolar,BAL,BUF,TE,0.12445081576709316,1000.0,0.09090909090909091,0.03354172485800225
Tyler Goodson,IND,MIA,RB,0.12444640370161429,1000.0,0.09090909090909091,0.03353731279252338
Johnny Mundt,JAX,CAR,TE,0.12416460967548755,600.0,0.14285714285714285,-0.0186925331816553
Robert Woods,PIT,NYJ,WR,0.12358333891204601,650.0,0.13333333333333333,-0.009749994421287322
Kavontae Turpin,DAL,PHI,WR,0.12347096082911313,950.0,0.09523809523809523,0.028232865591017897
MarShawn Lloyd,GB,DET,RB,0.12247053883507582,425.0,0.19047619047619047,-0.06800565164111465
Jacory Croskey-Merritt,WAS,NYG,RB,0.12242172075348878,950.0,0.09523809523809523,0.02718362551539355
Jaylin Lane,WAS,NYG,WR,0.12242172075348878,295.0,0.25316455696202533,-0.13074283620853655
Justyn Ross,KC,LAC,WR,0.12202188723804748,1000.0,0.09090909090909091,0.03111279632895657
Austin Trammell,JAX,CAR,WR,0.12195790726137737,1300.0,0.07142857142857142,0.050529335832805944
Drake Maye,NE,LV,QB,0.12188351613532973,370.0,0.2127659574468085,-0.09088244131147878
Jordan Love,GB,DET,QB,0.1218580972824496,550.0,0.15384615384615385,-0.03198805656370425
Trent Sherfield,DEN,TEN,WR,0.12182870104316049,900.0,0.1,0.02182870104316048
Cam Akers,NO,ARI,RB,0.12167764498054078,1100.0,0.08333333333333333,0.038344311647207446
Connor Heyward,PIT,NYJ,TE,0.12164150527937656,2200.0,0.043478260869565216,0.07816324440981134
Hassan Haskins,LAC,KC,RB,0.12157684493916189,650.0,0.13333333333333333,-0.011756488394171441
Raheem Blackshear,CAR,JAX,RB,0.12140122917539968,1400.0,0.06666666666666667,0.054734562508733015
Luke Musgrave,GB,DET,TE,0.12105892917308794,750.0,0.11764705882352941,0.0034118703495585323
JuJu Smith-Schuster,KC,LAC,WR,0.12081134475575292,500.0,0.16666666666666666,-0.04585532191091374
Bo Melton,GB,DET,WR,0.12077476743637221,1100.0,0.08333333333333333,0.03744143410303888
Luke Schoonmaker,DAL,PHI,TE,0.12068793107245906,900.0,0.1,0.02068793107245906
Elijah Dotson,ATL,TB,RB,0.12067018608651903,1600.0,0.058823529411764705,0.06184665667475432
Ashton Dulin,IND,MIA,WR,0.12053450185913726,1000.0,0.09090909090909091,0.029625410950046352
John Bates,WAS,NYG,TE,0.12037066593931789,900.0,0.1,0.020370665939317883
Julius Chestnut,TEN,DEN,RB,0.12035842422100557,1900.0,0.05,0.07035842422100556
Charlie Jones,CIN,CLE,WR,0.12031825617768907,1200.0,0.07692307692307693,0.04339517925461214
Brevyn Spann-Ford,DAL,PHI,TE,0.1199284878754861,1600.0,0.058823529411764705,0.061104958463721396
Cade Stover,HOU,LA,TE,0.11992569598938425,500.0,0.16666666666666666,-0.046740970677282404
Joe Burrow,CIN,CLE,QB,0.11990517566943566,340.0,0.22727272727272727,-0.1073675516032916
Parris Campbell,DAL,PHI,WR,0.11989080342839953,1200.0,0.07692307692307693,0.0429677265053226
Nikko Remigio,KC,LAC,WR,0.11986603151908645,950.0,0.09523809523809523,0.02462793628099122
Devin Singletary,NYG,WAS,RB,0.11970811547574674,750.0,0.11764705882352941,0.0020610566522173274
Andre Baccellia,ARI,NO,WR,0.1196940323631612,1600.0,0.058823529411764705,0.060870502951396496
Khalil Herbert,IND,MIA,RB,0.11961400535506682,475.0,0.17391304347826086,-0.054299038123194046
Will Dissly,LAC,KC,TE,0.11942167210938204,400.0,0.2,-0.08057832789061797
DeAndre Carter,CLE,CIN,WR,0.1193998593668674,1100.0,0.08333333333333333,0.036066526033534066
Trey Benson,ARI,NO,RB,0.11921096236029653,310.0,0.24390243902439024,-0.1246914766640937
C.J. Stroud,HOU,LA,QB,0.11913052371915364,400.0,0.2,-0.08086947628084637
Lil'Jordan Humphrey,NYG,WAS,WR,0.11905037177756797,1600.0,0.058823529411764705,0.060226842365803265
Kameron Johnson,TB,ATL,WR,0.11901492274793098,1500.0,0.0625,0.056514922747930976
Teagan Quitoriano,ATL,TB,TE,0.11894712782521832,1300.0,0.07142857142857142,0.0475185563966469
Matthew Golden,GB,DET,WR,0.11893365192219142,230.0,0.30303030303030304,-0.18409665110811163
Savion Williams,GB,DET,WR,0.11893365192219142,700.0,0.125,-0.006066348077808578
Luke McCaffrey,WAS,NYG,WR,0.11890337976758279,500.0,0.16666666666666666,-0.047763286899083865
Davis Allen,LA,HOU,TE,0.11884431821766775,1300.0,0.07142857142857142,0.047415746789096325
Josh Whyle,TEN,DEN,TE,0.11881989897171154,1100.0,0.08333333333333333,0.03548656563837821
Tyler Warren,IND,MIA,TE,0.11844909715109206,225.0,0.3076923076923077,-0.18924321054121565
Trey Palmer,TB,ATL,WR,0.11831473791802628,900.0,0.1,0.018314737918026278
Elijah Higgins,ARI,NO,TE,0.1181916443320502,800.0,0.1111111111111111,0.0070805332209391
Baker Mayfield,TB,ATL,QB,0.11803543138788493,285.0,0.2597402597402597,-0.1417048283523748
Justin Fields,NYJ,PIT,QB,0.11798939350835948,195.0,0.3389830508474576,-0.22099365733909815
Brock Purdy,SF,SEA,QB,0.11783635609093723,425.0,0.19047619047619047,-0.07263983438525323
Chris Blair,ATL,TB,WR,0.11780786489379726,1300.0,0.07142857142857142,0.04637929346522583
Casey Washington,ATL,TB,WR,0.11767137677866968,1300.0,0.07142857142857142,0.046242805350098254
Sione Vaki,DET,GB,RB,0.11749776114840292,2200.0,0.043478260869565216,0.0740195002788377
Jared Wiley,KC,LAC,TE,0.11713132501618052,4000.0,0.024390243902439025,0.09274108111374149
Will Mallory,IND,MIA,TE,0.11705353638723907,1300.0,0.07142857142857142,0.04562496495866765
Jalen Brooks,DAL,PHI,WR,0.11704992381289062,850.0,0.10526315789473684,0.01178676591815378
Tylan Wallace,BAL,BUF,WR,0.11703046161163651,850.0,0.10526315789473684,0.011767303716899671
Justin Herbert,LAC,KC,QB,0.11667912423158433,425.0,0.19047619047619047,-0.07379706624460614
Craig Reynolds,DET,GB,RB,0.11645987166560519,1200.0,0.07692307692307693,0.03953679474252826
Isaac TeSlaa,DET,GB,WR,0.11645660350827584,750.0,0.11764705882352941,-0.0011904553152535663
Dominic Lovett,DET,GB,WR,0.11645660350827584,1700.0,0.05555555555555555,0.06090104795272029
Brayden Willis,SF,SEA,TE,0.11642898304538546,1400.0,0.06666666666666667,0.04976231637871879
Travis Homer,CHI,MIN,RB,0.11639570643986123,1200.0,0.07692307692307693,0.039472629516784305
Zamir White,LV,NE,RB,0.11634870817963396,1300.0,0.07142857142857142,0.04492013675106253
Scott Miller,PIT,NYJ,WR,0.11632933107213432,950.0,0.09523809523809523,0.021091235834039088
Tez Johnson,TB,ATL,WR,0.11611706975879368,1300.0,0.07142857142857142,0.04468849833022226
Emeka Egbuka,TB,ATL,WR,0.11611706975879368,240.0,0.29411764705882354,-0.17800057730002986
Jackson Hawes,BUF,BAL,TE,0.11607694784374964,1100.0,0.08333333333333333,0.03274361451041631
Kaden Prather,BUF,BAL,WR,0.11607694784374964,1100.0,0.08333333333333333,0.03274361451041631
Reggie Gilliam,BUF,BAL,RB,0.11607694784374964,1200.0,0.07692307692307693,0.03915387092067271
Colston Loveland,CHI,MIN,TE,0.11602435342617097,300.0,0.25,-0.13397564657382904
Kyle Monangai,CHI,MIN,RB,0.11602435342617097,550.0,0.15384615384615385,-0.037821800419982884
Josiah Deguara,ARI,NO,TE,0.11602266446114246,1700.0,0.05555555555555555,0.0604671089055869
Josh Oliver,MIN,CHI,TE,0.11601368725247622,1000.0,0.09090909090909091,0.025104596343385313
Pat Bryant,DEN,TEN,WR,0.11593965601972667,450.0,0.18181818181818182,-0.06587852579845516
Michael Burton,DEN,TEN,RB,0.11593965601972667,1400.0,0.06666666666666667,0.04927298935306
Dare Ogunbowale,HOU,LA,RB,0.1158908116798974,2000.0,0.047619047619047616,0.06827176406084978
Braelon Allen,NYJ,PIT,RB,0.11585173917484079,340.0,0.22727272727272727,-0.11142098809788648
Emari Demercado,ARI,NO,RB,0.11583261124426716,950.0,0.09523809523809523,0.02059451600617193
Durham Smythe,CHI,MIN,TE,0.11564051798569853,1500.0,0.0625,0.053140517985698535
Tim Jones,MIN,CHI,WR,0.11553715537607019,1700.0,0.05555555555555555,0.05998159982051464
Skyy Moore,KC,LAC,WR,0.11542905238161512,1400.0,0.06666666666666667,0.04876238571494845
Tyler Lockett,TEN,DEN,WR,0.11542561069222164,425.0,0.19047619047619047,-0.07505057978396883
Pharaoh Brown,MIA,IND,TE,0.11539019175010201,800.0,0.1111111111111111,0.004279080638990906
Dareke Young,SEA,SF,WR,0.11496910068786566,1200.0,0.07692307692307693,0.03804602376478873
Tejhaun Palmer,ARI,NO,WR,0.11489083622089481,1800.0,0.05263157894736842,0.062259257273526394
Tanner Conner,MIA,IND,WR,0.114863166976854,1000.0,0.09090909090909091,0.02395407606776309
Cam Grandy,CIN,CLE,TE,0.1146458235791017,1200.0,0.07692307692307693,0.03772274665602478
Quintin Morris,JAX,CAR,TE,0.11438051628923616,1000.0,0.09090909090909091,0.023471425380145253
Ty Chandler,MIN,CHI,RB,0.11436413125724015,850.0,0.10526315789473684,0.009100973362503317
Carlos Washington,ATL,TB,RB,0.114139109020189,1300.0,0.07142857142857142,0.04271053759161758
Darnell Washington,PIT,NYJ,TE,0.11394566063071125,1000.0,0.09090909090909091,0.02303656972162034
Justin Watson,HOU,LA,WR,0.1138665238396184,1600.0,0.058823529411764705,0.055042994427853695
Jonathan Mingo,DAL,PHI,WR,0.11381861738144514,900.0,0.1,0.01381861738144513
Kenny McIntosh,SEA,SF,RB,0.11354886988228019,750.0,0.11764705882352941,-0.00409818894124922
Charlie Woerner,ATL,TB,TE,0.11352111341152746,700.0,0.125,-0.011478886588472542
LaJohntay Wester,BAL,BUF,WR,0.11341088762402379,1100.0,0.08333333333333333,0.030077554290690464
Patrick Ricard,BAL,BUF,RB,0.11341088762402379,1200.0,0.07692307692307693,0.036487810700946866
Kyle Philips,LV,NE,WR,0.11329762590806666,1500.0,0.0625,0.05079762590806666
Dak Prescott,DAL,PHI,QB,0.11310119143547641,750.0,0.11764705882352941,-0.0045458673880530015
Alec Ingold,MIA,IND,RB,0.11289824274497401,1200.0,0.07692307692307693,0.03597516582189708
Zay Jones,ARI,NO,WR,0.11269795113726963,340.0,0.22727272727272727,-0.11457477613545763
Samaje Perine,CIN,CLE,RB,0.11267418561571535,950.0,0.09523809523809523,0.017436090377620117
Tip Reiman,ARI,NO,TE,0.11261654206348991,1300.0,0.07142857142857142,0.04118797063491848
Julian Hill,MIA,IND,TE,0.11257977266563994,750.0,0.11764705882352941,-0.00506728615788947
Diontae Johnson,CLE,CIN,WR,0.11257464252537286,425.0,0.19047619047619047,-0.0779015479508176
Ben Skowronek,PIT,NYJ,WR,0.11257005113383245,1200.0,0.07692307692307693,0.03564697421075552
Trishton Jackson,ARI,NO,WR,0.1124813340477969,1600.0,0.058823529411764705,0.05365780463603219
Clyde Edwards-Helaire,NO,ARI,RB,0.11244965049960699,1700.0,0.05555555555555555,0.05689409494405144
Dylan Sampson,CLE,CIN,RB,0.11241678095698408,255.0,0.28169014084507044,-0.16927335988808634
Harold Fannin,CLE,CIN,TE,0.11241678095698408,550.0,0.15384615384615385,-0.04142937288916977
Van Jefferson,TEN,DEN,WR,0.11241440178272377,850.0,0.10526315789473684,0.0071512438879869356
Feleipe Franks,ATL,TB,TE,0.11239693880489397,1800.0,0.05263157894736842,0.059765359857525555
Tai Felton,MIN,CHI,WR,0.11233103920995086,750.0,0.11764705882352941,-0.005316019613578554
Gavin Bartholomew,MIN,CHI,TE,0.11233103920995086,1500.0,0.0625,0.049831039209950856
J.J. McCarthy,MIN,CHI,QB,0.11233103920995086,400.0,0.2,-0.08766896079004916
Lucky Jackson,MIN,CHI,WR,0.11233103920995086,1700.0,0.05555555555555555,0.0567754836543953
C.J. Ham,MIN,CHI,RB,0.11233103920995086,1500.0,0.0625,0.049831039209950856
Jaylen Wright,MIA,IND,RB,0.11220415052635882,350.0,0.2222222222222222,-0.11001807169586339
Joshua Cephus,JAX,CAR,WR,0.11217968944452913,1300.0,0.07142857142857142,0.04075111801595771
LeQuint Allen,JAX,CAR,RB,0.11217968944452913,850.0,0.10526315789473684,0.0069165315497922986
Travis Hunter,JAX,CAR,WR,0.11217968944452913,155.0,0.39215686274509803,-0.2799771733005689
Bhayshul Tuten,JAX,CAR,RB,0.11217968944452913,205.0,0.32786885245901637,-0.21568916301448723
Drew Sample,CIN,CLE,TE,0.11215736025568111,1200.0,0.07692307692307693,0.035234283332604185
Donovan Peoples-Jones,NO,ARI,WR,0.11208670604505575,1800.0,0.05263157894736842,0.05945512709768733
Bryce Ford-Wheaton,NYG,WAS,WR,0.1120450902995879,2200.0,0.043478260869565216,0.06856682943002268
Cody White,SEA,SF,WR,0.11188536120359187,900.0,0.1,0.011885361203591863
Kevin Austin,NO,ARI,WR,0.11182472668815727,1700.0,0.05555555555555555,0.056269171132601714
Ricky White,SEA,SF,WR,0.11169639956962381,750.0,0.11764705882352941,-0.005950659253905602
Damien Martinez,SEA,SF,RB,0.11169639956962381,850.0,0.10526315789473684,0.006433241674886972
Robbie Ouzts,SEA,SF,RB,0.11169639956962381,1200.0,0.07692307692307693,0.03477332264654688
Tory Horton,SEA,SF,WR,0.11169639956962381,750.0,0.11764705882352941,-0.005950659253905602
Brashard Smith,KC,LAC,RB,0.11141578485640043,330.0,0.23255813953488372,-0.12114235467848329
Jalen Royals,KC,LAC,WR,0.11141578485640043,500.0,0.16666666666666666,-0.05525088181026623
Eric Saubert,SEA,SF,TE,0.11135871244580654,1200.0,0.07692307692307693,0.034435635522729616
KeAndre Lambert-Smith,LAC,KC,WR,0.11129470673640406,850.0,0.10526315789473684,0.00603154884166722
Omarion Hampton,LAC,KC,RB,0.11129470673640406,130.0,0.43478260869565216,-0.3234879019592481
Oronde Gadsden,LAC,KC,TE,0.11129470673640406,600.0,0.14285714285714285,-0.03156243612073879
Xavier Hutchinson,HOU,LA,WR,0.11123414839275927,1500.0,0.0625,0.048734148392759274
Hunter Luepke,DAL,PHI,RB,0.11119455805305607,1000.0,0.09090909090909091,0.02028546714396516
John Stephens,DAL,PHI,TE,0.11119455805305607,2000.0,0.047619047619047616,0.06357551043400846
Phil Mafah,DAL,PHI,RB,0.11119455805305607,550.0,0.15384615384615385,-0.04265159579309778
Jaydon Blue,DAL,PHI,RB,0.11119455805305607,310.0,0.24390243902439024,-0.13270788097133418
Junior Bergen,SF,SEA,WR,0.1111930920319506,1400.0,0.06666666666666667,0.044526425365283936
Kyle Juszczyk,SF,SEA,RB,0.1111930920319506,850.0,0.10526315789473684,0.005929934137213766
Jordan Watkins,SF,SEA,WR,0.1111930920319506,1000.0,0.09090909090909091,0.02028400112285969
Tyquan Thornton,KC,LAC,WR,0.11117560722013847,1400.0,0.06666666666666667,0.04450894055347181
Javon Baker,NE,LV,WR,0.11112788149921582,750.0,0.11764705882352941,-0.006519177324313591
Brevin Jordan,HOU,LA,TE,0.11105772978003949,950.0,0.09523809523809523,0.015819634541944252
Mitchell Evans,CAR,JAX,TE,0.11102373149259243,800.0,0.1111111111111111,-8.737961851867926e-05
Tetairoa McMillan,CAR,JAX,WR,0.11102373149259243,175.0,0.36363636363636365,-0.2526126321437712
Trevor Etienne,CAR,JAX,RB,0.11102373149259243,650.0,0.13333333333333333,-0.022309601840740906
Jimmy Horn,CAR,JAX,WR,0.11102373149259243,750.0,0.11764705882352941,-0.0066233273309369844
Ja'Tavion Sanders,CAR,JAX,TE,0.11084590293851915,350.0,0.2222222222222222,-0.11137631928370306
Tahj Brooks,CIN,CLE,RB,0.11079594963005596,1000.0,0.09090909090909091,0.019886858720965045
Cam Skattebo,NYG,WAS,RB,0.11075483963306072,245.0,0.2898550724637681,-0.17910023283070742
Colby Parkinson,LA,HOU,TE,0.11072535126400362,750.0,0.11764705882352941,-0.006921707559525786
Tyler Johnson,NYJ,PIT,WR,0.11064621398523561,1100.0,0.08333333333333333,0.02731288065190228
Demarcus Robinson,SF,SEA,WR,0.11052391344699293,475.0,0.17391304347826086,-0.06338913003126793
Brock Lampe,NE,LV,RB,0.11049419429317962,1500.0,0.0625,0.04799419429317962
Jack Westover,NE,LV,TE,0.11049419429317962,1200.0,0.07692307692307693,0.033571117370102696
Kyle Williams,NE,LV,WR,0.11049419429317962,550.0,0.15384615384615385,-0.04335195955297423
Jack Stoll,NO,ARI,TE,0.11048285344630361,1300.0,0.07142857142857142,0.039054282017732186
Hunter Long,JAX,CAR,TE,0.11047843272313372,1300.0,0.07142857142857142,0.039049861294562296
Aaron Rodgers,PIT,NYJ,QB,0.11017559636089425,1300.0,0.07142857142857142,0.03874702493232282
Luke Farrell,SF,SEA,TE,0.10995917756134421,1400.0,0.06666666666666667,0.04329251089467755
Darius Slayton,NYG,WAS,WR,0.10975518918088709,350.0,0.2222222222222222,-0.11246703304133512
Carson Steele,KC,LAC,RB,0.109545233418026,700.0,0.125,-0.015454766581974005
Steven Sims,SEA,SF,WR,0.1094657649330797,1000.0,0.09090909090909091,0.018556674023988792
Chris Manhertz,NYG,WAS,TE,0.10931425626838051,1600.0,0.058823529411764705,0.050490726856615806
Michael Penix,ATL,TB,QB,0.10929060034598731,850.0,0.10526315789473684,0.004027442451250474
Cordarrelle Patterson,PIT,NYJ,RB,0.10913413181942189,900.0,0.1,0.009134131819421881
Xavier Weaver,ARI,NO,WR,0.10903124718968853,950.0,0.09523809523809523,0.013793151951593294
Jared Goff,DET,GB,QB,0.10890424182853127,1200.0,0.07692307692307693,0.03198116490545434
Jaheim Bell,NE,LV,TE,0.10832670650807635,1000.0,0.09090909090909091,0.017417615598985442
Jake Bobo,SEA,SF,WR,0.10832365911445929,750.0,0.11764705882352941,-0.009323399709070118
Roman Wilson,PIT,NYJ,WR,0.10800747692476508,600.0,0.14285714285714285,-0.034849665932377774
Kaleb Johnson,PIT,NYJ,RB,0.10800747692476508,175.0,0.36363636363636365,-0.25562888671159856
Tua Tagovailoa,MIA,IND,QB,0.10800571570210922,700.0,0.125,-0.01699428429789078
Josh Reynolds,NYJ,PIT,WR,0.10796370965359775,550.0,0.15384615384615385,-0.045882444192556104
Ryan Flournoy,DAL,PHI,WR,0.10780683311940918,1100.0,0.08333333333333333,0.024473499786075853
Kalif Raymond,DET,GB,WR,0.10716749466379613,700.0,0.125,-0.01783250533620387
Deuce Vaughn,DAL,PHI,RB,0.10703243261747758,1700.0,0.05555555555555555,0.05147687706192203
Pierre Strong,CLE,CIN,RB,0.10669536611390998,650.0,0.13333333333333333,-0.026637967219423353
Ihmir Smith-Marsette,NYG,WAS,WR,0.10666788165558518,2200.0,0.043478260869565216,0.06318962078601996
Woody Marks,HOU,LA,RB,0.1062756411328372,750.0,0.11764705882352941,-0.011371417690692207
Jaylin Noel,HOU,LA,WR,0.1062756411328372,700.0,0.125,-0.018724358867162796
Jayden Higgins,HOU,LA,WR,0.1062756411328372,330.0,0.23255813953488372,-0.12628249840204653
Jared Wayne,HOU,LA,WR,0.1062756411328372,2500.0,0.038461538461538464,0.06781410267129874
Luke Lachey,HOU,LA,TE,0.1062756411328372,1500.0,0.0625,0.043775641132837204
Xavier Gipson,NYJ,PIT,WR,0.10607213059240155,1300.0,0.07142857142857142,0.03464355916383012
Devin Neal,NO,ARI,RB,0.10597442113747217,1100.0,0.08333333333333333,0.022641087804138843
Tucker Fisk,LAC,KC,TE,0.10567244256539612,950.0,0.09523809523809523,0.010434347327300891
Tutu Atwell,LA,HOU,WR,0.10507079291640078,340.0,0.22727272727272727,-0.12220193435632648
Cedrick Wilson,NO,ARI,WR,0.10501725532389593,1300.0,0.07142857142857142,0.0335886838953245
Sam Darnold,SEA,SF,QB,0.10457925063715097,600.0,0.14285714285714285,-0.03827789221999188
Trayveon Williams,NE,LV,RB,0.10455810897913029,1500.0,0.0625,0.04205810897913029
Jalin Hyatt,NYG,WAS,WR,0.10416269757270331,800.0,0.1111111111111111,-0.006948413538407791
Kene Nwangwu,NYJ,PIT,RB,0.10410274207376974,2500.0,0.038461538461538464,0.06564120361223127
George Holani,SEA,SF,RB,0.10393152169956688,1100.0,0.08333333333333333,0.020598188366233547
Dameon Pierce,HOU,LA,RB,0.10337566752736362,1200.0,0.07692307692307693,0.026452590604286688
Erik Ezukanma,MIA,IND,WR,0.10336505046541962,1200.0,0.07692307692307693,0.026441973542342692
Arian Smith,NYJ,PIT,WR,0.10302181644971276,900.0,0.1,0.0030218164497127498
Zach Pascal,NYG,WAS,WR,0.10290816693737563,2000.0,0.047619047619047616,0.055289119318328014
Jeremy Ruckert,NYJ,PIT,TE,0.10280994270912257,750.0,0.11764705882352941,-0.014837116114406843
Jamari Thrash,CLE,CIN,WR,0.10228166950848362,800.0,0.1111111111111111,-0.008829441602627483
Jalen Reagor,LAC,KC,WR,0.10205892422325734,1000.0,0.09090909090909091,0.011149833314166427
Ian Thomas,LV,NE,TE,0.10163337321655927,1700.0,0.05555555555555555,0.04607781766100372
Cody Schrader,LA,HOU,RB,0.10141689679826747,1400.0,0.06666666666666667,0.03475023013160081
Braxton Berrios,HOU,LA,WR,0.1009129968437229,1700.0,0.05555555555555555,0.04535744128816735
Trey Sermon,PIT,NYJ,RB,0.10071721435479673,1400.0,0.06666666666666667,0.03405054768813007
Blake Whiteheart,CLE,CIN,TE,0.10009147330056717,1700.0,0.05555555555555555,0.044535917745011616
Dylan Laube,LV,NE,RB,0.09924853137054634,1700.0,0.05555555555555555,0.04369297581499079
Xavier Restrepo,TEN,DEN,WR,0.09918752997588261,1400.0,0.06666666666666667,0.03252086330921594
Cameron Ward,TEN,DEN,QB,0.09918752997588261,340.0,0.22727272727272727,-0.12808519729684464
Gunnar Helm,TEN,DEN,TE,0.09918752997588261,1000.0,0.09090909090909091,0.008278439066791696
Elic Ayomanor,TEN,DEN,WR,0.09918752997588261,950.0,0.09523809523809523,0.0039494347377873745
Chimere Dike,TEN,DEN,WR,0.09918752997588261,1000.0,0.09090909090909091,0.008278439066791696
Treylon Burks,TEN,DEN,WR,0.0982727114118157,950.0,0.09523809523809523,0.0030346161737204724
James Proche,TEN,DEN,WR,0.09710806566360788,1800.0,0.05263157894736842,0.044476486716239466
Geno Smith,LV,NE,QB,0.09656596382660733,500.0,0.16666666666666666,-0.07010070284005933
Ronnie Rivers,LA,HOU,RB,0.09642009380146947,1100.0,0.08333333333333333,0.013086760468136144
Joe Flacco,CLE,CIN,QB,0.09629167776799376,950.0,0.09523809523809523,0.0010535825298985252
Jha'Quan Jackson,TEN,DEN,WR,0.09601926102865255,1800.0,0.05263157894736842,0.04338768208128413
Eric Gray,NYG,WAS,RB,0.0948341778337691,2000.0,0.047619047619047616,0.047215130214721485
Konata Mumpfield,LA,HOU,WR,0.09431901802407398,1400.0,0.06666666666666667,0.027652351357407318
Jarquez Hunter,LA,HOU,RB,0.09431901802407398,550.0,0.15384615384615385,-0.05952713582207987
Malachi Corley,NYJ,PIT,WR,0.09429586632333417,1500.0,0.0625,0.03179586632333417
Devin Duvernay,CHI,MIN,WR,0.09376972452511864,1000.0,0.09090909090909091,0.00286063361602773
Xavier Smith,LA,HOU,WR,0.0933951689538236,1800.0,0.05263157894736842,0.040763590006455186
Qadir Ismail,LV,NE,WR,0.09288796833971892,2000.0,0.047619047619047616,0.045268920720671305
Justin Shorter,LV,NE,TE,0.09288796833971892,1800.0,0.05263157894736842,0.0402563893923505
Dont'e Thornton,LV,NE,WR,0.09288796833971892,600.0,0.14285714285714285,-0.04996917451742393
Ashton Jeanty,LV,NE,RB,0.09288796833971892,100.0,0.5,-0.4071120316602811
Tommy Mellott,LV,NE,WR,0.09288796833971892,1300.0,0.07142857142857142,0.021459396911147496
Collin Johnson,LV,NE,WR,0.09258214015112308,1300.0,0.07142857142857142,0.021153568722551655
Michael Mayer,LV,NE,TE,0.09205921331614551,650.0,0.13333333333333333,-0.04127412001718782
David Martin-Robinson,TEN,DEN,TE,0.09097476451077546,2500.0,0.038461538461538464,0.052513226049237
Blake Corum,LA,HOU,RB,0.08875843084285781,400.0,0.2,-0.1112415691571422
Matthew Stafford,LA,HOU,QB,0.0886552828158131,1000.0,0.09090909090909091,-0.002253808093277812
