player_name,team,position,predicted_touchdown_probability,price,market_implied_prob,model_edge
Kyle Juszczyk,SF,RB,0.08945965710387958,850.0,0.10526315789473684,-0.015803500790857253
Cordarrelle Patterson,PIT,RB,0.07663281927014019,900.0,0.1,-0.023367180729859813
Michael Burton,DEN,RB,0.0892852475138849,1400.0,0.06666666666666667,0.02261858084721824
Raheem Mostert,LV,RB,0.14110931035008675,425.0,0.19047619047619047,-0.04936688012610371
Derrick Henry,BAL,RB,0.5741905783076898,-195.0,0.6610169491525424,-0.08682637084485256
C.J. Ham,MIN,RB,0.08825117858005994,1500.0,0.0625,0.025751178580059944
Christian McCaffrey,SF,RB,0.44944477676765804,-180.0,0.6428571428571429,-0.19341236608948487
Aaron Jones,MIN,RB,0.46941536902378317,145.0,0.40816326530612246,0.06125210371766071
Patrick Ricard,BAL,RB,0.08965276299742807,1200.0,0.07692307692307693,0.01272968607435114
Samaje Perine,CIN,RB,0.13502760619977966,950.0,0.09523809523809523,0.03978951096168443
James Conner,ARI,RB,0.4269682716727318,-130.0,0.5652173913043478,-0.13824911963161596
Austin Ekeler,WAS,RB,0.2678664177794534,250.0,0.2857142857142857,-0.017847867934832284
Dare Ogunbowale,HOU,RB,0.214589210883224,2000.0,0.047619047619047616,0.16697016326417638
Joe Mixon,HOU,RB,0.3716751428755336,105.0,0.4878048780487805,-0.11612973517324687
Alvin Kamara,NO,RB,0.4454932367192068,100.0,0.5,-0.05450676328079318
Kareem Hunt,KC,RB,0.3092401375139835,265.0,0.273972602739726,0.03526753477425748
Jeremy McNichols,WAS,RB,0.21694746973451348,700.0,0.125,0.09194746973451348
Nick Chubb,HOU,RB,0.31042937911139473,285.0,0.2597402597402597,0.050689119371135016
Saquon Barkley,PHI,RB,0.4503870823176,-190.0,0.6551724137931034,-0.20478533147550343
Alexander Mattison,MIA,RB,0.3487237403926288,850.0,0.10526315789473684,0.243460582497892
Justice Hill,BAL,RB,0.10366006413952006,550.0,0.15384615384615385,-0.050186089706633796
Alec Ingold,MIA,RB,0.08743595949514578,1200.0,0.07692307692307693,0.010512882572068852
Miles Sanders,DAL,RB,0.20942885975935788,390.0,0.20408163265306123,0.005347227106296648
Devin Singletary,NYG,RB,0.10046376577408982,750.0,0.11764705882352941,-0.017183293049439594
Tony Pollard,TEN,RB,0.38509663497643,190.0,0.3448275862068966,0.04026904876953341
Trayveon Williams,NE,RB,0.09204520225055558,1500.0,0.0625,0.029545202250555583
Ty Johnson,BUF,RB,0.13461770216970492,600.0,0.14285714285714285,-0.008239440687437927
Craig Reynolds,DET,RB,0.10918191677719852,1200.0,0.07692307692307693,0.03225883985412159
Travis Homer,CHI,RB,0.09885743926483763,1200.0,0.07692307692307693,0.021934362341760702
David Montgomery,DET,RB,0.46057824563197763,125.0,0.4444444444444444,0.016133801187533214
Josh Jacobs,GB,RB,0.5048799416756019,-180.0,0.6428571428571429,-0.137977201181541
Patrick Taylor,SF,RB,0.22749108023791006,1300.0,0.07142857142857142,0.15606250880933864
Salvon Ahmed,IND,RB,0.230669837710667,1700.0,0.05555555555555555,0.17511428215511143
Rico Dowdle,CAR,RB,0.47543985449245973,360.0,0.21739130434782608,0.2580485501446337
J.K. Dobbins,DEN,RB,0.48570802195356266,150.0,0.4,0.08570802195356264
Reggie Gilliam,BUF,RB,0.10167940316947416,1200.0,0.07692307692307693,0.02475632624639723
Jonathan Taylor,IND,RB,0.4578439553450483,-145.0,0.5918367346938775,-0.13399277934882925
Zack Moss,CIN,RB,0.23982270247114787,275.0,0.26666666666666666,-0.026843964195518794
A.J. Dillon,PHI,RB,0.3030911921906757,500.0,0.16666666666666666,0.13642452552400905
D'Andre Swift,CHI,RB,0.41237507955828556,120.0,0.45454545454545453,-0.04217037498716897
Darrynton Evans,BUF,RB,0.16009892299023287,1400.0,0.06666666666666667,0.0934322563235662
Antonio Gibson,NE,RB,0.37556577690333737,900.0,0.1,0.2755657769033374
Clyde Edwards-Helaire,NO,RB,0.10319158419133542,1700.0,0.05555555555555555,0.04763602863577987
Cam Akers,NO,RB,0.10199095257174837,1100.0,0.08333333333333333,0.018657619238415038
Chuba Hubbard,CAR,RB,0.5366546921157166,-105.0,0.5121951219512195,0.02445957016449707
Elijah Mitchell,KC,RB,0.311350860786086,370.0,0.2127659574468085,0.09858490333927747
Jaret Patterson,LAC,RB,0.15811193085725542,1100.0,0.08333333333333333,0.07477859752392209
Kene Nwangwu,NYJ,RB,0.08061654969909676,2500.0,0.038461538461538464,0.0421550112375583
Rhamondre Stevenson,NE,RB,0.36800142206134534,145.0,0.40816326530612246,-0.04016184324477712
Najee Harris,LAC,RB,0.47355503045663755,170.0,0.37037037037037035,0.1031846600862672
Khalil Herbert,IND,RB,0.261760127593548,475.0,0.17391304347826086,0.08784708411528713
Kenneth Gainwell,PIT,RB,0.11278383620618343,850.0,0.10526315789473684,0.007520678311446594
Michael Carter,ARI,RB,0.30423857233213963,1500.0,0.0625,0.24173857233213963
Avery Williams,PHI,RB,0.11394396519466402,1500.0,0.0625,0.051443965194664015
Travis Etienne,JAX,RB,0.49306580515488474,185.0,0.3508771929824561,0.14218861217242862
Trey Sermon,PIT,RB,0.1485462654369589,1400.0,0.06666666666666667,0.08187959877029223
Javonte Williams,DAL,RB,0.20155112161314107,265.0,0.273972602739726,-0.07242148112658495
Tyler Badie,DEN,RB,0.18871467538717623,1400.0,0.06666666666666667,0.12204800872050957
Tyler Goodson,IND,RB,0.12616324228006953,1000.0,0.09090909090909091,0.03525415137097862
Isiah Pacheco,KC,RB,0.40096315702462754,155.0,0.39215686274509803,0.008806294279529503
Jaylen Warren,PIT,RB,0.25542357377477537,180.0,0.35714285714285715,-0.10171928336808178
James Cook,BUF,RB,0.5256286415711771,-115.0,0.5348837209302325,-0.009255079359055451
Rachaad White,TB,RB,0.4778050395528995,230.0,0.30303030303030304,0.17477473652259645
Dameon Pierce,HOU,RB,0.2279445884612173,1200.0,0.07692307692307693,0.15102151153814036
Tyler Allgeier,ATL,RB,0.19695525197075311,265.0,0.273972602739726,-0.0770173507689729
Jerome Ford,CLE,RB,0.22504057404816727,260.0,0.2777777777777778,-0.05273720372961052
Ty Chandler,MIN,RB,0.09877472496466211,850.0,0.10526315789473684,-0.006488432930074728
Raheem Blackshear,CAR,RB,0.09651340384703298,1400.0,0.06666666666666667,0.029846737180366317
Sincere McCormick,LV,RB,0.28289221030999623,1000.0,0.09090909090909091,0.19198311940090532
Jordan Mason,MIN,RB,0.10684568941448436,150.0,0.4,-0.29315431058551567
Ronnie Rivers,LA,RB,0.1470030029495982,1100.0,0.08333333333333333,0.06366966961626487
Julius Chestnut,TEN,RB,0.10029682961329116,1900.0,0.05,0.050296829613291155
Hassan Haskins,LAC,RB,0.11028901852190835,650.0,0.13333333333333333,-0.02304431481142498
Brian Robinson,WAS,RB,0.4388547763270484,105.0,0.4878048780487805,-0.04895010172173209
Kyren Williams,LA,RB,0.5226255626402063,-175.0,0.6363636363636364,-0.11373807372343003
Zamir White,LV,RB,0.12590046429621538,1300.0,0.07142857142857142,0.05447189286764395
Pierre Strong,CLE,RB,0.1941101160455264,650.0,0.13333333333333333,0.060776782712193056
Breece Hall,NYJ,RB,0.429115288807789,130.0,0.43478260869565216,-0.005667319887863176
Kenneth Walker,SEA,RB,0.43335263384611394,-120.0,0.5454545454545454,-0.11210191160843147
Eric Gray,NYG,RB,0.09182257182627389,2000.0,0.047619047619047616,0.04420352420722627
Keaton Mitchell,BAL,RB,0.24196017789094812,650.0,0.13333333333333333,0.10862684455761479
Bijan Robinson,ATL,RB,0.5745797927585939,-180.0,0.6428571428571429,-0.06827735009854896
Kendre Miller,NO,RB,0.23211562162993854,700.0,0.125,0.10711562162993854
Tank Bigsby,JAX,RB,0.3875776385171532,180.0,0.35714285714285715,0.03043478137429606
Chase Brown,CIN,RB,0.4269389065146268,-135.0,0.574468085106383,-0.14752917859175624
Chris Rodriguez,WAS,RB,0.2311366770845227,800.0,0.1111111111111111,0.1200255659734116
Deuce Vaughn,DAL,RB,0.10019001347628236,1700.0,0.05555555555555555,0.0446344579207268
Kenny McIntosh,SEA,RB,0.111166751981968,750.0,0.11764705882352941,-0.006480306841561409
Emari Demercado,ARI,RB,0.1965487216513258,950.0,0.09523809523809523,0.10131062641323058
Hunter Luepke,DAL,RB,0.08672676872287517,1000.0,0.09090909090909091,-0.0041823221862157395
Jaleel McLaughlin,DEN,RB,0.3583826023875768,500.0,0.16666666666666666,0.19171593572091014
Emanuel Wilson,GB,RB,0.2217735001958456,1100.0,0.08333333333333333,0.13844016686251226
Elijah Dotson,ATL,RB,0.10604175861433662,1600.0,0.058823529411764705,0.04721822920257192
Carlos Washington,ATL,RB,0.08869226669054998,1300.0,0.07142857142857142,0.01726369526197856
Sean Tucker,TB,RB,0.16014716442424187,700.0,0.125,0.03514716442424187
Roschon Johnson,CHI,RB,0.2639894693296093,185.0,0.3508771929824561,-0.0868877236528468
Tyjae Spears,TEN,RB,0.21414145403344853,350.0,0.2222222222222222,-0.00808076818877368
Devon Achane,MIA,RB,0.4106238016544847,-135.0,0.574468085106383,-0.16384428345189833
Jahmyr Gibbs,DET,RB,0.5731734511196167,-160.0,0.6153846153846154,-0.04221116426499871
Zach Charbonnet,SEA,RB,0.2797412945150492,265.0,0.273972602739726,0.005768691775323187
George Holani,SEA,RB,0.09160134668224561,1100.0,0.08333333333333333,0.008268013348912279
Carson Steele,KC,RB,0.19404838994713108,700.0,0.125,0.06904838994713108
Bucky Irving,TB,RB,0.5678566073542215,-170.0,0.6296296296296297,-0.06177302227540815
Isaac Guerendo,SF,RB,0.17642927956951407,340.0,0.22727272727272727,-0.050843447703213196
Sione Vaki,DET,RB,0.10648933076727106,2200.0,0.043478260869565216,0.06301106989770584
Audric Estime,DEN,RB,0.1394499124526918,600.0,0.14285714285714285,-0.0034072304044510393
Tyrone Tracy,NYG,RB,0.28186572047781777,190.0,0.3448275862068966,-0.0629618657290788
Kimani Vidal,LAC,RB,0.14104822009593015,650.0,0.13333333333333333,0.007714886762596823
Dylan Laube,LV,RB,0.09188492512961696,1700.0,0.05555555555555555,0.03632936957406141
Cody Schrader,LA,RB,0.08709458487151223,1400.0,0.06666666666666667,0.02042791820484556
Blake Corum,LA,RB,0.08458465154762108,400.0,0.2,-0.11541534845237893
Will Shipley,PHI,RB,0.23523088728858862,550.0,0.15384615384615385,0.08138473344243477
Braelon Allen,NYJ,RB,0.16167703915665008,340.0,0.22727272727272727,-0.06559568811607719
Rasheen Ali,BAL,RB,0.16362003506901057,1900.0,0.05,0.11362003506901057
Isaiah Davis,NYJ,RB,0.11735762320904393,1400.0,0.06666666666666667,0.05069095654237726
MarShawn Lloyd,GB,RB,0.20404805399907527,425.0,0.19047619047619047,0.013571863522884808
Jaylen Wright,MIA,RB,0.0776601450313872,350.0,0.2222222222222222,-0.14456207719083503
Ray Davis,BUF,RB,0.3308811671263994,320.0,0.23809523809523808,0.09278592903116134
Trey Benson,ARI,RB,0.11254170318800115,310.0,0.24390243902439024,-0.13136073583638908
Phil Mafah,DAL,RB,0.08672676872287517,550.0,0.15384615384615385,-0.06711938512327868
Brashard Smith,KC,RB,0.09025158711901957,330.0,0.23255813953488372,-0.14230655241586415
Ashton Jeanty,LV,RB,0.08723551704723069,100.0,0.5,-0.4127644829527693
Kaleb Johnson,PIT,RB,0.08796987896172533,175.0,0.36363636363636365,-0.27566648467463833
Dylan Sampson,CLE,RB,0.08905517736591503,255.0,0.28169014084507044,-0.1926349634791554
Devin Neal,NO,RB,0.08865229517360128,1100.0,0.08333333333333333,0.0053189618402679495
Tahj Brooks,CIN,RB,0.09017090095592989,1000.0,0.09090909090909091,-0.0007381899531610225
Kyle Monangai,CHI,RB,0.08943978294823099,550.0,0.15384615384615385,-0.06440637089792287
LeQuint Allen,JAX,RB,0.08973326506670799,850.0,0.10526315789473684,-0.015529892828028843
Jacory Croskey-Merritt,WAS,RB,0.1028491752908909,950.0,0.09523809523809523,0.007611080052795663
Brock Lampe,NE,RB,0.0896688441483739,1500.0,0.0625,0.027168844148373894
Woody Marks,HOU,RB,0.08835654537316881,750.0,0.11764705882352941,-0.0292905134503606
Jaydon Blue,DAL,RB,0.08672676872287517,310.0,0.24390243902439024,-0.15717567030151508
Trevor Etienne,CAR,RB,0.08835654537316881,650.0,0.13333333333333333,-0.04497678796016452
Robbie Ouzts,SEA,RB,0.08695666570990918,1200.0,0.07692307692307693,0.010033588786832248
Damien Martinez,SEA,RB,0.08695666570990918,850.0,0.10526315789473684,-0.01830649218482766
Omarion Hampton,LAC,RB,0.08840978585639474,130.0,0.43478260869565216,-0.3463728228392574
Jarquez Hunter,LA,RB,0.08762172291544315,550.0,0.15384615384615385,-0.0662244309307107
Cam Skattebo,NYG,RB,0.08821675880675148,245.0,0.2898550724637681,-0.20163831365701665
Bhayshul Tuten,JAX,RB,0.08973326506670799,205.0,0.32786885245901637,-0.2381355873923084
Adam Thielen,CAR,WR,0.3047863106491917,320.0,0.23809523809523808,0.06669107255395362
Zach Ertz,WAS,TE,0.3492213631090243,200.0,0.3333333333333333,0.01588802977569098
Robert Woods,PIT,WR,0.10298968764885434,650.0,0.13333333333333333,-0.03034364568447899
Travis Kelce,KC,TE,0.37401111374025364,195.0,0.3389830508474576,0.03502806289279603
DeAndre Hopkins,BAL,WR,0.15020190220599064,330.0,0.23255813953488372,-0.08235623732889308
Brandin Cooks,NO,WR,0.30565271006338174,400.0,0.2,0.10565271006338173
Davante Adams,LA,WR,0.4924540423421983,135.0,0.425531914893617,0.06692212744858128
Mike Evans,TB,WR,0.5061122061438914,110.0,0.47619047619047616,0.029921729953415244
Chris Manhertz,NYG,TE,0.08096821547302861,1600.0,0.058823529411764705,0.022144686061263907
Stefon Diggs,NE,WR,0.3842405835208033,190.0,0.3448275862068966,0.03941299731390674
Darren Waller,MIA,TE,0.27237651213217995,265.0,0.273972602739726,-0.0015960906075460635
DeAndre Carter,CLE,WR,0.07325271008897409,1100.0,0.08333333333333333,-0.010080623244359238
Tyler Lockett,TEN,WR,0.133387377321697,425.0,0.19047619047619047,-0.05708881315449346
Sterling Shepard,TB,WR,0.13342227800639972,900.0,0.1,0.033422278006399714
Austin Hooper,NE,TE,0.2818141631551454,600.0,0.14285714285714285,0.13895702029800255
Chris Moore,WAS,WR,0.2614922311067396,900.0,0.1,0.16149223110673958
Kalif Raymond,DET,WR,0.061153590422190804,700.0,0.125,-0.0638464095778092
Demarcus Robinson,SF,WR,0.22959810361697663,475.0,0.17391304347826086,0.05568506013871577
Laquon Treadwell,IND,WR,0.21081420399572534,1500.0,0.0625,0.14831420399572534
Tyreek Hill,MIA,WR,0.15772784355288402,135.0,0.425531914893617,-0.26780407134073303
Hunter Henry,NE,TE,0.1323541716671243,300.0,0.25,-0.11764582833287571
Tyler Higbee,LA,TE,0.21030294107685743,310.0,0.24390243902439024,-0.03359949794753281
Mo Alie-Cox,IND,TE,0.060372882714993276,700.0,0.125,-0.06462711728500672
Johnny Mundt,JAX,TE,0.06120158697044513,600.0,0.14285714285714285,-0.08165555588669772
Zach Pascal,NYG,WR,0.0951199857573404,2000.0,0.047619047619047616,0.047500938138292786
Curtis Samuel,BUF,WR,0.29841917912887467,500.0,0.16666666666666666,0.131752512462208
George Kittle,SF,TE,0.10206975587206157,155.0,0.39215686274509803,-0.29008710687303646
Kendrick Bourne,NE,WR,0.09779370127036582,650.0,0.13333333333333333,-0.03553963206296751
Tim Patrick,DET,WR,0.09377763019979979,500.0,0.16666666666666666,-0.07288903646686687
Pharaoh Brown,MIA,TE,0.0862037435270602,800.0,0.1111111111111111,-0.024907367584050905
Mack Hollins,NE,WR,0.16581489624891252,550.0,0.15384615384615385,0.011968742402758664
Jamal Agnew,ATL,WR,0.126299586264187,1000.0,0.09090909090909091,0.035390495355096085
Eric Saubert,SEA,TE,0.15965940970242043,1200.0,0.07692307692307693,0.0827363327793435
David Moore,CAR,WR,0.18009773460412645,1400.0,0.06666666666666667,0.11343106793745979
JuJu Smith-Schuster,KC,WR,0.19107737042002013,500.0,0.16666666666666666,0.02441070375335347
Jonnu Smith,PIT,TE,0.41443329079130625,300.0,0.25,0.16443329079130625
Evan Engram,DEN,TE,0.2986108008676132,250.0,0.2857142857142857,0.012896515153327515
David Njoku,CLE,TE,0.2900904679516292,190.0,0.3448275862068966,-0.05473711825526739
Zay Jones,ARI,WR,0.24391838443290728,340.0,0.22727272727272727,0.016645657160180016
Cooper Kupp,SEA,WR,0.1189812355137942,210.0,0.3225806451612903,-0.20359940964749612
Chris Godwin,TB,WR,0.36281176068521465,185.0,0.3508771929824561,0.011934567702758525
Josh Reynolds,NYJ,WR,0.09107521752549427,550.0,0.15384615384615385,-0.06277093632065958
Ross Dwelley,SF,TE,0.07712414829997914,1400.0,0.06666666666666667,0.010457481633312476
Will Dissly,LAC,TE,0.22805270784086135,400.0,0.2,0.028052707840861335
Tyler Conklin,LAC,TE,0.17183981262919656,475.0,0.17391304347826086,-0.0020732308490643003
Marquez Valdes-Scantling,SEA,WR,0.292398229699383,400.0,0.2,0.092398229699383
Courtland Sutton,DEN,WR,0.43238970968239604,145.0,0.40816326530612246,0.02422644437627358
Dallas Goedert,PHI,TE,0.3110433171301663,230.0,0.30303030303030304,0.00801301409986327
Ian Thomas,LV,TE,0.05969959426747957,1700.0,0.05555555555555555,0.0041440387119240155
Dalton Schultz,HOU,TE,0.14385701547874333,260.0,0.2777777777777778,-0.13392076229903446
Justin Watson,HOU,WR,0.22517761306486736,1600.0,0.058823529411764705,0.16635408365310267
Ray-Ray McCloud,ATL,WR,0.25794844187094473,350.0,0.2222222222222222,0.035726219648722524
Cedrick Wilson,NO,WR,0.12969088369490306,1300.0,0.07142857142857142,0.058262312266331634
Braxton Berrios,HOU,WR,0.05543228453364757,1700.0,0.05555555555555555,-0.00012327102190798356
Trent Sherfield,DEN,WR,0.056732471842655556,900.0,0.1,-0.04326752815734445
Allen Lazard,NYJ,WR,0.09966914126705141,500.0,0.16666666666666666,-0.06699752539961525
Tanner Hudson,CIN,TE,0.05973726850075495,1100.0,0.08333333333333333,-0.02359606483257838
Mark Andrews,BAL,TE,0.3902454057122688,200.0,0.3333333333333333,0.056912072378935474
Christian Kirk,HOU,WR,0.28030893761411724,285.0,0.2597402597402597,0.02056867787385752
Durham Smythe,CHI,TE,0.07353618152039273,1500.0,0.0625,0.011036181520392735
D.J. Moore,CHI,WR,0.4573045533530501,185.0,0.3508771929824561,0.10642736037059397
Mike Gesicki,CIN,TE,0.29557953109257623,400.0,0.2,0.09557953109257622
Calvin Ridley,TEN,WR,0.22605739283333584,235.0,0.29850746268656714,-0.0724500698532313
KhaDarel Hodge,ATL,WR,0.08574201168977834,1000.0,0.09090909090909091,-0.005167079219312573
Dante Pettis,NO,WR,0.23769052826216858,1900.0,0.05,0.1876905282621686
Steven Sims,SEA,WR,0.051692963345440546,1000.0,0.09090909090909091,-0.039216127563650366
Jakobi Meyers,LV,WR,0.4399096224833605,240.0,0.29411764705882354,0.14579197542453698
Foster Moreau,NO,TE,0.12387513760246052,1300.0,0.07142857142857142,0.0524465661738891
Hunter Renfrow,CAR,WR,0.07806889313027218,1500.0,0.0625,0.015568893130272182
Ashton Dulin,IND,WR,0.07301361520853444,1000.0,0.09090909090909091,-0.017895475700556468
D.J. Montgomery,IND,WR,0.15782864737507107,1300.0,0.07142857142857142,0.08640007594649965
Mecole Hardman,GB,WR,0.050608017191388036,1100.0,0.08333333333333333,-0.03272531614194529
Olamide Zaccheaus,CHI,WR,0.2564971858777415,500.0,0.16666666666666666,0.08983051921107485
Diontae Johnson,CLE,WR,0.1519991683363684,425.0,0.19047619047619047,-0.03847702213982207
T.J. Hockenson,MIN,TE,0.28007094731816057,265.0,0.273972602739726,0.006098344578434556
Josh Oliver,MIN,TE,0.1066450265139835,1000.0,0.09090909090909091,0.015735935604892587
Scott Miller,PIT,WR,0.06730966304022803,950.0,0.09523809523809523,-0.027928432197867198
Trenton Irwin,JAX,WR,0.0690797729126946,1100.0,0.08333333333333333,-0.01425356042063873
Lil'Jordan Humphrey,NYG,WR,0.07201223840301034,1600.0,0.058823529411764705,0.013188708991245635
Greg Dortch,ARI,WR,0.18026342537507895,650.0,0.13333333333333333,0.046930092041745614
Darius Slayton,NYG,WR,0.06809224421225596,350.0,0.2222222222222222,-0.15412997800996625
Drew Sample,CIN,TE,0.10766645709748292,1200.0,0.07692307692307693,0.03074338017440599
Parris Campbell,DAL,WR,0.10320789407560073,1200.0,0.07692307692307693,0.0262848171525238
DK Metcalf,PIT,WR,0.27913919179436175,195.0,0.3389830508474576,-0.05984385905309586
Noah Fant,SEA,TE,0.2839608299442311,475.0,0.17391304347826086,0.11004778646597024
Terry McLaurin,WAS,WR,0.49944147014175777,130.0,0.43478260869565216,0.06465886144610561
Marquise Brown,KC,WR,0.2964939550449265,255.0,0.28169014084507044,0.014803814199856047
A.J. Brown,PHI,WR,0.4267375425839313,135.0,0.425531914893617,0.0012056276903142926
Dawson Knox,BUF,TE,0.22065478465719096,330.0,0.23255813953488372,-0.011903354877692757
Deebo Samuel,WAS,WR,0.13076700449125178,130.0,0.43478260869565216,-0.3040156042044004
Andre Baccellia,ARI,WR,0.09901593259231556,1600.0,0.058823529411764705,0.040192403180550854
Cody White,SEA,WR,0.12390130219832837,900.0,0.1,0.023901302198328367
Trishton Jackson,ARI,WR,0.10106093022135276,1600.0,0.058823529411764705,0.04223740080958806
Juwan Johnson,NO,TE,0.23387915376586732,330.0,0.23255813953488372,0.0013210142309836026
James Proche,TEN,WR,0.06427127365229017,1800.0,0.05263157894736842,0.011639694704921752
Isaiah Hodgins,SF,WR,0.06140032214837368,1400.0,0.06666666666666667,-0.005266344518292984
Nick Westbrook-Ikhine,MIA,WR,0.3004365214976108,450.0,0.18181818181818182,0.11861833967942897
Donovan Peoples-Jones,NO,WR,0.07884896491723901,1800.0,0.05263157894736842,0.026217385969870596
Colby Parkinson,LA,TE,0.06628895266758138,750.0,0.11764705882352941,-0.05135810615594803
Michael Pittman,IND,WR,0.34177736422127086,175.0,0.36363636363636365,-0.021858999415092784
Collin Johnson,LV,WR,0.05650645056889822,1300.0,0.07142857142857142,-0.014922120859673205
Jauan Jennings,SF,WR,0.3099864053481766,210.0,0.3225806451612903,-0.012594239813113695
Brandon Aiyuk,SF,WR,0.31228647163925094,210.0,0.3225806451612903,-0.010294173522039374
Laviska Shenault,BUF,WR,0.06613212746824343,1000.0,0.09090909090909091,-0.024776963440847483
Cole Kmet,CHI,TE,0.16455911694823094,310.0,0.24390243902439024,-0.0793433220761593
Darnell Mooney,ATL,WR,0.22918233076573738,230.0,0.30303030303030304,-0.07384797226456566
Justin Jefferson,MIN,WR,0.39019601670237636,120.0,0.45454545454545453,-0.06434943784307817
Devin Duvernay,CHI,WR,0.08890109847518671,1000.0,0.09090909090909091,-0.0020079924339042043
Josiah Deguara,ARI,TE,0.0546803165253384,1700.0,0.05555555555555555,-0.000875239030217155
K.J. Osborn,WAS,WR,0.08955623864770898,450.0,0.18181818181818182,-0.09226194317047284
CeeDee Lamb,DAL,WR,0.32593720350280153,150.0,0.4,-0.07406279649719849
Jalen Reagor,LAC,WR,0.0627019563176247,1000.0,0.09090909090909091,-0.028207134591466218
Jerry Jeudy,CLE,WR,0.4407341670142267,205.0,0.32786885245901637,0.11286531455521032
Tee Higgins,CIN,WR,0.2856559991418188,125.0,0.4444444444444444,-0.15878844530262565
Van Jefferson,TEN,WR,0.14136077256714255,850.0,0.10526315789473684,0.036097614672405715
Adam Trautman,DEN,TE,0.11205760767781131,900.0,0.1,0.012057607677811305
Tyler Johnson,NYJ,WR,0.1995853183503292,1100.0,0.08333333333333333,0.11625198501699587
Charlie Woerner,ATL,TE,0.06317718412472892,700.0,0.125,-0.06182281587527108
Chris Blair,ATL,WR,0.06228335284396161,1300.0,0.07142857142857142,-0.009145218584609816
Mike Strachan,WAS,WR,0.08000854583218658,1100.0,0.08333333333333333,-0.003324787501146745
Tim Jones,MIN,WR,0.06809733121201018,1700.0,0.05555555555555555,0.012541775656454632
Shane Zylstra,DET,TE,0.0821323041697899,2000.0,0.047619047619047616,0.03451325655074228
Rashod Bateman,BAL,WR,0.40368440776179304,195.0,0.3389830508474576,0.06470135691433543
Nico Collins,HOU,WR,0.30597288190274613,125.0,0.4444444444444444,-0.1384715625416983
Brevin Jordan,HOU,TE,0.06495353725171157,950.0,0.09523809523809523,-0.03028455798638366
Quintin Morris,JAX,TE,0.18122932464915528,1000.0,0.09090909090909091,0.09032023374006437
Jaylen Waddle,MIA,WR,0.3285010728034145,195.0,0.3389830508474576,-0.010481978044043105
Dyami Brown,JAX,WR,0.2353087736723823,360.0,0.21739130434782608,0.017917469324556207
John Bates,WAS,TE,0.055244885837246724,900.0,0.1,-0.04475511416275328
Tylan Wallace,BAL,WR,0.06050814769590105,850.0,0.10526315789473684,-0.044755010198835786
Ihmir Smith-Marsette,NYG,WR,0.04630246192935208,2200.0,0.043478260869565216,0.0028242010597868614
Noah Gray,KC,TE,0.08610688912896697,400.0,0.2,-0.11389311087103304
Simi Fehoko,ARI,WR,0.08737999448409926,1100.0,0.08333333333333333,0.0040466611507659345
Jack Stoll,NO,TE,0.07442123684732865,1300.0,0.07142857142857142,0.002992665418757229
Brock Wright,DET,TE,0.07672047042838231,650.0,0.13333333333333333,-0.05661286290495102
Feleipe Franks,ATL,TE,0.07018556674266083,1800.0,0.05263157894736842,0.01755398779529241
Austin Trammell,JAX,WR,0.12374376791171703,1300.0,0.07142857142857142,0.0523151964831456
Tutu Atwell,LA,WR,0.20276171727754871,340.0,0.22727272727272727,-0.02451100999517855
Ben Skowronek,PIT,WR,0.10444774950010945,1200.0,0.07692307692307693,0.02752467257703252
Kylen Granson,PHI,TE,0.10873731999008235,800.0,0.1111111111111111,-0.0023737911210287566
Luke Farrell,SF,TE,0.06598834003391843,1400.0,0.06666666666666667,-0.0006783266327482357
Pat Freiermuth,PIT,TE,0.41485927602410344,340.0,0.22727272727272727,0.18758654875137618
Ja'Marr Chase,CIN,WR,0.5194874556582922,-125.0,0.5555555555555556,-0.03606809989726334
DeVonta Smith,PHI,WR,0.4547217392387523,170.0,0.37037037037037035,0.08435136886838196
Rondale Moore,MIN,WR,0.2077436827886972,900.0,0.1,0.1077436827886972
Terrace Marshall,PHI,WR,0.09030455679692587,900.0,0.1,-0.009695443203074139
Amon-Ra St. Brown,DET,WR,0.3644860489077734,120.0,0.45454545454545453,-0.09005940563768111
Kyle Pitts,ATL,TE,0.11280064077395506,260.0,0.2777777777777778,-0.16497713700382272
Elijah Moore,BUF,WR,0.28368272567836056,475.0,0.17391304347826086,0.1097696822000997
Hunter Long,JAX,TE,0.10425851446331014,1300.0,0.07142857142857142,0.03282994303473871
Tommy Tremble,CAR,TE,0.2015195718436989,360.0,0.21739130434782608,-0.015871732504127184
Grant Calcaterra,PHI,TE,0.1331540977214491,700.0,0.125,0.008154097721449094
Bo Melton,GB,WR,0.06355689625779651,1100.0,0.08333333333333333,-0.01977643707553682
Dareke Young,SEA,WR,0.07477137995786698,1200.0,0.07692307692307693,-0.0021516969652099482
Samori Toure,CHI,WR,0.07911583627606328,1500.0,0.0625,0.01661583627606328
Britain Covey,LA,WR,0.08110513645354049,1100.0,0.08333333333333333,-0.0022281968797928375
Justyn Ross,KC,WR,0.06342267363447185,1000.0,0.09090909090909091,-0.027486417274619063
Kevin Austin,NO,WR,0.05983377801048132,1700.0,0.05555555555555555,0.004278222454925769
Drake London,ATL,WR,0.4673097088075297,115.0,0.46511627906976744,0.0021934297377622647
Chris Olave,NO,WR,0.08981688067377619,180.0,0.35714285714285715,-0.26732597646908096
Jameson Williams,DET,WR,0.380147051512907,185.0,0.3508771929824561,0.029269858530450887
George Pickens,DAL,WR,0.32096937779430773,265.0,0.273972602739726,0.04699677505458172
Greg Dulcich,NYG,TE,0.061595319466406874,1600.0,0.058823529411764705,0.002771790054642169
Khalil Shakir,BUF,WR,0.39094629894449023,180.0,0.35714285714285715,0.03380344180163308
Kyle Philips,LV,WR,0.1683643592287448,1500.0,0.0625,0.10586435922874479
Teagan Quitoriano,ATL,TE,0.05735374518129893,1300.0,0.07142857142857142,-0.014074826247272493
Jalen Nailor,MIN,WR,0.12556756529812474,390.0,0.20408163265306123,-0.07851406735493649
Connor Heyward,PIT,TE,0.062298615264765565,2200.0,0.043478260869565216,0.01882035439520035
Ko Kieft,TB,TE,0.08197922864745877,1300.0,0.07142857142857142,0.010550657218887344
Nick Muse,PHI,TE,0.07305125675780094,1400.0,0.06666666666666667,0.006384590091134276
Tanner Conner,MIA,WR,0.08852994127050909,1000.0,0.09090909090909091,-0.0023791496385818234
Brandon Johnson,PIT,WR,0.08324727769310158,1600.0,0.058823529411764705,0.02442374828133688
Stone Smartt,NYJ,TE,0.08314076744946979,2000.0,0.047619047619047616,0.03552171983042217
Lucas Krull,DEN,TE,0.07880944308617768,950.0,0.09523809523809523,-0.01642865215191755
Rashid Shaheed,NO,WR,0.24190256334344196,330.0,0.23255813953488372,0.009344423808558239
John Metchie,HOU,WR,0.20429936459912917,1100.0,0.08333333333333333,0.12096603126579585
Tucker Fisk,LAC,TE,0.06285821994854185,950.0,0.09523809523809523,-0.032379875289553384
Alec Pierce,IND,WR,0.17152712377433954,295.0,0.25316455696202533,-0.08163743318768579
Jalen Tolbert,DAL,WR,0.1739013781408382,425.0,0.19047619047619047,-0.016574812335352268
Garrett Wilson,NYJ,WR,0.21595149781589945,195.0,0.3389830508474576,-0.12303155303155816
Jahan Dotson,PHI,WR,0.25728652442542055,400.0,0.2,0.05728652442542054
Treylon Burks,TEN,WR,0.06936166905281838,950.0,0.09523809523809523,-0.025876426185276857
Trey McBride,ARI,TE,0.43146791343750734,190.0,0.3448275862068966,0.08664032723061077
Kavontae Turpin,DAL,WR,0.13484517028580903,950.0,0.09523809523809523,0.0396070750477138
Jeremy Ruckert,NYJ,TE,0.06529258444296936,750.0,0.11764705882352941,-0.052354474380560054
Chigoziem Okonkwo,TEN,TE,0.22858639224987495,450.0,0.18181818181818182,0.04676821043169313
Romeo Doubs,GB,WR,0.3649794539595827,230.0,0.30303030303030304,0.06194915092927966
Calvin Austin,PIT,WR,0.08292408133583498,400.0,0.2,-0.11707591866416503
Isaiah Likely,BAL,TE,0.2746742623327764,200.0,0.3333333333333333,-0.058659071000556895
Jake Ferguson,DAL,TE,0.12231343865602444,360.0,0.21739130434782608,-0.09507786569180164
Charlie Kolar,BAL,TE,0.07042340483832256,1000.0,0.09090909090909091,-0.020485686070768352
Skyy Moore,KC,WR,0.07803336048165944,1400.0,0.06666666666666667,0.011366693814992779
Erik Ezukanma,MIA,WR,0.09000883842952126,1200.0,0.07692307692307693,0.013085761506444332
Tyquan Thornton,KC,WR,0.09575979158686226,1400.0,0.06666666666666667,0.029093124920195598
Daniel Bellinger,NYG,TE,0.08359026522358763,1400.0,0.06666666666666667,0.016923598556920966
Wan'Dale Robinson,NYG,WR,0.34967951662311064,350.0,0.2222222222222222,0.12745729440088843
Cade Otton,TB,TE,0.19908211186339558,265.0,0.273972602739726,-0.07489049087633043
Lucky Jackson,MIN,WR,0.05348409745904451,1700.0,0.05555555555555555,-0.0020714580965110405
Xavier Smith,LA,WR,0.04498021561925826,1800.0,0.05263157894736842,-0.007651363328110158
Dontayvion Wicks,GB,WR,0.3126283214677297,360.0,0.21739130434782608,0.0952370171199036
Will Mallory,IND,TE,0.06780867957872856,1300.0,0.07142857142857142,-0.003619891849842863
Malik Heath,GB,WR,0.23772709306450582,1400.0,0.06666666666666667,0.17106042639783914
Bryce Ford-Wheaton,NYG,WR,0.0507512777724955,2200.0,0.043478260869565216,0.007273016902930286
Xavier Gipson,NYJ,WR,0.05778313788824887,1300.0,0.07142857142857142,-0.013645433540322556
Nikko Remigio,KC,WR,0.3359571075313234,950.0,0.09523809523809523,0.24071901229322817
Jaxon Smith-Njigba,SEA,WR,0.24768694641207512,180.0,0.35714285714285715,-0.10945591073078204
Quentin Johnston,LAC,WR,0.3856797858959376,350.0,0.2222222222222222,0.1634575636737154
Luke Schoonmaker,DAL,TE,0.0880675048210595,900.0,0.1,-0.011932495178940503
Darnell Washington,PIT,TE,0.06290375257657414,1000.0,0.09090909090909091,-0.02800533833251677
Michael Wilson,ARI,WR,0.22912716061489555,320.0,0.23809523809523808,-0.008968077480342534
Tre Tucker,LV,WR,0.1869906823335943,650.0,0.13333333333333333,0.05365734900026098
Derius Davis,LAC,WR,0.06107280500381775,750.0,0.11764705882352941,-0.05657425381971166
Charlie Jones,CIN,WR,0.05239499983267965,1200.0,0.07692307692307693,-0.024528077090397275
Josh Whyle,TEN,TE,0.22394944737354408,1100.0,0.08333333333333333,0.14061611404021074
Justin Shorter,LV,TE,0.051196378545344826,1800.0,0.05263157894736842,-0.0014352004020235926
Parker Washington,JAX,WR,0.26078154007936316,450.0,0.18181818181818182,0.07896335826118134
Kayshon Boutte,NE,WR,0.32360592242047503,650.0,0.13333333333333333,0.1902725890871417
Xavier Hutchinson,HOU,WR,0.07432496173385555,1500.0,0.0625,0.011824961733855555
Andrei Iosivas,CIN,WR,0.11430496301487485,350.0,0.2222222222222222,-0.10791725920734736
Demario Douglas,NE,WR,0.22983679569259685,300.0,0.25,-0.02016320430740315
Jalen Brooks,DAL,WR,0.09277955792400996,850.0,0.10526315789473684,-0.012483599970726872
Brayden Willis,SF,TE,0.07498161926285113,1400.0,0.06666666666666667,0.008314952596184463
Elijah Cooks,PHI,WR,0.10309818958705184,750.0,0.11764705882352941,-0.014548869236477566
Tyrell Shavers,BUF,WR,0.0808815367767649,1100.0,0.08333333333333333,-0.0024517965565684224
Blake Whiteheart,CLE,TE,0.06049531013795995,1700.0,0.05555555555555555,0.0049397545824044
Julian Hill,MIA,TE,0.06439529354081751,750.0,0.11764705882352941,-0.0532517652827119
Jared Wayne,HOU,WR,0.05280008865707406,2500.0,0.038461538461538464,0.014338550195535593
John Stephens,DAL,TE,0.05309138986096051,2000.0,0.047619047619047616,0.005472342241912891
Jake Bobo,SEA,WR,0.07220910809804072,750.0,0.11764705882352941,-0.04543795072548869
Nate Adkins,DEN,TE,0.09710434018158798,1100.0,0.08333333333333333,0.01377100684825465
Ben Sims,GB,TE,0.10752145490421904,1400.0,0.06666666666666667,0.04085478823755237
Rakim Jarrett,TB,WR,0.06635695731442512,1200.0,0.07692307692307693,-0.010566119608651808
Ryan Miller,TB,WR,0.22268035433639566,1300.0,0.07142857142857142,0.15125178290782423
Dalton Kincaid,BUF,TE,0.10829409025111845,210.0,0.3225806451612903,-0.21428655491017184
Brenton Strange,JAX,TE,0.21861417847166117,290.0,0.2564102564102564,-0.03779607793859521
Jalin Hyatt,NYG,WR,0.06313212583375183,800.0,0.1111111111111111,-0.047978985277359276
Tyler Scott,CHI,WR,0.07031300533240403,1100.0,0.08333333333333333,-0.013020328000929296
Marvin Mims,DEN,WR,0.33278186885352756,250.0,0.2857142857142857,0.047067583139241864
Cedric Tillman,CLE,WR,0.2559730222088918,300.0,0.25,0.005973022208891787
Jordan Addison,MIN,WR,0.3042830137516248,190.0,0.3448275862068966,-0.040544572455271766
Tucker Kraft,GB,TE,0.3270991685769648,200.0,0.3333333333333333,-0.00623416475636851
Josh Downs,IND,WR,0.3439899924826881,235.0,0.29850746268656714,0.04548252979612094
Elijah Higgins,ARI,TE,0.10068647036779468,800.0,0.1111111111111111,-0.010424640743316421
Payne Durham,TB,TE,0.11377409431394632,1000.0,0.09090909090909091,0.022865003404855408
Trey Palmer,TB,WR,0.0979819927190911,900.0,0.1,-0.0020180072809089095
Jonathan Mingo,DAL,WR,0.07515005435074515,900.0,0.1,-0.024849945649254856
Zay Flowers,BAL,WR,0.13448676249030705,190.0,0.3448275862068966,-0.21034082371658952
Sam LaPorta,DET,TE,0.301999683985411,185.0,0.3508771929824561,-0.04887750899704513
Michael Mayer,LV,TE,0.12601906621191042,650.0,0.13333333333333333,-0.007314267121422913
Rashee Rice,KC,WR,0.45992060361273396,165.0,0.37735849056603776,0.0825621130466962
Davis Allen,LA,TE,0.07564767093490637,1300.0,0.07142857142857142,0.00421909950633495
Puka Nacua,LA,WR,0.4531604779926334,130.0,0.43478260869565216,0.018377869296981264
Luke Musgrave,GB,TE,0.07595820077834337,750.0,0.11764705882352941,-0.041688858045186045
Jayden Reed,GB,WR,0.11983395045679442,190.0,0.3448275862068966,-0.22499363575010217
Johnny Wilson,PHI,WR,0.21037600781045823,750.0,0.11764705882352941,0.09272894898692882
Jack Westover,NE,TE,0.054401997747793515,1200.0,0.07692307692307693,-0.022521079175283412
Malik Nabers,NYG,WR,0.43521781252248287,135.0,0.425531914893617,0.009685897628865847
Brock Bowers,LV,TE,0.3520637859817596,185.0,0.3508771929824561,0.0011865929993034596
Xavier Legette,CAR,WR,0.24824523966804146,310.0,0.24390243902439024,0.004342800643651223
Luke McCaffrey,WAS,WR,0.1369904258837224,500.0,0.16666666666666666,-0.029676240782944258
Ja'Tavion Sanders,CAR,TE,0.2039075554686614,350.0,0.2222222222222222,-0.018314666753560804
Cade Stover,HOU,TE,0.08372397448870926,500.0,0.16666666666666666,-0.0829426921779574
Jacob Cowing,SF,WR,0.08246148031122598,1000.0,0.09090909090909091,-0.008447610597864932
Jamari Thrash,CLE,WR,0.06156514095846927,800.0,0.1111111111111111,-0.04954597015264184
Bub Means,NO,WR,0.06171514453316082,1000.0,0.09090909090909091,-0.02919394637593009
Jha'Quan Jackson,TEN,WR,0.0841670814523613,1800.0,0.05263157894736842,0.03153550250499289
Casey Washington,ATL,WR,0.06072663224049245,1300.0,0.07142857142857142,-0.010701939188078977
Tejhaun Palmer,ARI,WR,0.054561422354482754,1800.0,0.05263157894736842,0.0019298434071143358
Ryan Flournoy,DAL,WR,0.07330782467372701,1100.0,0.08333333333333333,-0.010025508659606316
Jaheim Bell,NE,TE,0.081358057241028,1000.0,0.09090909090909091,-0.009551033668062911
Devaughn Vele,DEN,WR,0.25200171653991144,370.0,0.2127659574468085,0.03923575909310292
Jalen Coker,CAR,WR,0.29060819606776384,450.0,0.18181818181818182,0.10879001424958201
Xavier Weaver,ARI,WR,0.08682279644210664,950.0,0.09523809523809523,-0.008415298795988596
Brevyn Spann-Ford,DAL,TE,0.08767665590885883,1600.0,0.058823529411764705,0.028853126497094123
Joshua Cephus,JAX,WR,0.05517853661214813,1300.0,0.07142857142857142,-0.016250034816423294
Kameron Johnson,TB,WR,0.05945820139221155,1500.0,0.0625,-0.00304179860778845
Mason Tipton,NO,WR,0.0652870060918109,1900.0,0.05,0.015287006091810898
Cam Grandy,CIN,TE,0.05104504948253523,1200.0,0.07692307692307693,-0.025878027440541698
David Martin-Robinson,TEN,TE,0.059064184851279365,2500.0,0.038461538461538464,0.0206026463897409
Tip Reiman,ARI,TE,0.12825261624828788,1300.0,0.07142857142857142,0.05682404481971645
Roman Wilson,PIT,WR,0.05310895994873245,600.0,0.14285714285714285,-0.0897481829084104
Ainias Smith,PHI,WR,0.24933502466784707,900.0,0.1,0.14933502466784707
Jordan Whittington,LA,WR,0.12742585435166823,475.0,0.17391304347826086,-0.04648718912659264
Devin Culp,TB,TE,0.10007414826749783,1800.0,0.05263157894736842,0.04744256932012941
Devontez Walker,BAL,WR,0.15800668698274578,1000.0,0.09090909090909091,0.06709759607365487
A.J. Barner,SEA,TE,0.2509479759430974,850.0,0.10526315789473684,0.1456848180483606
Jermaine Burton,CIN,WR,0.10477630208740715,650.0,0.13333333333333333,-0.02855703124592618
Jared Wiley,KC,TE,0.07497308646135402,4000.0,0.024390243902439025,0.050582842558914994
Qadir Ismail,LV,WR,0.051196378545344826,2000.0,0.047619047619047616,0.003577330926297209
Theo Johnson,NYG,TE,0.19831993811360896,550.0,0.15384615384615385,0.0444737842674551
Marvin Harrison,ARI,WR,0.33746718011542176,125.0,0.4444444444444444,-0.10697726432902266
Javon Baker,NE,WR,0.08290903476659671,750.0,0.11764705882352941,-0.0347380240569327
Jalen McMillan,TB,WR,0.3813243396041999,265.0,0.273972602739726,0.10735173686447391
Troy Franklin,DEN,WR,0.10355945878678258,400.0,0.2,-0.09644054121321743
Malik Washington,MIA,WR,0.2304208350129357,650.0,0.13333333333333333,0.09708750167960237
Adonai Mitchell,IND,WR,0.06560144079903736,310.0,0.24390243902439024,-0.1783009982253529
Brian Thomas,JAX,WR,0.39594856355510855,115.0,0.46511627906976744,-0.06916771551465889
Xavier Worthy,KC,WR,0.3730628082361123,190.0,0.3448275862068966,0.028235222029215745
Keon Coleman,BUF,WR,0.41895800797772587,175.0,0.36363636363636365,0.05532164434136222
Ja'Lynn Polk,NE,WR,0.13187473552902887,650.0,0.13333333333333333,-0.0014585978043044623
Ben Sinnott,WAS,TE,0.09498500889944532,500.0,0.16666666666666666,-0.07168165776722134
Ladd McConkey,LAC,WR,0.3431368473353241,165.0,0.37735849056603776,-0.03422164323071364
Ricky Pearsall,SF,WR,0.28692517925207417,205.0,0.32786885245901637,-0.0409436732069422
Rome Odunze,CHI,WR,0.1768817124411274,205.0,0.32786885245901637,-0.15098714001788896
Malachi Corley,NYJ,WR,0.06838066179334618,1500.0,0.0625,0.005880661793346176
Savion Williams,GB,WR,0.05529375362596482,700.0,0.125,-0.06970624637403518
LaJohntay Wester,BAL,WR,0.055157743539333115,1100.0,0.08333333333333333,-0.028175589794000214
Tetairoa McMillan,CAR,WR,0.05280008865707406,175.0,0.36363636363636365,-0.31083627497928956
Colston Loveland,CHI,TE,0.054561422354482754,300.0,0.25,-0.19543857764551725
Tyler Warren,IND,TE,0.054561422354482754,225.0,0.3076923076923077,-0.25313088533782496
Emeka Egbuka,TB,WR,0.05586909407133791,240.0,0.29411764705882354,-0.23824855298748562
Jayden Higgins,HOU,WR,0.05280008865707406,330.0,0.23255813953488372,-0.17975805087780966
Kyle Williams,NE,WR,0.054401997747793515,550.0,0.15384615384615385,-0.09944415609836034
Pat Bryant,DEN,WR,0.05472522390289654,450.0,0.18181818181818182,-0.1270929579152853
Jaylin Noel,HOU,WR,0.05280008865707406,700.0,0.125,-0.07219991134292594
Tai Felton,MIN,WR,0.05348409745904451,750.0,0.11764705882352941,-0.0641629613644849
Jaylin Lane,WAS,WR,0.05513947920229508,295.0,0.25316455696202533,-0.19802507775973024
Elic Ayomanor,TEN,WR,0.05175696532391972,950.0,0.09523809523809523,-0.04348112991417551
Jordan Watkins,SF,WR,0.05472522390289654,1000.0,0.09090909090909091,-0.03618386700619437
KeAndre Lambert-Smith,LAC,WR,0.052859321894180106,850.0,0.10526315789473684,-0.05240383600055673
Mitchell Evans,CAR,TE,0.05280008865707406,800.0,0.1111111111111111,-0.05831102245403705
Oronde Gadsden,LAC,TE,0.052859321894180106,600.0,0.14285714285714285,-0.08999782096296274
Jackson Hawes,BUF,TE,0.05601396327795407,1100.0,0.08333333333333333,-0.02731937005537926
Gavin Bartholomew,MIN,TE,0.05348409745904451,1500.0,0.0625,-0.009015902540955488
Jimmy Horn,CAR,WR,0.05280008865707406,750.0,0.11764705882352941,-0.06484697016645535
Tommy Mellott,LV,WR,0.051196378545344826,1300.0,0.07142857142857142,-0.0202321928832266
Tez Johnson,TB,WR,0.05586909407133791,1300.0,0.07142857142857142,-0.015559477357233516
Kaden Prather,BUF,WR,0.05601396327795407,1100.0,0.08333333333333333,-0.02731937005537926
Dominic Lovett,DET,WR,0.05517853661214813,1700.0,0.05555555555555555,-0.0003770189434074214
Junior Bergen,SF,WR,0.05472522390289654,1400.0,0.06666666666666667,-0.011941442763770127
Luke Lachey,HOU,TE,0.05280008865707406,1500.0,0.0625,-0.009699911342925943
Xavier Restrepo,TEN,WR,0.05175696532391972,1400.0,0.06666666666666667,-0.014909701342746946
Dont'e Thornton,LV,WR,0.051196378545344826,600.0,0.14285714285714285,-0.09166076431179802
Arian Smith,NYJ,WR,0.05264280075762946,900.0,0.1,-0.04735719924237054
Gunnar Helm,TEN,TE,0.05175696532391972,1000.0,0.09090909090909091,-0.03915212558517119
Konata Mumpfield,LA,WR,0.05117617053194195,1400.0,0.06666666666666667,-0.015490496134724717
Jalen Royals,KC,WR,0.054507897890773184,500.0,0.16666666666666666,-0.11215876877589348
Tory Horton,SEA,WR,0.053438891101801375,750.0,0.11764705882352941,-0.06420816772172803
Ricky White,SEA,WR,0.053438891101801375,750.0,0.11764705882352941,-0.06420816772172803
Harold Fannin,CLE,TE,0.05360567077786868,550.0,0.15384615384615385,-0.10024048306828517
Matthew Golden,GB,WR,0.05529375362596482,230.0,0.30303030303030304,-0.2477365494043382
Isaac TeSlaa,DET,WR,0.05517853661214813,750.0,0.11764705882352941,-0.06246852221138128
Chimere Dike,TEN,WR,0.05175696532391972,1000.0,0.09090909090909091,-0.03915212558517119
Travis Hunter,JAX,WR,0.05517853661214813,155.0,0.39215686274509803,-0.3369783261329499
Aaron Rodgers,PIT,QB,0.10159929004044235,1300.0,0.07142857142857142,0.030170718611870928
Joe Flacco,CLE,QB,0.08744563110010717,950.0,0.09523809523809523,-0.007792464137988064
Matthew Stafford,LA,QB,0.06834257675527373,1000.0,0.09090909090909091,-0.022566514153817177
Russell Wilson,NYG,QB,0.1199447144873351,500.0,0.16666666666666666,-0.04672195217933156
Geno Smith,LV,QB,0.06937232954307551,500.0,0.16666666666666666,-0.09729433712359115
Dak Prescott,DAL,QB,0.07419860814566466,750.0,0.11764705882352941,-0.04344845067786475
Jared Goff,DET,QB,0.10877044296423688,1200.0,0.07692307692307693,0.03184736604115995
Patrick Mahomes,KC,QB,0.10477650897140248,380.0,0.20833333333333334,-0.10355682436193087
Lamar Jackson,BAL,QB,0.2017200397159879,165.0,0.37735849056603776,-0.17563845085004987
Baker Mayfield,TB,QB,0.0946248443726687,285.0,0.2597402597402597,-0.165115415367591
Josh Allen,BUF,QB,0.4582069248471664,-115.0,0.5348837209302325,-0.0766767960830661
Sam Darnold,SEA,QB,0.12851588398089386,600.0,0.14285714285714285,-0.014341258876248986
Kyler Murray,ARI,QB,0.16754559499404265,225.0,0.3076923076923077,-0.14014671269826506
Daniel Jones,IND,QB,0.44297714484612594,275.0,0.26666666666666666,0.17631047817945927
Tua Tagovailoa,MIA,QB,0.08933524186622206,700.0,0.125,-0.03566475813377794
Jordan Love,GB,QB,0.09364634092801659,550.0,0.15384615384615385,-0.060199812918137266
Justin Herbert,LAC,QB,0.10830395012901267,425.0,0.19047619047619047,-0.0821722403471778
Jalen Hurts,PHI,QB,0.3093728085558713,-125.0,0.5555555555555556,-0.2461827469996843
Joe Burrow,CIN,QB,0.09498045134746816,340.0,0.22727272727272727,-0.1322922759252591
Justin Fields,NYJ,QB,0.12683070086744502,195.0,0.3389830508474576,-0.2121523499800126
Trevor Lawrence,JAX,QB,0.12215015531273994,425.0,0.19047619047619047,-0.06832603516345052
Brock Purdy,SF,QB,0.23487903273039157,425.0,0.19047619047619047,0.0444028422542011
Bryce Young,CAR,QB,0.3318500017382883,400.0,0.2,0.1318500017382883
C.J. Stroud,HOU,QB,0.10840262974960818,400.0,0.2,-0.09159737025039183
Bo Nix,DEN,QB,0.08233445182179497,310.0,0.24390243902439024,-0.16156798720259527
Drake Maye,NE,QB,0.15923173126413503,370.0,0.2127659574468085,-0.05353422618267348
Jayden Daniels,WAS,QB,0.3595905448178789,125.0,0.4444444444444444,-0.08485389962656553
Michael Penix,ATL,QB,0.12838078377614187,850.0,0.10526315789473684,0.023117625881405035
Caleb Williams,CHI,QB,0.0841021342680871,360.0,0.21739130434782608,-0.13328917007973898
J.J. McCarthy,MIN,QB,0.11856410447345526,400.0,0.2,-0.08143589552654475
Cameron Ward,TEN,QB,0.24587293192924828,340.0,0.22727272727272727,0.018600204656521013
