game_id,commence_time,in_play,bookmaker,last_update,home_team,away_team,market,label,description,price,point,season,week,tag,fetched_at
a360e4c43576d22057ff90d818928066,12/14/2025,False,DraftKings,12/12/2025,Houston Texans,Arizona Cardinals,player_anytime_td,Yes,Woody Marks,-155,,2025,15,open,
a360e4c43576d22057ff90d818928066,12/14/2025,False,DraftKings,12/12/2025,Houston Texans,Arizona Cardinals,player_anytime_td,Yes,Nico Collins,110,,2025,15,open,
a360e4c43576d22057ff90d818928066,12/14/2025,False,DraftKings,12/12/2025,Houston Texans,Arizona Cardinals,player_anytime_td,Yes,Trey McBride,160,,2025,15,open,
a360e4c43576d22057ff90d818928066,12/14/2025,False,DraftKings,12/12/2025,Houston Texans,Arizona Cardinals,player_anytime_td,Yes,Dalton Schultz,210,,2025,15,open,
a360e4c43576d22057ff90d818928066,12/14/2025,False,DraftKings,12/12/2025,Houston Texans,Arizona Cardinals,player_anytime_td,Yes,Michael Wilson,210,,2025,15,open,
a360e4c43576d22057ff90d818928066,12/14/2025,False,DraftKings,12/12/2025,Houston Texans,Arizona Cardinals,player_anytime_td,Yes,Zonovan Knight,265,,2025,15,open,
a360e4c43576d22057ff90d818928066,12/14/2025,False,DraftKings,12/12/2025,Houston Texans,Arizona Cardinals,player_anytime_td,Yes,Dare Ogunbowale,280,,2025,15,open,
a360e4c43576d22057ff90d818928066,12/14/2025,False,DraftKings,12/12/2025,Houston Texans,Arizona Cardinals,player_anytime_td,Yes,Jayden Higgins,310,,2025,15,open,
a360e4c43576d22057ff90d818928066,12/14/2025,False,DraftKings,12/12/2025,Houston Texans,Arizona Cardinals,player_anytime_td,Yes,Christian Kirk,340,,2025,15,open,
a360e4c43576d22057ff90d818928066,12/14/2025,False,DraftKings,12/12/2025,Houston Texans,Arizona Cardinals,player_anytime_td,Yes,Michael Carter,360,,2025,15,open,
a360e4c43576d22057ff90d818928066,12/14/2025,False,DraftKings,12/12/2025,Houston Texans,Arizona Cardinals,player_anytime_td,Yes,Houston Texans D/ST,425,,2025,15,open,
a360e4c43576d22057ff90d818928066,12/14/2025,False,DraftKings,12/12/2025,Houston Texans,Arizona Cardinals,player_anytime_td,Yes,Arizona Cardinals D/ST,475,,2025,15,open,
a360e4c43576d22057ff90d818928066,12/14/2025,False,DraftKings,12/12/2025,Houston Texans,Arizona Cardinals,player_anytime_td,Yes,C.J. Stroud,550,,2025,15,open,
a360e4c43576d22057ff90d818928066,12/14/2025,False,DraftKings,12/12/2025,Houston Texans,Arizona Cardinals,player_anytime_td,Yes,Xavier Weaver,700,,2025,15,open,
a360e4c43576d22057ff90d818928066,12/14/2025,False,DraftKings,12/12/2025,Houston Texans,Arizona Cardinals,player_anytime_td,Yes,Xavier Hutchinson,750,,2025,15,open,
a360e4c43576d22057ff90d818928066,12/14/2025,False,DraftKings,12/12/2025,Houston Texans,Arizona Cardinals,player_anytime_td,Yes,Jaylin Noel,800,,2025,15,open,
a360e4c43576d22057ff90d818928066,12/14/2025,False,DraftKings,12/12/2025,Houston Texans,Arizona Cardinals,player_anytime_td,Yes,Cade Stover,900,,2025,15,open,
a360e4c43576d22057ff90d818928066,12/14/2025,False,DraftKings,12/12/2025,Houston Texans,Arizona Cardinals,player_anytime_td,Yes,Braxton Berrios,900,,2025,15,open,
a360e4c43576d22057ff90d818928066,12/14/2025,False,DraftKings,12/12/2025,Houston Texans,Arizona Cardinals,player_anytime_td,Yes,Elijah Higgins,900,,2025,15,open,
a360e4c43576d22057ff90d818928066,12/14/2025,False,DraftKings,12/12/2025,Houston Texans,Arizona Cardinals,player_anytime_td,Yes,Jacoby Brissett,950,,2025,15,open,
a360e4c43576d22057ff90d818928066,12/14/2025,False,DraftKings,12/12/2025,Houston Texans,Arizona Cardinals,player_anytime_td,Yes,Andre Baccellia,1000,,2025,15,open,
a360e4c43576d22057ff90d818928066,12/14/2025,False,DraftKings,12/12/2025,Houston Texans,Arizona Cardinals,player_anytime_td,Yes,British Brooks,1300,,2025,15,open,
a360e4c43576d22057ff90d818928066,12/14/2025,False,DraftKings,12/12/2025,Houston Texans,Arizona Cardinals,player_anytime_td,Yes,Pharaoh Brown,2800,,2025,15,open,
a360e4c43576d22057ff90d818928066,12/14/2025,False,DraftKings,12/12/2025,Houston Texans,Arizona Cardinals,player_anytime_td,Yes,Josiah Deguara,3000,,2025,15,open,
a360e4c43576d22057ff90d818928066,12/14/2025,False,DraftKings,12/12/2025,Houston Texans,Arizona Cardinals,player_anytime_td,Yes,Corey Kiner,4000,,2025,15,open,
1aa1fb046f11dadb32dad77d5baf552e,12/14/2025,False,DraftKings,12/12/2025,Cincinnati Bengals,Baltimore Ravens,player_anytime_td,Yes,Ja'Marr Chase,-180,,2025,15,open,
1aa1fb046f11dadb32dad77d5baf552e,12/14/2025,False,DraftKings,12/12/2025,Cincinnati Bengals,Baltimore Ravens,player_anytime_td,Yes,Derrick Henry,-170,,2025,15,open,
1aa1fb046f11dadb32dad77d5baf552e,12/14/2025,False,DraftKings,12/12/2025,Cincinnati Bengals,Baltimore Ravens,player_anytime_td,Yes,Mark Andrews,145,,2025,15,open,
1aa1fb046f11dadb32dad77d5baf552e,12/14/2025,False,DraftKings,12/12/2025,Cincinnati Bengals,Baltimore Ravens,player_anytime_td,Yes,Chase Brown,155,,2025,15,open,
1aa1fb046f11dadb32dad77d5baf552e,12/14/2025,False,DraftKings,12/12/2025,Cincinnati Bengals,Baltimore Ravens,player_anytime_td,Yes,Zay Flowers,170,,2025,15,open,
1aa1fb046f11dadb32dad77d5baf552e,12/14/2025,False,DraftKings,12/12/2025,Cincinnati Bengals,Baltimore Ravens,player_anytime_td,Yes,Mike Gesicki,195,,2025,15,open,
1aa1fb046f11dadb32dad77d5baf552e,12/14/2025,False,DraftKings,12/12/2025,Cincinnati Bengals,Baltimore Ravens,player_anytime_td,Yes,Andrei Iosivas,205,,2025,15,open,
1aa1fb046f11dadb32dad77d5baf552e,12/14/2025,False,DraftKings,12/12/2025,Cincinnati Bengals,Baltimore Ravens,player_anytime_td,Yes,Isaiah Likely,235,,2025,15,open,
1aa1fb046f11dadb32dad77d5baf552e,12/14/2025,False,DraftKings,12/12/2025,Cincinnati Bengals,Baltimore Ravens,player_anytime_td,Yes,Lamar Jackson,235,,2025,15,open,
1aa1fb046f11dadb32dad77d5baf552e,12/14/2025,False,DraftKings,12/12/2025,Cincinnati Bengals,Baltimore Ravens,player_anytime_td,Yes,DeAndre Hopkins,350,,2025,15,open,
1aa1fb046f11dadb32dad77d5baf552e,12/14/2025,False,DraftKings,12/12/2025,Cincinnati Bengals,Baltimore Ravens,player_anytime_td,Yes,Rashod Bateman,370,,2025,15,open,
1aa1fb046f11dadb32dad77d5baf552e,12/14/2025,False,DraftKings,12/12/2025,Cincinnati Bengals,Baltimore Ravens,player_anytime_td,Yes,Mitchell Tinsley,390,,2025,15,open,
1aa1fb046f11dadb32dad77d5baf552e,12/14/2025,False,DraftKings,12/12/2025,Cincinnati Bengals,Baltimore Ravens,player_anytime_td,Yes,Samaje Perine,400,,2025,15,open,
1aa1fb046f11dadb32dad77d5baf552e,12/14/2025,False,DraftKings,12/12/2025,Cincinnati Bengals,Baltimore Ravens,player_anytime_td,Yes,Noah Fant,450,,2025,15,open,
1aa1fb046f11dadb32dad77d5baf552e,12/14/2025,False,DraftKings,12/12/2025,Cincinnati Bengals,Baltimore Ravens,player_anytime_td,Yes,Baltimore Ravens D/ST,475,,2025,15,open,
1aa1fb046f11dadb32dad77d5baf552e,12/14/2025,False,DraftKings,12/12/2025,Cincinnati Bengals,Baltimore Ravens,player_anytime_td,Yes,Keaton Mitchell,500,,2025,15,open,
1aa1fb046f11dadb32dad77d5baf552e,12/14/2025,False,DraftKings,12/12/2025,Cincinnati Bengals,Baltimore Ravens,player_anytime_td,Yes,Cincinnati Bengals D/ST,500,,2025,15,open,
1aa1fb046f11dadb32dad77d5baf552e,12/14/2025,False,DraftKings,12/12/2025,Cincinnati Bengals,Baltimore Ravens,player_anytime_td,Yes,Rasheen Ali,700,,2025,15,open,
1aa1fb046f11dadb32dad77d5baf552e,12/14/2025,False,DraftKings,12/12/2025,Cincinnati Bengals,Baltimore Ravens,player_anytime_td,Yes,Tanner Hudson,750,,2025,15,open,
1aa1fb046f11dadb32dad77d5baf552e,12/14/2025,False,DraftKings,12/12/2025,Cincinnati Bengals,Baltimore Ravens,player_anytime_td,Yes,Cam Grandy,900,,2025,15,open,
1aa1fb046f11dadb32dad77d5baf552e,12/14/2025,False,DraftKings,12/12/2025,Cincinnati Bengals,Baltimore Ravens,player_anytime_td,Yes,Joe Burrow,1000,,2025,15,open,
1aa1fb046f11dadb32dad77d5baf552e,12/14/2025,False,DraftKings,12/12/2025,Cincinnati Bengals,Baltimore Ravens,player_anytime_td,Yes,Devontez Walker,1100,,2025,15,open,
1aa1fb046f11dadb32dad77d5baf552e,12/14/2025,False,DraftKings,12/12/2025,Cincinnati Bengals,Baltimore Ravens,player_anytime_td,Yes,Charlie Kolar,1100,,2025,15,open,
1aa1fb046f11dadb32dad77d5baf552e,12/14/2025,False,DraftKings,12/12/2025,Cincinnati Bengals,Baltimore Ravens,player_anytime_td,Yes,Tylan Wallace,1100,,2025,15,open,
1aa1fb046f11dadb32dad77d5baf552e,12/14/2025,False,DraftKings,12/12/2025,Cincinnati Bengals,Baltimore Ravens,player_anytime_td,Yes,Drew Sample,1500,,2025,15,open,
1aa1fb046f11dadb32dad77d5baf552e,12/14/2025,False,DraftKings,12/12/2025,Cincinnati Bengals,Baltimore Ravens,player_anytime_td,Yes,LaJohntay Wester,1700,,2025,15,open,
1aa1fb046f11dadb32dad77d5baf552e,12/14/2025,False,DraftKings,12/12/2025,Cincinnati Bengals,Baltimore Ravens,player_anytime_td,Yes,Charlie Jones,1900,,2025,15,open,
1aa1fb046f11dadb32dad77d5baf552e,12/14/2025,False,DraftKings,12/12/2025,Cincinnati Bengals,Baltimore Ravens,player_anytime_td,Yes,Patrick Ricard,2200,,2025,15,open,
1aa1fb046f11dadb32dad77d5baf552e,12/14/2025,False,DraftKings,12/12/2025,Cincinnati Bengals,Baltimore Ravens,player_anytime_td,Yes,Tahj Brooks,2500,,2025,15,open,
c127c7a2426ec655e18ca9c394068f6c,12/14/2025,False,DraftKings,12/12/2025,New England Patriots,Buffalo Bills,player_anytime_td,Yes,James Cook,-125,,2025,15,open,
c127c7a2426ec655e18ca9c394068f6c,12/14/2025,False,DraftKings,12/12/2025,New England Patriots,Buffalo Bills,player_anytime_td,Yes,TreVeyon Henderson,-110,,2025,15,open,
c127c7a2426ec655e18ca9c394068f6c,12/14/2025,False,DraftKings,12/12/2025,New England Patriots,Buffalo Bills,player_anytime_td,Yes,Josh Allen,-110,,2025,15,open,
c127c7a2426ec655e18ca9c394068f6c,12/14/2025,False,DraftKings,12/12/2025,New England Patriots,Buffalo Bills,player_anytime_td,Yes,Stefon Diggs,145,,2025,15,open,
c127c7a2426ec655e18ca9c394068f6c,12/14/2025,False,DraftKings,12/12/2025,New England Patriots,Buffalo Bills,player_anytime_td,Yes,Hunter Henry,195,,2025,15,open,
c127c7a2426ec655e18ca9c394068f6c,12/14/2025,False,DraftKings,12/12/2025,New England Patriots,Buffalo Bills,player_anytime_td,Yes,Rhamondre Stevenson,230,,2025,15,open,
c127c7a2426ec655e18ca9c394068f6c,12/14/2025,False,DraftKings,12/12/2025,New England Patriots,Buffalo Bills,player_anytime_td,Yes,Dalton Kincaid,295,,2025,15,open,
c127c7a2426ec655e18ca9c394068f6c,12/14/2025,False,DraftKings,12/12/2025,New England Patriots,Buffalo Bills,player_anytime_td,Yes,Khalil Shakir,310,,2025,15,open,
c127c7a2426ec655e18ca9c394068f6c,12/14/2025,False,DraftKings,12/12/2025,New England Patriots,Buffalo Bills,player_anytime_td,Yes,Kayshon Boutte,330,,2025,15,open,
c127c7a2426ec655e18ca9c394068f6c,12/14/2025,False,DraftKings,12/12/2025,New England Patriots,Buffalo Bills,player_anytime_td,Yes,Mack Hollins,340,,2025,15,open,
c127c7a2426ec655e18ca9c394068f6c,12/14/2025,False,DraftKings,12/12/2025,New England Patriots,Buffalo Bills,player_anytime_td,Yes,Dawson Knox,350,,2025,15,open,
c127c7a2426ec655e18ca9c394068f6c,12/14/2025,False,DraftKings,12/12/2025,New England Patriots,Buffalo Bills,player_anytime_td,Yes,Gabe Davis,400,,2025,15,open,
c127c7a2426ec655e18ca9c394068f6c,12/14/2025,False,DraftKings,12/12/2025,New England Patriots,Buffalo Bills,player_anytime_td,Yes,Joshua Palmer,400,,2025,15,open,
c127c7a2426ec655e18ca9c394068f6c,12/14/2025,False,DraftKings,12/12/2025,New England Patriots,Buffalo Bills,player_anytime_td,Yes,Drake Maye,450,,2025,15,open,
c127c7a2426ec655e18ca9c394068f6c,12/14/2025,False,DraftKings,12/12/2025,New England Patriots,Buffalo Bills,player_anytime_td,Yes,Keon Coleman,500,,2025,15,open,
c127c7a2426ec655e18ca9c394068f6c,12/14/2025,False,DraftKings,12/12/2025,New England Patriots,Buffalo Bills,player_anytime_td,Yes,New England Patriots D/ST,500,,2025,15,open,
c127c7a2426ec655e18ca9c394068f6c,12/14/2025,False,DraftKings,12/12/2025,New England Patriots,Buffalo Bills,player_anytime_td,Yes,Buffalo Bills D/ST,500,,2025,15,open,
c127c7a2426ec655e18ca9c394068f6c,12/14/2025,False,DraftKings,12/12/2025,New England Patriots,Buffalo Bills,player_anytime_td,Yes,Ty Johnson,550,,2025,15,open,
c127c7a2426ec655e18ca9c394068f6c,12/14/2025,False,DraftKings,12/12/2025,New England Patriots,Buffalo Bills,player_anytime_td,Yes,DeMario Douglas,600,,2025,15,open,
c127c7a2426ec655e18ca9c394068f6c,12/14/2025,False,DraftKings,12/12/2025,New England Patriots,Buffalo Bills,player_anytime_td,Yes,Austin Hooper,700,,2025,15,open,
c127c7a2426ec655e18ca9c394068f6c,12/14/2025,False,DraftKings,12/12/2025,New England Patriots,Buffalo Bills,player_anytime_td,Yes,Jackson Hawes,700,,2025,15,open,
c127c7a2426ec655e18ca9c394068f6c,12/14/2025,False,DraftKings,12/12/2025,New England Patriots,Buffalo Bills,player_anytime_td,Yes,Efton Chism III,900,,2025,15,open,
c127c7a2426ec655e18ca9c394068f6c,12/14/2025,False,DraftKings,12/12/2025,New England Patriots,Buffalo Bills,player_anytime_td,Yes,Kyle Williams,950,,2025,15,open,
c127c7a2426ec655e18ca9c394068f6c,12/14/2025,False,DraftKings,12/12/2025,New England Patriots,Buffalo Bills,player_anytime_td,Yes,Ray Davis,950,,2025,15,open,
c127c7a2426ec655e18ca9c394068f6c,12/14/2025,False,DraftKings,12/12/2025,New England Patriots,Buffalo Bills,player_anytime_td,Yes,Tyrell Shavers,1000,,2025,15,open,
c127c7a2426ec655e18ca9c394068f6c,12/14/2025,False,DraftKings,12/12/2025,New England Patriots,Buffalo Bills,player_anytime_td,Yes,Brandin Cooks,1000,,2025,15,open,
c127c7a2426ec655e18ca9c394068f6c,12/14/2025,False,DraftKings,12/12/2025,New England Patriots,Buffalo Bills,player_anytime_td,Yes,CJ Dippre,2200,,2025,15,open,
c127c7a2426ec655e18ca9c394068f6c,12/14/2025,False,DraftKings,12/12/2025,New England Patriots,Buffalo Bills,player_anytime_td,Yes,Jack Westover,2200,,2025,15,open,
c127c7a2426ec655e18ca9c394068f6c,12/14/2025,False,DraftKings,12/12/2025,New England Patriots,Buffalo Bills,player_anytime_td,Yes,Reggie Gilliam,3000,,2025,15,open,
8261541e6b9b32537bd0821ef2c0a05d,12/14/2025,False,DraftKings,12/12/2025,Chicago Bears,Cleveland Browns,player_anytime_td,Yes,Quinshon Judkins,120,,2025,15,open,
8261541e6b9b32537bd0821ef2c0a05d,12/14/2025,False,DraftKings,12/12/2025,Chicago Bears,Cleveland Browns,player_anytime_td,Yes,Kyle Monangai,135,,2025,15,open,
8261541e6b9b32537bd0821ef2c0a05d,12/14/2025,False,DraftKings,12/12/2025,Chicago Bears,Cleveland Browns,player_anytime_td,Yes,D'Andre Swift,135,,2025,15,open,
8261541e6b9b32537bd0821ef2c0a05d,12/14/2025,False,DraftKings,12/12/2025,Chicago Bears,Cleveland Browns,player_anytime_td,Yes,DJ Moore,185,,2025,15,open,
8261541e6b9b32537bd0821ef2c0a05d,12/14/2025,False,DraftKings,12/12/2025,Chicago Bears,Cleveland Browns,player_anytime_td,Yes,Colston Loveland,265,,2025,15,open,
8261541e6b9b32537bd0821ef2c0a05d,12/14/2025,False,DraftKings,12/12/2025,Chicago Bears,Cleveland Browns,player_anytime_td,Yes,Harold Fannin Jr.,270,,2025,15,open,
8261541e6b9b32537bd0821ef2c0a05d,12/14/2025,False,DraftKings,12/12/2025,Chicago Bears,Cleveland Browns,player_anytime_td,Yes,Luther Burden III,280,,2025,15,open,
8261541e6b9b32537bd0821ef2c0a05d,12/14/2025,False,DraftKings,12/12/2025,Chicago Bears,Cleveland Browns,player_anytime_td,Yes,Caleb Williams,320,,2025,15,open,
8261541e6b9b32537bd0821ef2c0a05d,12/14/2025,False,DraftKings,12/12/2025,Chicago Bears,Cleveland Browns,player_anytime_td,Yes,Cole Kmet,390,,2025,15,open,
8261541e6b9b32537bd0821ef2c0a05d,12/14/2025,False,DraftKings,12/12/2025,Chicago Bears,Cleveland Browns,player_anytime_td,Yes,Devin Duvernay,400,,2025,15,open,
8261541e6b9b32537bd0821ef2c0a05d,12/14/2025,False,DraftKings,12/12/2025,Chicago Bears,Cleveland Browns,player_anytime_td,Yes,Olamide Zaccheaus,400,,2025,15,open,
8261541e6b9b32537bd0821ef2c0a05d,12/14/2025,False,DraftKings,12/12/2025,Chicago Bears,Cleveland Browns,player_anytime_td,Yes,Jerry Jeudy,425,,2025,15,open,
8261541e6b9b32537bd0821ef2c0a05d,12/14/2025,False,DraftKings,12/12/2025,Chicago Bears,Cleveland Browns,player_anytime_td,Yes,Chicago Bears D/ST,500,,2025,15,open,
8261541e6b9b32537bd0821ef2c0a05d,12/14/2025,False,DraftKings,12/12/2025,Chicago Bears,Cleveland Browns,player_anytime_td,Yes,Isaiah Bond,550,,2025,15,open,
8261541e6b9b32537bd0821ef2c0a05d,12/14/2025,False,DraftKings,12/12/2025,Chicago Bears,Cleveland Browns,player_anytime_td,Yes,Cleveland Browns D/ST,550,,2025,15,open,
8261541e6b9b32537bd0821ef2c0a05d,12/14/2025,False,DraftKings,12/12/2025,Chicago Bears,Cleveland Browns,player_anytime_td,Yes,Gage Larvadain,850,,2025,15,open,
8261541e6b9b32537bd0821ef2c0a05d,12/14/2025,False,DraftKings,12/12/2025,Chicago Bears,Cleveland Browns,player_anytime_td,Yes,Shedeur Sanders,900,,2025,15,open,
8261541e6b9b32537bd0821ef2c0a05d,12/14/2025,False,DraftKings,12/12/2025,Chicago Bears,Cleveland Browns,player_anytime_td,Yes,Malachi Corley,900,,2025,15,open,
8261541e6b9b32537bd0821ef2c0a05d,12/14/2025,False,DraftKings,12/12/2025,Chicago Bears,Cleveland Browns,player_anytime_td,Yes,Raheim Sanders,950,,2025,15,open,
8261541e6b9b32537bd0821ef2c0a05d,12/14/2025,False,DraftKings,12/12/2025,Chicago Bears,Cleveland Browns,player_anytime_td,Yes,Blake Whiteheart,1100,,2025,15,open,
8261541e6b9b32537bd0821ef2c0a05d,12/14/2025,False,DraftKings,12/12/2025,Chicago Bears,Cleveland Browns,player_anytime_td,Yes,Durham Smythe,2000,,2025,15,open,
8261541e6b9b32537bd0821ef2c0a05d,12/14/2025,False,DraftKings,12/12/2025,Chicago Bears,Cleveland Browns,player_anytime_td,Yes,Jamari Thrash,2200,,2025,15,open,
0f0601c020a478f5d9f81f06a141c2c8,12/14/2025,False,DraftKings,12/12/2025,Jacksonville Jaguars,New York Jets,player_anytime_td,Yes,Travis Etienne Jr.,-205,,2025,15,open,
0f0601c020a478f5d9f81f06a141c2c8,12/14/2025,False,DraftKings,12/12/2025,Jacksonville Jaguars,New York Jets,player_anytime_td,Yes,Breece Hall,150,,2025,15,open,
0f0601c020a478f5d9f81f06a141c2c8,12/14/2025,False,DraftKings,12/12/2025,Jacksonville Jaguars,New York Jets,player_anytime_td,Yes,Jakobi Meyers,160,,2025,15,open,
0f0601c020a478f5d9f81f06a141c2c8,12/14/2025,False,DraftKings,12/12/2025,Jacksonville Jaguars,New York Jets,player_anytime_td,Yes,Brian Thomas Jr,180,,2025,15,open,
0f0601c020a478f5d9f81f06a141c2c8,12/14/2025,False,DraftKings,12/12/2025,Jacksonville Jaguars,New York Jets,player_anytime_td,Yes,Brenton Strange,235,,2025,15,open,
0f0601c020a478f5d9f81f06a141c2c8,12/14/2025,False,DraftKings,12/12/2025,Jacksonville Jaguars,New York Jets,player_anytime_td,Yes,Parker Washington,240,,2025,15,open,
0f0601c020a478f5d9f81f06a141c2c8,12/14/2025,False,DraftKings,12/12/2025,Jacksonville Jaguars,New York Jets,player_anytime_td,Yes,Trevor Lawrence,260,,2025,15,open,
0f0601c020a478f5d9f81f06a141c2c8,12/14/2025,False,DraftKings,12/12/2025,Jacksonville Jaguars,New York Jets,player_anytime_td,Yes,Bhayshul Tuten,300,,2025,15,open,
0f0601c020a478f5d9f81f06a141c2c8,12/14/2025,False,DraftKings,12/12/2025,Jacksonville Jaguars,New York Jets,player_anytime_td,Yes,Adonai Mitchell,380,,2025,15,open,
0f0601c020a478f5d9f81f06a141c2c8,12/14/2025,False,DraftKings,12/12/2025,Jacksonville Jaguars,New York Jets,player_anytime_td,Yes,Jacksonville Jaguars D/ST,450,,2025,15,open,
0f0601c020a478f5d9f81f06a141c2c8,12/14/2025,False,DraftKings,12/12/2025,Jacksonville Jaguars,New York Jets,player_anytime_td,Yes,John Metchie III,475,,2025,15,open,
0f0601c020a478f5d9f81f06a141c2c8,12/14/2025,False,DraftKings,12/12/2025,Jacksonville Jaguars,New York Jets,player_anytime_td,Yes,New York Jets D/ST,500,,2025,15,open,
0f0601c020a478f5d9f81f06a141c2c8,12/14/2025,False,DraftKings,12/12/2025,Jacksonville Jaguars,New York Jets,player_anytime_td,Yes,Jeremy Ruckert,650,,2025,15,open,
0f0601c020a478f5d9f81f06a141c2c8,12/14/2025,False,DraftKings,12/12/2025,Jacksonville Jaguars,New York Jets,player_anytime_td,Yes,Brady Cook,700,,2025,15,open,
0f0601c020a478f5d9f81f06a141c2c8,12/14/2025,False,DraftKings,12/12/2025,Jacksonville Jaguars,New York Jets,player_anytime_td,Yes,Isaiah Davis,700,,2025,15,open,
0f0601c020a478f5d9f81f06a141c2c8,12/14/2025,False,DraftKings,12/12/2025,Jacksonville Jaguars,New York Jets,player_anytime_td,Yes,Isaiah Williams,750,,2025,15,open,
0f0601c020a478f5d9f81f06a141c2c8,12/14/2025,False,DraftKings,12/12/2025,Jacksonville Jaguars,New York Jets,player_anytime_td,Yes,Hunter Long,1000,,2025,15,open,
0f0601c020a478f5d9f81f06a141c2c8,12/14/2025,False,DraftKings,12/12/2025,Jacksonville Jaguars,New York Jets,player_anytime_td,Yes,Quintin Morris,1100,,2025,15,open,
0f0601c020a478f5d9f81f06a141c2c8,12/14/2025,False,DraftKings,12/12/2025,Jacksonville Jaguars,New York Jets,player_anytime_td,Yes,Dyami Brown,1200,,2025,15,open,
0f0601c020a478f5d9f81f06a141c2c8,12/14/2025,False,DraftKings,12/12/2025,Jacksonville Jaguars,New York Jets,player_anytime_td,Yes,Johnny Mundt,1500,,2025,15,open,
0f0601c020a478f5d9f81f06a141c2c8,12/14/2025,False,DraftKings,12/12/2025,Jacksonville Jaguars,New York Jets,player_anytime_td,Yes,Jelani Woods,1700,,2025,15,open,
0f0601c020a478f5d9f81f06a141c2c8,12/14/2025,False,DraftKings,12/12/2025,Jacksonville Jaguars,New York Jets,player_anytime_td,Yes,Stone Smartt,1700,,2025,15,open,
0f0601c020a478f5d9f81f06a141c2c8,12/14/2025,False,DraftKings,12/12/2025,Jacksonville Jaguars,New York Jets,player_anytime_td,Yes,Allen Lazard,1800,,2025,15,open,
0f0601c020a478f5d9f81f06a141c2c8,12/14/2025,False,DraftKings,12/12/2025,Jacksonville Jaguars,New York Jets,player_anytime_td,Yes,Kene Nwangwu,2200,,2025,15,open,
0f0601c020a478f5d9f81f06a141c2c8,12/14/2025,False,DraftKings,12/12/2025,Jacksonville Jaguars,New York Jets,player_anytime_td,Yes,Arian Smith,2200,,2025,15,open,
0f0601c020a478f5d9f81f06a141c2c8,12/14/2025,False,DraftKings,12/12/2025,Jacksonville Jaguars,New York Jets,player_anytime_td,Yes,Khalil Herbert,2200,,2025,15,open,
0f0601c020a478f5d9f81f06a141c2c8,12/14/2025,False,DraftKings,12/12/2025,Jacksonville Jaguars,New York Jets,player_anytime_td,Yes,Tyler Johnson,2800,,2025,15,open,
0f0601c020a478f5d9f81f06a141c2c8,12/14/2025,False,DraftKings,12/12/2025,Jacksonville Jaguars,New York Jets,player_anytime_td,Yes,Andrew Beck,3000,,2025,15,open,
cd5151f8a1e7fcba4901929e77b94acd,12/14/2025,False,DraftKings,12/12/2025,Kansas City Chiefs,Los Angeles Chargers,player_anytime_td,Yes,Rashee Rice,-105,,2025,15,open,
cd5151f8a1e7fcba4901929e77b94acd,12/14/2025,False,DraftKings,12/12/2025,Kansas City Chiefs,Los Angeles Chargers,player_anytime_td,Yes,Kareem Hunt,105,,2025,15,open,
cd5151f8a1e7fcba4901929e77b94acd,12/14/2025,False,DraftKings,12/12/2025,Kansas City Chiefs,Los Angeles Chargers,player_anytime_td,Yes,Omarion Hampton,160,,2025,15,open,
cd5151f8a1e7fcba4901929e77b94acd,12/14/2025,False,DraftKings,12/12/2025,Kansas City Chiefs,Los Angeles Chargers,player_anytime_td,Yes,Travis Kelce,220,,2025,15,open,
cd5151f8a1e7fcba4901929e77b94acd,12/14/2025,False,DraftKings,12/12/2025,Kansas City Chiefs,Los Angeles Chargers,player_anytime_td,Yes,Ladd McConkey,235,,2025,15,open,
cd5151f8a1e7fcba4901929e77b94acd,12/14/2025,False,DraftKings,12/12/2025,Kansas City Chiefs,Los Angeles Chargers,player_anytime_td,Yes,Xavier Worthy,290,,2025,15,open,
cd5151f8a1e7fcba4901929e77b94acd,12/14/2025,False,DraftKings,12/12/2025,Kansas City Chiefs,Los Angeles Chargers,player_anytime_td,Yes,Oronde Gadsden II,295,,2025,15,open,
cd5151f8a1e7fcba4901929e77b94acd,12/14/2025,False,DraftKings,12/12/2025,Kansas City Chiefs,Los Angeles Chargers,player_anytime_td,Yes,Keenan Allen,320,,2025,15,open,
cd5151f8a1e7fcba4901929e77b94acd,12/14/2025,False,DraftKings,12/12/2025,Kansas City Chiefs,Los Angeles Chargers,player_anytime_td,Yes,Isiah Pacheco,400,,2025,15,open,
cd5151f8a1e7fcba4901929e77b94acd,12/14/2025,False,DraftKings,12/12/2025,Kansas City Chiefs,Los Angeles Chargers,player_anytime_td,Yes,Patrick Mahomes,400,,2025,15,open,
cd5151f8a1e7fcba4901929e77b94acd,12/14/2025,False,DraftKings,12/12/2025,Kansas City Chiefs,Los Angeles Chargers,player_anytime_td,Yes,Tre Harris,425,,2025,15,open,
cd5151f8a1e7fcba4901929e77b94acd,12/14/2025,False,DraftKings,12/12/2025,Kansas City Chiefs,Los Angeles Chargers,player_anytime_td,Yes,Kansas City Chiefs D/ST,450,,2025,15,open,
cd5151f8a1e7fcba4901929e77b94acd,12/14/2025,False,DraftKings,12/12/2025,Kansas City Chiefs,Los Angeles Chargers,player_anytime_td,Yes,Kimani Vidal,475,,2025,15,open,
cd5151f8a1e7fcba4901929e77b94acd,12/14/2025,False,DraftKings,12/12/2025,Kansas City Chiefs,Los Angeles Chargers,player_anytime_td,Yes,Los Angeles Chargers D/ST,500,,2025,15,open,
cd5151f8a1e7fcba4901929e77b94acd,12/14/2025,False,DraftKings,12/12/2025,Kansas City Chiefs,Los Angeles Chargers,player_anytime_td,Yes,Noah Gray,700,,2025,15,open,
cd5151f8a1e7fcba4901929e77b94acd,12/14/2025,False,DraftKings,12/12/2025,Kansas City Chiefs,Los Angeles Chargers,player_anytime_td,Yes,Justin Herbert,700,,2025,15,open,
cd5151f8a1e7fcba4901929e77b94acd,12/14/2025,False,DraftKings,12/12/2025,Kansas City Chiefs,Los Angeles Chargers,player_anytime_td,Yes,Tyquan Thornton,750,,2025,15,open,
cd5151f8a1e7fcba4901929e77b94acd,12/14/2025,False,DraftKings,12/12/2025,Kansas City Chiefs,Los Angeles Chargers,player_anytime_td,Yes,JuJu Smith-Schuster,750,,2025,15,open,
cd5151f8a1e7fcba4901929e77b94acd,12/14/2025,False,DraftKings,12/12/2025,Kansas City Chiefs,Los Angeles Chargers,player_anytime_td,Yes,Tyler Conklin,1000,,2025,15,open,
cd5151f8a1e7fcba4901929e77b94acd,12/14/2025,False,DraftKings,12/12/2025,Kansas City Chiefs,Los Angeles Chargers,player_anytime_td,Yes,Will Dissly,1100,,2025,15,open,
cd5151f8a1e7fcba4901929e77b94acd,12/14/2025,False,DraftKings,12/12/2025,Kansas City Chiefs,Los Angeles Chargers,player_anytime_td,Yes,Brashard Smith,1300,,2025,15,open,
cd5151f8a1e7fcba4901929e77b94acd,12/14/2025,False,DraftKings,12/12/2025,Kansas City Chiefs,Los Angeles Chargers,player_anytime_td,Yes,Elijah Mitchell,1500,,2025,15,open,
cd5151f8a1e7fcba4901929e77b94acd,12/14/2025,False,DraftKings,12/12/2025,Kansas City Chiefs,Los Angeles Chargers,player_anytime_td,Yes,KeAndre Lambert-Smith,1700,,2025,15,open,
cd5151f8a1e7fcba4901929e77b94acd,12/14/2025,False,DraftKings,12/12/2025,Kansas City Chiefs,Los Angeles Chargers,player_anytime_td,Yes,Jalen Royals,2200,,2025,15,open,
cd5151f8a1e7fcba4901929e77b94acd,12/14/2025,False,DraftKings,12/12/2025,Kansas City Chiefs,Los Angeles Chargers,player_anytime_td,Yes,Nikko Remigio,2800,,2025,15,open,
cd5151f8a1e7fcba4901929e77b94acd,12/14/2025,False,DraftKings,12/12/2025,Kansas City Chiefs,Los Angeles Chargers,player_anytime_td,Yes,Jared Wiley,3000,,2025,15,open,
cd5151f8a1e7fcba4901929e77b94acd,12/14/2025,False,DraftKings,12/12/2025,Kansas City Chiefs,Los Angeles Chargers,player_anytime_td,Yes,Robert Tonyan,3000,,2025,15,open,
cd5151f8a1e7fcba4901929e77b94acd,12/14/2025,False,DraftKings,12/12/2025,Kansas City Chiefs,Los Angeles Chargers,player_anytime_td,Yes,Hassan Haskins,3000,,2025,15,open,
cd5151f8a1e7fcba4901929e77b94acd,12/14/2025,False,DraftKings,12/12/2025,Kansas City Chiefs,Los Angeles Chargers,player_anytime_td,Yes,Derius Davis,3500,,2025,15,open,
cd5151f8a1e7fcba4901929e77b94acd,12/14/2025,False,DraftKings,12/12/2025,Kansas City Chiefs,Los Angeles Chargers,player_anytime_td,Yes,Scott Matlock,3500,,2025,15,open,
813dab51d999b87c7968ac4890965f73,12/14/2025,False,DraftKings,12/12/2025,Philadelphia Eagles,Las Vegas Raiders,player_anytime_td,Yes,Jalen Hurts,-140,,2025,15,open,
813dab51d999b87c7968ac4890965f73,12/14/2025,False,DraftKings,12/12/2025,Philadelphia Eagles,Las Vegas Raiders,player_anytime_td,Yes,Saquon Barkley,-125,,2025,15,open,
813dab51d999b87c7968ac4890965f73,12/14/2025,False,DraftKings,12/12/2025,Philadelphia Eagles,Las Vegas Raiders,player_anytime_td,Yes,AJ Brown,140,,2025,15,open,
813dab51d999b87c7968ac4890965f73,12/14/2025,False,DraftKings,12/12/2025,Philadelphia Eagles,Las Vegas Raiders,player_anytime_td,Yes,Ashton Jeanty,180,,2025,15,open,
813dab51d999b87c7968ac4890965f73,12/14/2025,False,DraftKings,12/12/2025,Philadelphia Eagles,Las Vegas Raiders,player_anytime_td,Yes,DeVonta Smith,195,,2025,15,open,
813dab51d999b87c7968ac4890965f73,12/14/2025,False,DraftKings,12/12/2025,Philadelphia Eagles,Las Vegas Raiders,player_anytime_td,Yes,Brock Bowers,260,,2025,15,open,
813dab51d999b87c7968ac4890965f73,12/14/2025,False,DraftKings,12/12/2025,Philadelphia Eagles,Las Vegas Raiders,player_anytime_td,Yes,Dallas Goedert,275,,2025,15,open,
813dab51d999b87c7968ac4890965f73,12/14/2025,False,DraftKings,12/12/2025,Philadelphia Eagles,Las Vegas Raiders,player_anytime_td,Yes,Philadelphia Eagles D/ST,450,,2025,15,open,
813dab51d999b87c7968ac4890965f73,12/14/2025,False,DraftKings,12/12/2025,Philadelphia Eagles,Las Vegas Raiders,player_anytime_td,Yes,Las Vegas Raiders D/ST,500,,2025,15,open,
813dab51d999b87c7968ac4890965f73,12/14/2025,False,DraftKings,12/12/2025,Philadelphia Eagles,Las Vegas Raiders,player_anytime_td,Yes,Tre Tucker,550,,2025,15,open,
813dab51d999b87c7968ac4890965f73,12/14/2025,False,DraftKings,12/12/2025,Philadelphia Eagles,Las Vegas Raiders,player_anytime_td,Yes,Jack Bech,700,,2025,15,open,
813dab51d999b87c7968ac4890965f73,12/14/2025,False,DraftKings,12/12/2025,Philadelphia Eagles,Las Vegas Raiders,player_anytime_td,Yes,Michael Mayer,850,,2025,15,open,
813dab51d999b87c7968ac4890965f73,12/14/2025,False,DraftKings,12/12/2025,Philadelphia Eagles,Las Vegas Raiders,player_anytime_td,Yes,Jahan Dotson,900,,2025,15,open,
813dab51d999b87c7968ac4890965f73,12/14/2025,False,DraftKings,12/12/2025,Philadelphia Eagles,Las Vegas Raiders,player_anytime_td,Yes,Kenny Pickett,950,,2025,15,open,
813dab51d999b87c7968ac4890965f73,12/14/2025,False,DraftKings,12/12/2025,Philadelphia Eagles,Las Vegas Raiders,player_anytime_td,Yes,Tank Bigsby,1200,,2025,15,open,
813dab51d999b87c7968ac4890965f73,12/14/2025,False,DraftKings,12/12/2025,Philadelphia Eagles,Las Vegas Raiders,player_anytime_td,Yes,Will Shipley,1200,,2025,15,open,
813dab51d999b87c7968ac4890965f73,12/14/2025,False,DraftKings,12/12/2025,Philadelphia Eagles,Las Vegas Raiders,player_anytime_td,Yes,Raheem Mostert,1300,,2025,15,open,
813dab51d999b87c7968ac4890965f73,12/14/2025,False,DraftKings,12/12/2025,Philadelphia Eagles,Las Vegas Raiders,player_anytime_td,Yes,Grant Calcaterra,1600,,2025,15,open,
813dab51d999b87c7968ac4890965f73,12/14/2025,False,DraftKings,12/12/2025,Philadelphia Eagles,Las Vegas Raiders,player_anytime_td,Yes,Tyler Lockett,1600,,2025,15,open,
813dab51d999b87c7968ac4890965f73,12/14/2025,False,DraftKings,12/12/2025,Philadelphia Eagles,Las Vegas Raiders,player_anytime_td,Yes,Dont'e Thornton Jr.,1900,,2025,15,open,
813dab51d999b87c7968ac4890965f73,12/14/2025,False,DraftKings,12/12/2025,Philadelphia Eagles,Las Vegas Raiders,player_anytime_td,Yes,Britain Covey,2200,,2025,15,open,
813dab51d999b87c7968ac4890965f73,12/14/2025,False,DraftKings,12/12/2025,Philadelphia Eagles,Las Vegas Raiders,player_anytime_td,Yes,Darius Cooper,2200,,2025,15,open,
813dab51d999b87c7968ac4890965f73,12/14/2025,False,DraftKings,12/12/2025,Philadelphia Eagles,Las Vegas Raiders,player_anytime_td,Yes,Kylen Granson,2800,,2025,15,open,
813dab51d999b87c7968ac4890965f73,12/14/2025,False,DraftKings,12/12/2025,Philadelphia Eagles,Las Vegas Raiders,player_anytime_td,Yes,Cameron Latu,2800,,2025,15,open,
813dab51d999b87c7968ac4890965f73,12/14/2025,False,DraftKings,12/12/2025,Philadelphia Eagles,Las Vegas Raiders,player_anytime_td,Yes,Carter Runyon,3500,,2025,15,open,
813dab51d999b87c7968ac4890965f73,12/14/2025,False,DraftKings,12/12/2025,Philadelphia Eagles,Las Vegas Raiders,player_anytime_td,Yes,Dylan Laube,4000,,2025,15,open,
3aba4bb1fe41ecd45f934116fcc90c3f,12/14/2025,False,DraftKings,12/12/2025,New York Giants,Washington Commanders,player_anytime_td,Yes,Devin Singletary,125,,2025,15,open,
3aba4bb1fe41ecd45f934116fcc90c3f,12/14/2025,False,DraftKings,12/12/2025,New York Giants,Washington Commanders,player_anytime_td,Yes,Chris Rodriguez Jr.,140,,2025,15,open,
3aba4bb1fe41ecd45f934116fcc90c3f,12/14/2025,False,DraftKings,12/12/2025,New York Giants,Washington Commanders,player_anytime_td,Yes,Tyrone Tracy Jr.,150,,2025,15,open,
3aba4bb1fe41ecd45f934116fcc90c3f,12/14/2025,False,DraftKings,12/12/2025,New York Giants,Washington Commanders,player_anytime_td,Yes,Jacory Croskey-Merritt,155,,2025,15,open,
3aba4bb1fe41ecd45f934116fcc90c3f,12/14/2025,False,DraftKings,12/12/2025,New York Giants,Washington Commanders,player_anytime_td,Yes,Jaxson Dart,160,,2025,15,open,
3aba4bb1fe41ecd45f934116fcc90c3f,12/14/2025,False,DraftKings,12/12/2025,New York Giants,Washington Commanders,player_anytime_td,Yes,Terry McLaurin,185,,2025,15,open,
3aba4bb1fe41ecd45f934116fcc90c3f,12/14/2025,False,DraftKings,12/12/2025,New York Giants,Washington Commanders,player_anytime_td,Yes,Deebo Samuel Sr.,190,,2025,15,open,
3aba4bb1fe41ecd45f934116fcc90c3f,12/14/2025,False,DraftKings,12/12/2025,New York Giants,Washington Commanders,player_anytime_td,Yes,Wan'Dale Robinson,205,,2025,15,open,
3aba4bb1fe41ecd45f934116fcc90c3f,12/14/2025,False,DraftKings,12/12/2025,New York Giants,Washington Commanders,player_anytime_td,Yes,Theo Johnson,220,,2025,15,open,
3aba4bb1fe41ecd45f934116fcc90c3f,12/14/2025,False,DraftKings,12/12/2025,New York Giants,Washington Commanders,player_anytime_td,Yes,Marcus Mariota,250,,2025,15,open,
3aba4bb1fe41ecd45f934116fcc90c3f,12/14/2025,False,DraftKings,12/12/2025,New York Giants,Washington Commanders,player_anytime_td,Yes,Darius Slayton,260,,2025,15,open,
3aba4bb1fe41ecd45f934116fcc90c3f,12/14/2025,False,DraftKings,12/12/2025,New York Giants,Washington Commanders,player_anytime_td,Yes,Daniel Bellinger,330,,2025,15,open,
3aba4bb1fe41ecd45f934116fcc90c3f,12/14/2025,False,DraftKings,12/12/2025,New York Giants,Washington Commanders,player_anytime_td,Yes,Jeremy McNichols,330,,2025,15,open,
3aba4bb1fe41ecd45f934116fcc90c3f,12/14/2025,False,DraftKings,12/12/2025,New York Giants,Washington Commanders,player_anytime_td,Yes,Isaiah Hodgins,350,,2025,15,open,
3aba4bb1fe41ecd45f934116fcc90c3f,12/14/2025,False,DraftKings,12/12/2025,New York Giants,Washington Commanders,player_anytime_td,Yes,Noah Brown,500,,2025,15,open,
3aba4bb1fe41ecd45f934116fcc90c3f,12/14/2025,False,DraftKings,12/12/2025,New York Giants,Washington Commanders,player_anytime_td,Yes,Ben Sinnott,500,,2025,15,open,
3aba4bb1fe41ecd45f934116fcc90c3f,12/14/2025,False,DraftKings,12/12/2025,New York Giants,Washington Commanders,player_anytime_td,Yes,New York Giants D/ST,500,,2025,15,open,
3aba4bb1fe41ecd45f934116fcc90c3f,12/14/2025,False,DraftKings,12/12/2025,New York Giants,Washington Commanders,player_anytime_td,Yes,Washington Commanders D/ST,500,,2025,15,open,
3aba4bb1fe41ecd45f934116fcc90c3f,12/14/2025,False,DraftKings,12/12/2025,New York Giants,Washington Commanders,player_anytime_td,Yes,John Bates,650,,2025,15,open,
3aba4bb1fe41ecd45f934116fcc90c3f,12/14/2025,False,DraftKings,12/12/2025,New York Giants,Washington Commanders,player_anytime_td,Yes,Treylon Burks,800,,2025,15,open,
3aba4bb1fe41ecd45f934116fcc90c3f,12/14/2025,False,DraftKings,12/12/2025,New York Giants,Washington Commanders,player_anytime_td,Yes,Jalin Hyatt,1000,,2025,15,open,
3aba4bb1fe41ecd45f934116fcc90c3f,12/14/2025,False,DraftKings,12/12/2025,New York Giants,Washington Commanders,player_anytime_td,Yes,Gunner Olszewski,1800,,2025,15,open,
3aba4bb1fe41ecd45f934116fcc90c3f,12/14/2025,False,DraftKings,12/12/2025,New York Giants,Washington Commanders,player_anytime_td,Yes,Eric Gray,2000,,2025,15,open,
f3fd2782d4d03bd12a177fbbad17005b,12/14/2025,False,DraftKings,12/12/2025,New Orleans Saints,Carolina Panthers,player_anytime_td,Yes,Rico Dowdle,130,,2025,15,open,
f3fd2782d4d03bd12a177fbbad17005b,12/14/2025,False,DraftKings,12/12/2025,New Orleans Saints,Carolina Panthers,player_anytime_td,Yes,Tetairoa McMillan,155,,2025,15,open,
f3fd2782d4d03bd12a177fbbad17005b,12/14/2025,False,DraftKings,12/12/2025,New Orleans Saints,Carolina Panthers,player_anytime_td,Yes,Devin Neal,170,,2025,15,open,
f3fd2782d4d03bd12a177fbbad17005b,12/14/2025,False,DraftKings,12/12/2025,New Orleans Saints,Carolina Panthers,player_anytime_td,Yes,Chris Olave,190,,2025,15,open,
f3fd2782d4d03bd12a177fbbad17005b,12/14/2025,False,DraftKings,12/12/2025,New Orleans Saints,Carolina Panthers,player_anytime_td,Yes,Chuba Hubbard,200,,2025,15,open,
f3fd2782d4d03bd12a177fbbad17005b,12/14/2025,False,DraftKings,12/12/2025,New Orleans Saints,Carolina Panthers,player_anytime_td,Yes,Juwan Johnson,290,,2025,15,open,
f3fd2782d4d03bd12a177fbbad17005b,12/14/2025,False,DraftKings,12/12/2025,New Orleans Saints,Carolina Panthers,player_anytime_td,Yes,Devaughn Vele,300,,2025,15,open,
f3fd2782d4d03bd12a177fbbad17005b,12/14/2025,False,DraftKings,12/12/2025,New Orleans Saints,Carolina Panthers,player_anytime_td,Yes,Jalen Coker,310,,2025,15,open,
f3fd2782d4d03bd12a177fbbad17005b,12/14/2025,False,DraftKings,12/12/2025,New Orleans Saints,Carolina Panthers,player_anytime_td,Yes,Xavier Legette,340,,2025,15,open,
f3fd2782d4d03bd12a177fbbad17005b,12/14/2025,False,DraftKings,12/12/2025,New Orleans Saints,Carolina Panthers,player_anytime_td,Yes,Taysom Hill,380,,2025,15,open,
f3fd2782d4d03bd12a177fbbad17005b,12/14/2025,False,DraftKings,12/12/2025,New Orleans Saints,Carolina Panthers,player_anytime_td,Yes,Ja'Tavion Sanders,450,,2025,15,open,
f3fd2782d4d03bd12a177fbbad17005b,12/14/2025,False,DraftKings,12/12/2025,New Orleans Saints,Carolina Panthers,player_anytime_td,Yes,Tyler Shough,500,,2025,15,open,
f3fd2782d4d03bd12a177fbbad17005b,12/14/2025,False,DraftKings,12/12/2025,New Orleans Saints,Carolina Panthers,player_anytime_td,Yes,New Orleans Saints D/ST,500,,2025,15,open,
f3fd2782d4d03bd12a177fbbad17005b,12/14/2025,False,DraftKings,12/12/2025,New Orleans Saints,Carolina Panthers,player_anytime_td,Yes,Carolina Panthers D/ST,500,,2025,15,open,
f3fd2782d4d03bd12a177fbbad17005b,12/14/2025,False,DraftKings,12/12/2025,New Orleans Saints,Carolina Panthers,player_anytime_td,Yes,Mason Tipton,650,,2025,15,open,
f3fd2782d4d03bd12a177fbbad17005b,12/14/2025,False,DraftKings,12/12/2025,New Orleans Saints,Carolina Panthers,player_anytime_td,Yes,Bryce Young,750,,2025,15,open,
f3fd2782d4d03bd12a177fbbad17005b,12/14/2025,False,DraftKings,12/12/2025,New Orleans Saints,Carolina Panthers,player_anytime_td,Yes,Tommy Tremble,950,,2025,15,open,
f3fd2782d4d03bd12a177fbbad17005b,12/14/2025,False,DraftKings,12/12/2025,New Orleans Saints,Carolina Panthers,player_anytime_td,Yes,Foster Moreau,1000,,2025,15,open,
f3fd2782d4d03bd12a177fbbad17005b,12/14/2025,False,DraftKings,12/12/2025,New Orleans Saints,Carolina Panthers,player_anytime_td,Yes,Mitchell Evans,1100,,2025,15,open,
f3fd2782d4d03bd12a177fbbad17005b,12/14/2025,False,DraftKings,12/12/2025,New Orleans Saints,Carolina Panthers,player_anytime_td,Yes,Audric Estime,1300,,2025,15,open,
f3fd2782d4d03bd12a177fbbad17005b,12/14/2025,False,DraftKings,12/12/2025,New Orleans Saints,Carolina Panthers,player_anytime_td,Yes,Evan Hull,1400,,2025,15,open,
f3fd2782d4d03bd12a177fbbad17005b,12/14/2025,False,DraftKings,12/12/2025,New Orleans Saints,Carolina Panthers,player_anytime_td,Yes,James Mitchell,1500,,2025,15,open,
f3fd2782d4d03bd12a177fbbad17005b,12/14/2025,False,DraftKings,12/12/2025,New Orleans Saints,Carolina Panthers,player_anytime_td,Yes,Brycen Tremayne,1500,,2025,15,open,
f3fd2782d4d03bd12a177fbbad17005b,12/14/2025,False,DraftKings,12/12/2025,New Orleans Saints,Carolina Panthers,player_anytime_td,Yes,Jimmy Horn Jr.,1500,,2025,15,open,
f3fd2782d4d03bd12a177fbbad17005b,12/14/2025,False,DraftKings,12/12/2025,New Orleans Saints,Carolina Panthers,player_anytime_td,Yes,Hunter Renfrow,1500,,2025,15,open,
f3fd2782d4d03bd12a177fbbad17005b,12/14/2025,False,DraftKings,12/12/2025,New Orleans Saints,Carolina Panthers,player_anytime_td,Yes,Kevin Austin,2000,,2025,15,open,
f3fd2782d4d03bd12a177fbbad17005b,12/14/2025,False,DraftKings,12/12/2025,New Orleans Saints,Carolina Panthers,player_anytime_td,Yes,Jack Stoll,2200,,2025,15,open,
f3fd2782d4d03bd12a177fbbad17005b,12/14/2025,False,DraftKings,12/12/2025,New Orleans Saints,Carolina Panthers,player_anytime_td,Yes,Trevor Etienne,2200,,2025,15,open,
f3fd2782d4d03bd12a177fbbad17005b,12/14/2025,False,DraftKings,12/12/2025,New Orleans Saints,Carolina Panthers,player_anytime_td,Yes,Dante Pettis,2200,,2025,15,open,
f3fd2782d4d03bd12a177fbbad17005b,12/14/2025,False,DraftKings,12/12/2025,New Orleans Saints,Carolina Panthers,player_anytime_td,Yes,Zaire Mitchell-Paden,2500,,2025,15,open,
2ec8a387d0c337aeffac3f956c292e87,12/14/2025,False,DraftKings,12/12/2025,Denver Broncos,Green Bay Packers,player_anytime_td,Yes,Josh Jacobs,-140,,2025,15,open,
2ec8a387d0c337aeffac3f956c292e87,12/14/2025,False,DraftKings,12/12/2025,Denver Broncos,Green Bay Packers,player_anytime_td,Yes,RJ Harvey,125,,2025,15,open,
2ec8a387d0c337aeffac3f956c292e87,12/14/2025,False,DraftKings,12/12/2025,Denver Broncos,Green Bay Packers,player_anytime_td,Yes,Troy Franklin,205,,2025,15,open,
2ec8a387d0c337aeffac3f956c292e87,12/14/2025,False,DraftKings,12/12/2025,Denver Broncos,Green Bay Packers,player_anytime_td,Yes,Courtland Sutton,215,,2025,15,open,
2ec8a387d0c337aeffac3f956c292e87,12/14/2025,False,DraftKings,12/12/2025,Denver Broncos,Green Bay Packers,player_anytime_td,Yes,Christian Watson,215,,2025,15,open,
2ec8a387d0c337aeffac3f956c292e87,12/14/2025,False,DraftKings,12/12/2025,Denver Broncos,Green Bay Packers,player_anytime_td,Yes,Romeo Doubs,235,,2025,15,open,
2ec8a387d0c337aeffac3f956c292e87,12/14/2025,False,DraftKings,12/12/2025,Denver Broncos,Green Bay Packers,player_anytime_td,Yes,Jayden Reed,360,,2025,15,open,
2ec8a387d0c337aeffac3f956c292e87,12/14/2025,False,DraftKings,12/12/2025,Denver Broncos,Green Bay Packers,player_anytime_td,Yes,Pat Bryant,425,,2025,15,open,
2ec8a387d0c337aeffac3f956c292e87,12/14/2025,False,DraftKings,12/12/2025,Denver Broncos,Green Bay Packers,player_anytime_td,Yes,Evan Engram,425,,2025,15,open,
2ec8a387d0c337aeffac3f956c292e87,12/14/2025,False,DraftKings,12/12/2025,Denver Broncos,Green Bay Packers,player_anytime_td,Yes,Marvin Mims Jr.,450,,2025,15,open,
2ec8a387d0c337aeffac3f956c292e87,12/14/2025,False,DraftKings,12/12/2025,Denver Broncos,Green Bay Packers,player_anytime_td,Yes,Dontayvion Wicks,450,,2025,15,open,
2ec8a387d0c337aeffac3f956c292e87,12/14/2025,False,DraftKings,12/12/2025,Denver Broncos,Green Bay Packers,player_anytime_td,Yes,Chris Brooks,475,,2025,15,open,
2ec8a387d0c337aeffac3f956c292e87,12/14/2025,False,DraftKings,12/12/2025,Denver Broncos,Green Bay Packers,player_anytime_td,Yes,Denver Broncos D/ST,475,,2025,15,open,
2ec8a387d0c337aeffac3f956c292e87,12/14/2025,False,DraftKings,12/12/2025,Denver Broncos,Green Bay Packers,player_anytime_td,Yes,Green Bay Packers D/ST,475,,2025,15,open,
2ec8a387d0c337aeffac3f956c292e87,12/14/2025,False,DraftKings,12/12/2025,Denver Broncos,Green Bay Packers,player_anytime_td,Yes,Bo Nix,500,,2025,15,open,
2ec8a387d0c337aeffac3f956c292e87,12/14/2025,False,DraftKings,12/12/2025,Denver Broncos,Green Bay Packers,player_anytime_td,Yes,Jaleel McLaughlin,600,,2025,15,open,
2ec8a387d0c337aeffac3f956c292e87,12/14/2025,False,DraftKings,12/12/2025,Denver Broncos,Green Bay Packers,player_anytime_td,Yes,Matthew Golden,600,,2025,15,open,
2ec8a387d0c337aeffac3f956c292e87,12/14/2025,False,DraftKings,12/12/2025,Denver Broncos,Green Bay Packers,player_anytime_td,Yes,Luke Musgrave,750,,2025,15,open,
2ec8a387d0c337aeffac3f956c292e87,12/14/2025,False,DraftKings,12/12/2025,Denver Broncos,Green Bay Packers,player_anytime_td,Yes,Lil'Jordan Humphrey,800,,2025,15,open,
2ec8a387d0c337aeffac3f956c292e87,12/14/2025,False,DraftKings,12/12/2025,Denver Broncos,Green Bay Packers,player_anytime_td,Yes,Josh Whyle,850,,2025,15,open,
2ec8a387d0c337aeffac3f956c292e87,12/14/2025,False,DraftKings,12/12/2025,Denver Broncos,Green Bay Packers,player_anytime_td,Yes,Jordan Love,850,,2025,15,open,
2ec8a387d0c337aeffac3f956c292e87,12/14/2025,False,DraftKings,12/12/2025,Denver Broncos,Green Bay Packers,player_anytime_td,Yes,Adam Trautman,900,,2025,15,open,
2ec8a387d0c337aeffac3f956c292e87,12/14/2025,False,DraftKings,12/12/2025,Denver Broncos,Green Bay Packers,player_anytime_td,Yes,Bo Melton,1000,,2025,15,open,
2ec8a387d0c337aeffac3f956c292e87,12/14/2025,False,DraftKings,12/12/2025,Denver Broncos,Green Bay Packers,player_anytime_td,Yes,Tyler Badie,1100,,2025,15,open,
2ec8a387d0c337aeffac3f956c292e87,12/14/2025,False,DraftKings,12/12/2025,Denver Broncos,Green Bay Packers,player_anytime_td,Yes,Savion Williams,1300,,2025,15,open,
2ec8a387d0c337aeffac3f956c292e87,12/14/2025,False,DraftKings,12/12/2025,Denver Broncos,Green Bay Packers,player_anytime_td,Yes,John FitzPatrick,1300,,2025,15,open,
bd299b70476643cff05f2be58e12301a,12/14/2025,False,DraftKings,12/12/2025,Los Angeles Rams,Detroit Lions,player_anytime_td,Yes,Davante Adams,-185,,2025,15,open,
bd299b70476643cff05f2be58e12301a,12/14/2025,False,DraftKings,12/12/2025,Los Angeles Rams,Detroit Lions,player_anytime_td,Yes,Jahmyr Gibbs,-180,,2025,15,open,
bd299b70476643cff05f2be58e12301a,12/14/2025,False,DraftKings,12/12/2025,Los Angeles Rams,Detroit Lions,player_anytime_td,Yes,Puka Nacua,-140,,2025,15,open,
bd299b70476643cff05f2be58e12301a,12/14/2025,False,DraftKings,12/12/2025,Los Angeles Rams,Detroit Lions,player_anytime_td,Yes,Kyren Williams,-115,,2025,15,open,
bd299b70476643cff05f2be58e12301a,12/14/2025,False,DraftKings,12/12/2025,Los Angeles Rams,Detroit Lions,player_anytime_td,Yes,Amon-Ra St. Brown,110,,2025,15,open,
bd299b70476643cff05f2be58e12301a,12/14/2025,False,DraftKings,12/12/2025,Los Angeles Rams,Detroit Lions,player_anytime_td,Yes,David Montgomery,155,,2025,15,open,
bd299b70476643cff05f2be58e12301a,12/14/2025,False,DraftKings,12/12/2025,Los Angeles Rams,Detroit Lions,player_anytime_td,Yes,Blake Corum,180,,2025,15,open,
bd299b70476643cff05f2be58e12301a,12/14/2025,False,DraftKings,12/12/2025,Los Angeles Rams,Detroit Lions,player_anytime_td,Yes,Jameson Williams,180,,2025,15,open,
bd299b70476643cff05f2be58e12301a,12/14/2025,False,DraftKings,12/12/2025,Los Angeles Rams,Detroit Lions,player_anytime_td,Yes,Colby Parkinson,225,,2025,15,open,
bd299b70476643cff05f2be58e12301a,12/14/2025,False,DraftKings,12/12/2025,Los Angeles Rams,Detroit Lions,player_anytime_td,Yes,Anthony Firkser,340,,2025,15,open,
bd299b70476643cff05f2be58e12301a,12/14/2025,False,DraftKings,12/12/2025,Los Angeles Rams,Detroit Lions,player_anytime_td,Yes,Kalif Raymond,390,,2025,15,open,
bd299b70476643cff05f2be58e12301a,12/14/2025,False,DraftKings,12/12/2025,Los Angeles Rams,Detroit Lions,player_anytime_td,Yes,Tutu Atwell,400,,2025,15,open,
bd299b70476643cff05f2be58e12301a,12/14/2025,False,DraftKings,12/12/2025,Los Angeles Rams,Detroit Lions,player_anytime_td,Yes,Isaac TeSlaa,425,,2025,15,open,
bd299b70476643cff05f2be58e12301a,12/14/2025,False,DraftKings,12/12/2025,Los Angeles Rams,Detroit Lions,player_anytime_td,Yes,Davis Allen,450,,2025,15,open,
bd299b70476643cff05f2be58e12301a,12/14/2025,False,DraftKings,12/12/2025,Los Angeles Rams,Detroit Lions,player_anytime_td,Yes,Detroit Lions D/ST,475,,2025,15,open,
bd299b70476643cff05f2be58e12301a,12/14/2025,False,DraftKings,12/12/2025,Los Angeles Rams,Detroit Lions,player_anytime_td,Yes,Los Angeles Rams D/ST,500,,2025,15,open,
bd299b70476643cff05f2be58e12301a,12/14/2025,False,DraftKings,12/12/2025,Los Angeles Rams,Detroit Lions,player_anytime_td,Yes,Xavier Smith,550,,2025,15,open,
bd299b70476643cff05f2be58e12301a,12/14/2025,False,DraftKings,12/12/2025,Los Angeles Rams,Detroit Lions,player_anytime_td,Yes,Terrance Ferguson,650,,2025,15,open,
bd299b70476643cff05f2be58e12301a,12/14/2025,False,DraftKings,12/12/2025,Los Angeles Rams,Detroit Lions,player_anytime_td,Yes,Jordan Whittington,1200,,2025,15,open,
bd299b70476643cff05f2be58e12301a,12/14/2025,False,DraftKings,12/12/2025,Los Angeles Rams,Detroit Lions,player_anytime_td,Yes,Konata Mumpfield,1300,,2025,15,open,
bd299b70476643cff05f2be58e12301a,12/14/2025,False,DraftKings,12/12/2025,Los Angeles Rams,Detroit Lions,player_anytime_td,Yes,Matthew Stafford,1900,,2025,15,open,
bd299b70476643cff05f2be58e12301a,12/14/2025,False,DraftKings,12/12/2025,Los Angeles Rams,Detroit Lions,player_anytime_td,Yes,Ronnie Rivers,2000,,2025,15,open,
bd299b70476643cff05f2be58e12301a,12/14/2025,False,DraftKings,12/12/2025,Los Angeles Rams,Detroit Lions,player_anytime_td,Yes,Jared Goff,2200,,2025,15,open,
bd299b70476643cff05f2be58e12301a,12/14/2025,False,DraftKings,12/12/2025,Los Angeles Rams,Detroit Lions,player_anytime_td,Yes,Jacob Saylors,2800,,2025,15,open,
bd299b70476643cff05f2be58e12301a,12/14/2025,False,DraftKings,12/12/2025,Los Angeles Rams,Detroit Lions,player_anytime_td,Yes,Sione Vaki,2800,,2025,15,open,
f7343baf47dcf23e672799d00788173d,12/14/2025,False,DraftKings,12/12/2025,Seattle Seahawks,Indianapolis Colts,player_anytime_td,Yes,Jonathan Taylor,-140,,2025,15,open,
f7343baf47dcf23e672799d00788173d,12/14/2025,False,DraftKings,12/12/2025,Seattle Seahawks,Indianapolis Colts,player_anytime_td,Yes,Zach Charbonnet,-130,,2025,15,open,
f7343baf47dcf23e672799d00788173d,12/14/2025,False,DraftKings,12/12/2025,Seattle Seahawks,Indianapolis Colts,player_anytime_td,Yes,Jaxon Smith-Njigba,-125,,2025,15,open,
f7343baf47dcf23e672799d00788173d,12/14/2025,False,DraftKings,12/12/2025,Seattle Seahawks,Indianapolis Colts,player_anytime_td,Yes,Kenneth Walker III,-115,,2025,15,open,
f7343baf47dcf23e672799d00788173d,12/14/2025,False,DraftKings,12/12/2025,Seattle Seahawks,Indianapolis Colts,player_anytime_td,Yes,AJ Barner,165,,2025,15,open,
f7343baf47dcf23e672799d00788173d,12/14/2025,False,DraftKings,12/12/2025,Seattle Seahawks,Indianapolis Colts,player_anytime_td,Yes,Rashid Shaheed,250,,2025,15,open,
f7343baf47dcf23e672799d00788173d,12/14/2025,False,DraftKings,12/12/2025,Seattle Seahawks,Indianapolis Colts,player_anytime_td,Yes,Cooper Kupp,260,,2025,15,open,
f7343baf47dcf23e672799d00788173d,12/14/2025,False,DraftKings,12/12/2025,Seattle Seahawks,Indianapolis Colts,player_anytime_td,Yes,Tyler Warren,360,,2025,15,open,
f7343baf47dcf23e672799d00788173d,12/14/2025,False,DraftKings,12/12/2025,Seattle Seahawks,Indianapolis Colts,player_anytime_td,Yes,Seattle Seahawks D/ST,370,,2025,15,open,
f7343baf47dcf23e672799d00788173d,12/14/2025,False,DraftKings,12/12/2025,Seattle Seahawks,Indianapolis Colts,player_anytime_td,Yes,Michael Pittman Jr.,425,,2025,15,open,
f7343baf47dcf23e672799d00788173d,12/14/2025,False,DraftKings,12/12/2025,Seattle Seahawks,Indianapolis Colts,player_anytime_td,Yes,Indianapolis Colts D/ST,500,,2025,15,open,
f7343baf47dcf23e672799d00788173d,12/14/2025,False,DraftKings,12/12/2025,Seattle Seahawks,Indianapolis Colts,player_anytime_td,Yes,Alec Pierce,600,,2025,15,open,
f7343baf47dcf23e672799d00788173d,12/14/2025,False,DraftKings,12/12/2025,Seattle Seahawks,Indianapolis Colts,player_anytime_td,Yes,Josh Downs,750,,2025,15,open,
f7343baf47dcf23e672799d00788173d,12/14/2025,False,DraftKings,12/12/2025,Seattle Seahawks,Indianapolis Colts,player_anytime_td,Yes,Ameer Abdullah,800,,2025,15,open,
f7343baf47dcf23e672799d00788173d,12/14/2025,False,DraftKings,12/12/2025,Seattle Seahawks,Indianapolis Colts,player_anytime_td,Yes,Sam Darnold,1000,,2025,15,open,
f7343baf47dcf23e672799d00788173d,12/14/2025,False,DraftKings,12/12/2025,Seattle Seahawks,Indianapolis Colts,player_anytime_td,Yes,Jake Bobo,1400,,2025,15,open,
f7343baf47dcf23e672799d00788173d,12/14/2025,False,DraftKings,12/12/2025,Seattle Seahawks,Indianapolis Colts,player_anytime_td,Yes,Tyler Goodson,1900,,2025,15,open,
f7343baf47dcf23e672799d00788173d,12/14/2025,False,DraftKings,12/12/2025,Seattle Seahawks,Indianapolis Colts,player_anytime_td,Yes,DJ Giddens,2000,,2025,15,open,
7ba03312d1012d9872de9999e496558f,12/14/2025,False,DraftKings,12/12/2025,San Francisco 49ers,Tennessee Titans,player_anytime_td,Yes,Christian McCaffrey,-360,,2025,15,open,
7ba03312d1012d9872de9999e496558f,12/14/2025,False,DraftKings,12/12/2025,San Francisco 49ers,Tennessee Titans,player_anytime_td,Yes,George Kittle,125,,2025,15,open,
7ba03312d1012d9872de9999e496558f,12/14/2025,False,DraftKings,12/12/2025,San Francisco 49ers,Tennessee Titans,player_anytime_td,Yes,Jauan Jennings,195,,2025,15,open,
7ba03312d1012d9872de9999e496558f,12/14/2025,False,DraftKings,12/12/2025,San Francisco 49ers,Tennessee Titans,player_anytime_td,Yes,Tyjae Spears,270,,2025,15,open,
7ba03312d1012d9872de9999e496558f,12/14/2025,False,DraftKings,12/12/2025,San Francisco 49ers,Tennessee Titans,player_anytime_td,Yes,Ricky Pearsall,280,,2025,15,open,
7ba03312d1012d9872de9999e496558f,12/14/2025,False,DraftKings,12/12/2025,San Francisco 49ers,Tennessee Titans,player_anytime_td,Yes,Tony Pollard,280,,2025,15,open,
7ba03312d1012d9872de9999e496558f,12/14/2025,False,DraftKings,12/12/2025,San Francisco 49ers,Tennessee Titans,player_anytime_td,Yes,Elic Ayomanor,300,,2025,15,open,
7ba03312d1012d9872de9999e496558f,12/14/2025,False,DraftKings,12/12/2025,San Francisco 49ers,Tennessee Titans,player_anytime_td,Yes,Brian Robinson Jr.,310,,2025,15,open,
7ba03312d1012d9872de9999e496558f,12/14/2025,False,DraftKings,12/12/2025,San Francisco 49ers,Tennessee Titans,player_anytime_td,Yes,Chimere Dike,320,,2025,15,open,
7ba03312d1012d9872de9999e496558f,12/14/2025,False,DraftKings,12/12/2025,San Francisco 49ers,Tennessee Titans,player_anytime_td,Yes,Gunnar Helm,450,,2025,15,open,
7ba03312d1012d9872de9999e496558f,12/14/2025,False,DraftKings,12/12/2025,San Francisco 49ers,Tennessee Titans,player_anytime_td,Yes,San Francisco 49ers D/ST,475,,2025,15,open,
7ba03312d1012d9872de9999e496558f,12/14/2025,False,DraftKings,12/12/2025,San Francisco 49ers,Tennessee Titans,player_anytime_td,Yes,Chigoziem Okonkwo,500,,2025,15,open,
7ba03312d1012d9872de9999e496558f,12/14/2025,False,DraftKings,12/12/2025,San Francisco 49ers,Tennessee Titans,player_anytime_td,Yes,Tennessee Titans D/ST,500,,2025,15,open,
7ba03312d1012d9872de9999e496558f,12/14/2025,False,DraftKings,12/12/2025,San Francisco 49ers,Tennessee Titans,player_anytime_td,Yes,Brock Purdy,550,,2025,15,open,
7ba03312d1012d9872de9999e496558f,12/14/2025,False,DraftKings,12/12/2025,San Francisco 49ers,Tennessee Titans,player_anytime_td,Yes,Van Jefferson,550,,2025,15,open,
7ba03312d1012d9872de9999e496558f,12/14/2025,False,DraftKings,12/12/2025,San Francisco 49ers,Tennessee Titans,player_anytime_td,Yes,Demarcus Robinson,650,,2025,15,open,
7ba03312d1012d9872de9999e496558f,12/14/2025,False,DraftKings,12/12/2025,San Francisco 49ers,Tennessee Titans,player_anytime_td,Yes,Luke Farrell,750,,2025,15,open,
7ba03312d1012d9872de9999e496558f,12/14/2025,False,DraftKings,12/12/2025,San Francisco 49ers,Tennessee Titans,player_anytime_td,Yes,Kyle Juszczyk,750,,2025,15,open,
7ba03312d1012d9872de9999e496558f,12/14/2025,False,DraftKings,12/12/2025,San Francisco 49ers,Tennessee Titans,player_anytime_td,Yes,Cameron Ward,1000,,2025,15,open,
7ba03312d1012d9872de9999e496558f,12/14/2025,False,DraftKings,12/12/2025,San Francisco 49ers,Tennessee Titans,player_anytime_td,Yes,Kendrick Bourne,1300,,2025,15,open,
7ba03312d1012d9872de9999e496558f,12/14/2025,False,DraftKings,12/12/2025,San Francisco 49ers,Tennessee Titans,player_anytime_td,Yes,Jake Tonges,1900,,2025,15,open,
7ba03312d1012d9872de9999e496558f,12/14/2025,False,DraftKings,12/12/2025,San Francisco 49ers,Tennessee Titans,player_anytime_td,Yes,Skyy Moore,1900,,2025,15,open,
7ba03312d1012d9872de9999e496558f,12/14/2025,False,DraftKings,12/12/2025,San Francisco 49ers,Tennessee Titans,player_anytime_td,Yes,Jordan Watkins,2000,,2025,15,open,
7ba03312d1012d9872de9999e496558f,12/14/2025,False,DraftKings,12/12/2025,San Francisco 49ers,Tennessee Titans,player_anytime_td,Yes,Isaac Guerendo,2200,,2025,15,open,
7ba03312d1012d9872de9999e496558f,12/14/2025,False,DraftKings,12/12/2025,San Francisco 49ers,Tennessee Titans,player_anytime_td,Yes,James Proche II,2500,,2025,15,open,
7ba03312d1012d9872de9999e496558f,12/14/2025,False,DraftKings,12/12/2025,San Francisco 49ers,Tennessee Titans,player_anytime_td,Yes,David Martin-Robinson,3000,,2025,15,open,
7ba03312d1012d9872de9999e496558f,12/14/2025,False,DraftKings,12/12/2025,San Francisco 49ers,Tennessee Titans,player_anytime_td,Yes,Mason Kinsey,4000,,2025,15,open,
7ba03312d1012d9872de9999e496558f,12/14/2025,False,DraftKings,12/12/2025,San Francisco 49ers,Tennessee Titans,player_anytime_td,Yes,Julius Chestnut,4000,,2025,15,open,
7ba03312d1012d9872de9999e496558f,12/14/2025,False,DraftKings,12/12/2025,San Francisco 49ers,Tennessee Titans,player_anytime_td,Yes,Kalel Mullings,5000,,2025,15,open,
3c74ebd1d005a7346c182daf6f7279dd,12/15/2025,False,DraftKings,12/12/2025,Dallas Cowboys,Minnesota Vikings,player_anytime_td,Yes,Javonte Williams,-135,,2025,15,open,
3c74ebd1d005a7346c182daf6f7279dd,12/15/2025,False,DraftKings,12/12/2025,Dallas Cowboys,Minnesota Vikings,player_anytime_td,Yes,Jake Ferguson,115,,2025,15,open,
3c74ebd1d005a7346c182daf6f7279dd,12/15/2025,False,DraftKings,12/12/2025,Dallas Cowboys,Minnesota Vikings,player_anytime_td,Yes,CeeDee Lamb,115,,2025,15,open,
3c74ebd1d005a7346c182daf6f7279dd,12/15/2025,False,DraftKings,12/12/2025,Dallas Cowboys,Minnesota Vikings,player_anytime_td,Yes,George Pickens,115,,2025,15,open,
3c74ebd1d005a7346c182daf6f7279dd,12/15/2025,False,DraftKings,12/12/2025,Dallas Cowboys,Minnesota Vikings,player_anytime_td,Yes,Aaron Jones,165,,2025,15,open,
3c74ebd1d005a7346c182daf6f7279dd,12/15/2025,False,DraftKings,12/12/2025,Dallas Cowboys,Minnesota Vikings,player_anytime_td,Yes,Justin Jefferson,170,,2025,15,open,
3c74ebd1d005a7346c182daf6f7279dd,12/15/2025,False,DraftKings,12/12/2025,Dallas Cowboys,Minnesota Vikings,player_anytime_td,Yes,Jordan Addison,195,,2025,15,open,
3c74ebd1d005a7346c182daf6f7279dd,12/15/2025,False,DraftKings,12/12/2025,Dallas Cowboys,Minnesota Vikings,player_anytime_td,Yes,Jordan Mason,200,,2025,15,open,
3c74ebd1d005a7346c182daf6f7279dd,12/15/2025,False,DraftKings,12/12/2025,Dallas Cowboys,Minnesota Vikings,player_anytime_td,Yes,T.J. Hockenson,370,,2025,15,open,
3c74ebd1d005a7346c182daf6f7279dd,12/15/2025,False,DraftKings,12/12/2025,Dallas Cowboys,Minnesota Vikings,player_anytime_td,Yes,J.J. McCarthy,425,,2025,15,open,
3c74ebd1d005a7346c182daf6f7279dd,12/15/2025,False,DraftKings,12/12/2025,Dallas Cowboys,Minnesota Vikings,player_anytime_td,Yes,Ryan Flournoy,450,,2025,15,open,
3c74ebd1d005a7346c182daf6f7279dd,12/15/2025,False,DraftKings,12/12/2025,Dallas Cowboys,Minnesota Vikings,player_anytime_td,Yes,Jalen Nailor,475,,2025,15,open,
3c74ebd1d005a7346c182daf6f7279dd,12/15/2025,False,DraftKings,12/12/2025,Dallas Cowboys,Minnesota Vikings,player_anytime_td,Yes,Dallas Cowboys D/ST,500,,2025,15,open,
3c74ebd1d005a7346c182daf6f7279dd,12/15/2025,False,DraftKings,12/12/2025,Dallas Cowboys,Minnesota Vikings,player_anytime_td,Yes,Minnesota Vikings D/ST,500,,2025,15,open,
3c74ebd1d005a7346c182daf6f7279dd,12/15/2025,False,DraftKings,12/12/2025,Dallas Cowboys,Minnesota Vikings,player_anytime_td,Yes,KaVontae Turpin,600,,2025,15,open,
3c74ebd1d005a7346c182daf6f7279dd,12/15/2025,False,DraftKings,12/12/2025,Dallas Cowboys,Minnesota Vikings,player_anytime_td,Yes,Dak Prescott,600,,2025,15,open,
3c74ebd1d005a7346c182daf6f7279dd,12/15/2025,False,DraftKings,12/12/2025,Dallas Cowboys,Minnesota Vikings,player_anytime_td,Yes,Luke Schoonmaker,850,,2025,15,open,
3c74ebd1d005a7346c182daf6f7279dd,12/15/2025,False,DraftKings,12/12/2025,Dallas Cowboys,Minnesota Vikings,player_anytime_td,Yes,Josh Oliver,850,,2025,15,open,
3c74ebd1d005a7346c182daf6f7279dd,12/15/2025,False,DraftKings,12/12/2025,Dallas Cowboys,Minnesota Vikings,player_anytime_td,Yes,Jaydon Blue,900,,2025,15,open,
3c74ebd1d005a7346c182daf6f7279dd,12/15/2025,False,DraftKings,12/12/2025,Dallas Cowboys,Minnesota Vikings,player_anytime_td,Yes,Malik Davis,950,,2025,15,open,
3c74ebd1d005a7346c182daf6f7279dd,12/15/2025,False,DraftKings,12/12/2025,Dallas Cowboys,Minnesota Vikings,player_anytime_td,Yes,Brevyn Spann-Ford,1000,,2025,15,open,
3c74ebd1d005a7346c182daf6f7279dd,12/15/2025,False,DraftKings,12/12/2025,Dallas Cowboys,Minnesota Vikings,player_anytime_td,Yes,Jalen Tolbert,1200,,2025,15,open,
3c74ebd1d005a7346c182daf6f7279dd,12/15/2025,False,DraftKings,12/12/2025,Dallas Cowboys,Minnesota Vikings,player_anytime_td,Yes,Hunter Luepke,1300,,2025,15,open,
3c74ebd1d005a7346c182daf6f7279dd,12/15/2025,False,DraftKings,12/12/2025,Dallas Cowboys,Minnesota Vikings,player_anytime_td,Yes,Jonathan Mingo,1400,,2025,15,open,
3c74ebd1d005a7346c182daf6f7279dd,12/15/2025,False,DraftKings,12/12/2025,Dallas Cowboys,Minnesota Vikings,player_anytime_td,Yes,Tai Felton,1800,,2025,15,open,
3c74ebd1d005a7346c182daf6f7279dd,12/15/2025,False,DraftKings,12/12/2025,Dallas Cowboys,Minnesota Vikings,player_anytime_td,Yes,Myles Price,2000,,2025,15,open,
3c74ebd1d005a7346c182daf6f7279dd,12/15/2025,False,DraftKings,12/12/2025,Dallas Cowboys,Minnesota Vikings,player_anytime_td,Yes,Zavier Scott,2000,,2025,15,open,
3c74ebd1d005a7346c182daf6f7279dd,12/15/2025,False,DraftKings,12/12/2025,Dallas Cowboys,Minnesota Vikings,player_anytime_td,Yes,Ben Yurosek,2800,,2025,15,open,
3c74ebd1d005a7346c182daf6f7279dd,12/15/2025,False,DraftKings,12/12/2025,Dallas Cowboys,Minnesota Vikings,player_anytime_td,Yes,C.J. Ham,3000,,2025,15,open,
3c74ebd1d005a7346c182daf6f7279dd,12/15/2025,False,DraftKings,12/12/2025,Dallas Cowboys,Minnesota Vikings,player_anytime_td,Yes,Ben Sims,3000,,2025,15,open,
ba5d065a7e9ea9afe54642036f2ec83a,12/16/2025,False,DraftKings,12/12/2025,Pittsburgh Steelers,Miami Dolphins,player_anytime_td,Yes,De'Von Achane,-130,,2025,15,open,
ba5d065a7e9ea9afe54642036f2ec83a,12/16/2025,False,DraftKings,12/12/2025,Pittsburgh Steelers,Miami Dolphins,player_anytime_td,Yes,Jaylen Warren,-105,,2025,15,open,
ba5d065a7e9ea9afe54642036f2ec83a,12/16/2025,False,DraftKings,12/12/2025,Pittsburgh Steelers,Miami Dolphins,player_anytime_td,Yes,DK Metcalf,135,,2025,15,open,
ba5d065a7e9ea9afe54642036f2ec83a,12/16/2025,False,DraftKings,12/12/2025,Pittsburgh Steelers,Miami Dolphins,player_anytime_td,Yes,Kenneth Gainwell,175,,2025,15,open,
ba5d065a7e9ea9afe54642036f2ec83a,12/16/2025,False,DraftKings,12/12/2025,Pittsburgh Steelers,Miami Dolphins,player_anytime_td,Yes,Jaylen Waddle,210,,2025,15,open,
ba5d065a7e9ea9afe54642036f2ec83a,12/16/2025,False,DraftKings,12/12/2025,Pittsburgh Steelers,Miami Dolphins,player_anytime_td,Yes,Darren Waller,260,,2025,15,open,
ba5d065a7e9ea9afe54642036f2ec83a,12/16/2025,False,DraftKings,12/12/2025,Pittsburgh Steelers,Miami Dolphins,player_anytime_td,Yes,Pat Freiermuth,320,,2025,15,open,
ba5d065a7e9ea9afe54642036f2ec83a,12/16/2025,False,DraftKings,12/12/2025,Pittsburgh Steelers,Miami Dolphins,player_anytime_td,Yes,Darnell Washington,330,,2025,15,open,
ba5d065a7e9ea9afe54642036f2ec83a,12/16/2025,False,DraftKings,12/12/2025,Pittsburgh Steelers,Miami Dolphins,player_anytime_td,Yes,Jonnu Smith,340,,2025,15,open,
ba5d065a7e9ea9afe54642036f2ec83a,12/16/2025,False,DraftKings,12/12/2025,Pittsburgh Steelers,Miami Dolphins,player_anytime_td,Yes,Calvin Austin III,425,,2025,15,open,
ba5d065a7e9ea9afe54642036f2ec83a,12/16/2025,False,DraftKings,12/12/2025,Pittsburgh Steelers,Miami Dolphins,player_anytime_td,Yes,Pittsburgh Steelers D/ST,475,,2025,15,open,
ba5d065a7e9ea9afe54642036f2ec83a,12/16/2025,False,DraftKings,12/12/2025,Pittsburgh Steelers,Miami Dolphins,player_anytime_td,Yes,Greg Dulcich,500,,2025,15,open,
ba5d065a7e9ea9afe54642036f2ec83a,12/16/2025,False,DraftKings,12/12/2025,Pittsburgh Steelers,Miami Dolphins,player_anytime_td,Yes,Ollie Gordon II,500,,2025,15,open,
ba5d065a7e9ea9afe54642036f2ec83a,12/16/2025,False,DraftKings,12/12/2025,Pittsburgh Steelers,Miami Dolphins,player_anytime_td,Yes,Malik Washington,500,,2025,15,open,
ba5d065a7e9ea9afe54642036f2ec83a,12/16/2025,False,DraftKings,12/12/2025,Pittsburgh Steelers,Miami Dolphins,player_anytime_td,Yes,Miami Dolphins D/ST,500,,2025,15,open,
ba5d065a7e9ea9afe54642036f2ec83a,12/16/2025,False,DraftKings,12/12/2025,Pittsburgh Steelers,Miami Dolphins,player_anytime_td,Yes,Jaylen Wright,550,,2025,15,open,
ba5d065a7e9ea9afe54642036f2ec83a,12/16/2025,False,DraftKings,12/12/2025,Pittsburgh Steelers,Miami Dolphins,player_anytime_td,Yes,Adam Thielen,750,,2025,15,open,
ba5d065a7e9ea9afe54642036f2ec83a,12/16/2025,False,DraftKings,12/12/2025,Pittsburgh Steelers,Miami Dolphins,player_anytime_td,Yes,Julian Hill,1100,,2025,15,open,
ba5d065a7e9ea9afe54642036f2ec83a,12/16/2025,False,DraftKings,12/12/2025,Pittsburgh Steelers,Miami Dolphins,player_anytime_td,Yes,Kaleb Johnson,1600,,2025,15,open,
ba5d065a7e9ea9afe54642036f2ec83a,12/16/2025,False,DraftKings,12/12/2025,Pittsburgh Steelers,Miami Dolphins,player_anytime_td,Yes,Nick Westbrook-Ikhine,1800,,2025,15,open,
ba5d065a7e9ea9afe54642036f2ec83a,12/16/2025,False,DraftKings,12/12/2025,Pittsburgh Steelers,Miami Dolphins,player_anytime_td,Yes,Cedrick Wilson Jr.,1900,,2025,15,open,
ba5d065a7e9ea9afe54642036f2ec83a,12/16/2025,False,DraftKings,12/12/2025,Pittsburgh Steelers,Miami Dolphins,player_anytime_td,Yes,Tua Tagovailoa,1900,,2025,15,open,
ba5d065a7e9ea9afe54642036f2ec83a,12/16/2025,False,DraftKings,12/12/2025,Pittsburgh Steelers,Miami Dolphins,player_anytime_td,Yes,Aaron Rodgers,2200,,2025,15,open,
ba5d065a7e9ea9afe54642036f2ec83a,12/16/2025,False,DraftKings,12/12/2025,Pittsburgh Steelers,Miami Dolphins,player_anytime_td,Yes,Tahj Washington,2500,,2025,15,open,
ba5d065a7e9ea9afe54642036f2ec83a,12/16/2025,False,DraftKings,12/12/2025,Pittsburgh Steelers,Miami Dolphins,player_anytime_td,Yes,Dee Eskridge,2500,,2025,15,open,
ba5d065a7e9ea9afe54642036f2ec83a,12/16/2025,False,DraftKings,12/12/2025,Pittsburgh Steelers,Miami Dolphins,player_anytime_td,Yes,Alec Ingold,2500,,2025,15,open,
