game_id,commence_time,in_play,bookmaker,last_update,home_team,away_team,market,label,description,price,point
e10fe83ee6178a598e7fa84ea0913366,10/10/2025,FALSE,DraftKings,10/9/2025,New York Giants,Philadelphia Eagles,player_anytime_td,Yes,Saquon Barkley,-160,
e10fe83ee6178a598e7fa84ea0913366,10/10/2025,FALSE,DraftKings,10/9/2025,New York Giants,Philadelphia Eagles,player_anytime_td,Yes,Jalen Hurts,-145,
e10fe83ee6178a598e7fa84ea0913366,10/10/2025,FALSE,DraftKings,10/9/2025,New York Giants,Philadelphia Eagles,player_anytime_td,Yes,Cam Skattebo,150,
e10fe83ee6178a598e7fa84ea0913366,10/10/2025,FALSE,DraftKings,10/9/2025,New York Giants,Philadelphia Eagles,player_anytime_td,Yes,AJ Brown,195,
e10fe83ee6178a598e7fa84ea0913366,10/10/2025,FALSE,DraftKings,10/9/2025,New York Giants,Philadelphia Eagles,player_anytime_td,Yes,Dallas Goedert,235,
e10fe83ee6178a598e7fa84ea0913366,10/10/2025,FALSE,DraftKings,10/9/2025,New York Giants,Philadelphia Eagles,player_anytime_td,Yes,DeVonta Smith,250,
e10fe83ee6178a598e7fa84ea0913366,10/10/2025,FALSE,DraftKings,10/9/2025,New York Giants,Philadelphia Eagles,player_anytime_td,Yes,Wan'Dale Robinson,340,
e10fe83ee6178a598e7fa84ea0913366,10/10/2025,FALSE,DraftKings,10/9/2025,New York Giants,Philadelphia Eagles,player_anytime_td,Yes,Jaxson Dart,350,
e10fe83ee6178a598e7fa84ea0913366,10/10/2025,FALSE,DraftKings,10/9/2025,New York Giants,Philadelphia Eagles,player_anytime_td,Yes,Tyrone Tracy Jr.,360,
e10fe83ee6178a598e7fa84ea0913366,10/10/2025,FALSE,DraftKings,10/9/2025,New York Giants,Philadelphia Eagles,player_anytime_td,Yes,Theo Johnson,380,
e10fe83ee6178a598e7fa84ea0913366,10/10/2025,FALSE,DraftKings,10/9/2025,New York Giants,Philadelphia Eagles,player_anytime_td,Yes,Philadelphia Eagles D/ST,450,
e10fe83ee6178a598e7fa84ea0913366,10/10/2025,FALSE,DraftKings,10/9/2025,New York Giants,Philadelphia Eagles,player_anytime_td,Yes,New York Giants D/ST,500,
e10fe83ee6178a598e7fa84ea0913366,10/10/2025,FALSE,DraftKings,10/9/2025,New York Giants,Philadelphia Eagles,player_anytime_td,Yes,Jalin Hyatt,650,
e10fe83ee6178a598e7fa84ea0913366,10/10/2025,FALSE,DraftKings,10/9/2025,New York Giants,Philadelphia Eagles,player_anytime_td,Yes,Beaux Collins,750,
e10fe83ee6178a598e7fa84ea0913366,10/10/2025,FALSE,DraftKings,10/9/2025,New York Giants,Philadelphia Eagles,player_anytime_td,Yes,Devin Singletary,900,
e10fe83ee6178a598e7fa84ea0913366,10/10/2025,FALSE,DraftKings,10/9/2025,New York Giants,Philadelphia Eagles,player_anytime_td,Yes,Daniel Bellinger,900,
e10fe83ee6178a598e7fa84ea0913366,10/10/2025,FALSE,DraftKings,10/9/2025,New York Giants,Philadelphia Eagles,player_anytime_td,Yes,Jahan Dotson,900,
e10fe83ee6178a598e7fa84ea0913366,10/10/2025,FALSE,DraftKings,10/9/2025,New York Giants,Philadelphia Eagles,player_anytime_td,Yes,AJ Dillon,950,
e10fe83ee6178a598e7fa84ea0913366,10/10/2025,FALSE,DraftKings,10/9/2025,New York Giants,Philadelphia Eagles,player_anytime_td,Yes,Will Shipley,1200,
e10fe83ee6178a598e7fa84ea0913366,10/10/2025,FALSE,DraftKings,10/9/2025,New York Giants,Philadelphia Eagles,player_anytime_td,Yes,Tank Bigsby,1200,
e10fe83ee6178a598e7fa84ea0913366,10/10/2025,FALSE,DraftKings,10/9/2025,New York Giants,Philadelphia Eagles,player_anytime_td,Yes,Gunner Olszewski,1500,
e10fe83ee6178a598e7fa84ea0913366,10/10/2025,FALSE,DraftKings,10/9/2025,New York Giants,Philadelphia Eagles,player_anytime_td,Yes,Grant Calcaterra,1600,
e10fe83ee6178a598e7fa84ea0913366,10/10/2025,FALSE,DraftKings,10/9/2025,New York Giants,Philadelphia Eagles,player_anytime_td,Yes,Kylen Granson,1600,
e10fe83ee6178a598e7fa84ea0913366,10/10/2025,FALSE,DraftKings,10/9/2025,New York Giants,Philadelphia Eagles,player_anytime_td,Yes,John Metchie III,2800,
e10fe83ee6178a598e7fa84ea0913366,10/10/2025,FALSE,DraftKings,10/9/2025,New York Giants,Philadelphia Eagles,player_anytime_td,Yes,Xavier Gipson,2800,
e10fe83ee6178a598e7fa84ea0913366,10/10/2025,FALSE,DraftKings,10/9/2025,New York Giants,Philadelphia Eagles,player_anytime_td,Yes,Thomas Fidone,3000,
e10fe83ee6178a598e7fa84ea0913366,10/10/2025,FALSE,DraftKings,10/9/2025,New York Giants,Philadelphia Eagles,player_anytime_td,Yes,Chris Manhertz,3500,
e10fe83ee6178a598e7fa84ea0913366,10/10/2025,FALSE,DraftKings,10/9/2025,New York Giants,Philadelphia Eagles,player_anytime_td,Yes,Cameron Latu,4000,
e34812ee7fbf13bd75e4298bccfbdd10,10/12/2025,FALSE,DraftKings,10/11/2025,New York Jets,Denver Broncos,player_anytime_td,Yes,J.K. Dobbins,-125,
e34812ee7fbf13bd75e4298bccfbdd10,10/12/2025,FALSE,DraftKings,10/11/2025,New York Jets,Denver Broncos,player_anytime_td,Yes,Courtland Sutton,140,
e34812ee7fbf13bd75e4298bccfbdd10,10/12/2025,FALSE,DraftKings,10/11/2025,New York Jets,Denver Broncos,player_anytime_td,Yes,Breece Hall,170,
e34812ee7fbf13bd75e4298bccfbdd10,10/12/2025,FALSE,DraftKings,10/11/2025,New York Jets,Denver Broncos,player_anytime_td,Yes,Garrett Wilson,180,
e34812ee7fbf13bd75e4298bccfbdd10,10/12/2025,FALSE,DraftKings,10/11/2025,New York Jets,Denver Broncos,player_anytime_td,Yes,RJ Harvey,185,
e34812ee7fbf13bd75e4298bccfbdd10,10/12/2025,FALSE,DraftKings,10/11/2025,New York Jets,Denver Broncos,player_anytime_td,Yes,Justin Fields,240,
e34812ee7fbf13bd75e4298bccfbdd10,10/12/2025,FALSE,DraftKings,10/11/2025,New York Jets,Denver Broncos,player_anytime_td,Yes,Troy Franklin,260,
e34812ee7fbf13bd75e4298bccfbdd10,10/12/2025,FALSE,DraftKings,10/11/2025,New York Jets,Denver Broncos,player_anytime_td,Yes,Bo Nix,280,
e34812ee7fbf13bd75e4298bccfbdd10,10/12/2025,FALSE,DraftKings,10/11/2025,New York Jets,Denver Broncos,player_anytime_td,Yes,Marvin Mims Jr.,295,
e34812ee7fbf13bd75e4298bccfbdd10,10/12/2025,FALSE,DraftKings,10/11/2025,New York Jets,Denver Broncos,player_anytime_td,Yes,Mason Taylor,300,
e34812ee7fbf13bd75e4298bccfbdd10,10/12/2025,FALSE,DraftKings,10/11/2025,New York Jets,Denver Broncos,player_anytime_td,Yes,Evan Engram,320,
e34812ee7fbf13bd75e4298bccfbdd10,10/12/2025,FALSE,DraftKings,10/11/2025,New York Jets,Denver Broncos,player_anytime_td,Yes,Denver Broncos D/ST,500,
e34812ee7fbf13bd75e4298bccfbdd10,10/12/2025,FALSE,DraftKings,10/11/2025,New York Jets,Denver Broncos,player_anytime_td,Yes,New York Jets D/ST,550,
e34812ee7fbf13bd75e4298bccfbdd10,10/12/2025,FALSE,DraftKings,10/11/2025,New York Jets,Denver Broncos,player_anytime_td,Yes,Josh Reynolds,600,
e34812ee7fbf13bd75e4298bccfbdd10,10/12/2025,FALSE,DraftKings,10/11/2025,New York Jets,Denver Broncos,player_anytime_td,Yes,Isaiah Davis,750,
e34812ee7fbf13bd75e4298bccfbdd10,10/12/2025,FALSE,DraftKings,10/11/2025,New York Jets,Denver Broncos,player_anytime_td,Yes,Adam Trautman,900,
e34812ee7fbf13bd75e4298bccfbdd10,10/12/2025,FALSE,DraftKings,10/11/2025,New York Jets,Denver Broncos,player_anytime_td,Yes,Pat Bryant,1000,
e34812ee7fbf13bd75e4298bccfbdd10,10/12/2025,FALSE,DraftKings,10/11/2025,New York Jets,Denver Broncos,player_anytime_td,Yes,Jeremy Ruckert,1200,
e34812ee7fbf13bd75e4298bccfbdd10,10/12/2025,FALSE,DraftKings,10/11/2025,New York Jets,Denver Broncos,player_anytime_td,Yes,Tyler Johnson,1300,
e34812ee7fbf13bd75e4298bccfbdd10,10/12/2025,FALSE,DraftKings,10/11/2025,New York Jets,Denver Broncos,player_anytime_td,Yes,Arian Smith,1300,
e34812ee7fbf13bd75e4298bccfbdd10,10/12/2025,FALSE,DraftKings,10/11/2025,New York Jets,Denver Broncos,player_anytime_td,Yes,Trent Sherfield Sr.,1300,
e34812ee7fbf13bd75e4298bccfbdd10,10/12/2025,FALSE,DraftKings,10/11/2025,New York Jets,Denver Broncos,player_anytime_td,Yes,Nate Adkins,1400,
e34812ee7fbf13bd75e4298bccfbdd10,10/12/2025,FALSE,DraftKings,10/11/2025,New York Jets,Denver Broncos,player_anytime_td,Yes,Jaleel McLaughlin,1400,
e34812ee7fbf13bd75e4298bccfbdd10,10/12/2025,FALSE,DraftKings,10/11/2025,New York Jets,Denver Broncos,player_anytime_td,Yes,Jelani Woods,1900,
e34812ee7fbf13bd75e4298bccfbdd10,10/12/2025,FALSE,DraftKings,10/11/2025,New York Jets,Denver Broncos,player_anytime_td,Yes,Adam Prentice,1900,
e34812ee7fbf13bd75e4298bccfbdd10,10/12/2025,FALSE,DraftKings,10/11/2025,New York Jets,Denver Broncos,player_anytime_td,Yes,Tyler Badie,2000,
e34812ee7fbf13bd75e4298bccfbdd10,10/12/2025,FALSE,DraftKings,10/11/2025,New York Jets,Denver Broncos,player_anytime_td,Yes,Khalil Herbert,2200,
e34812ee7fbf13bd75e4298bccfbdd10,10/12/2025,FALSE,DraftKings,10/11/2025,New York Jets,Denver Broncos,player_anytime_td,Yes,Stone Smartt,2200,
e34812ee7fbf13bd75e4298bccfbdd10,10/12/2025,FALSE,DraftKings,10/11/2025,New York Jets,Denver Broncos,player_anytime_td,Yes,Kene Nwangwu,3000,
e34812ee7fbf13bd75e4298bccfbdd10,10/12/2025,FALSE,DraftKings,10/11/2025,New York Jets,Denver Broncos,player_anytime_td,Yes,Andrew Beck,3000,
e5dd1fed586cfc0ec2d7c06f2a02c37a,10/12/2025,FALSE,DraftKings,10/11/2025,Jacksonville Jaguars,Seattle Seahawks,player_anytime_td,Yes,Travis Etienne Jr.,-120,
e5dd1fed586cfc0ec2d7c06f2a02c37a,10/12/2025,FALSE,DraftKings,10/11/2025,Jacksonville Jaguars,Seattle Seahawks,player_anytime_td,Yes,Kenneth Walker III,120,
e5dd1fed586cfc0ec2d7c06f2a02c37a,10/12/2025,FALSE,DraftKings,10/11/2025,Jacksonville Jaguars,Seattle Seahawks,player_anytime_td,Yes,Zach Charbonnet,120,
e5dd1fed586cfc0ec2d7c06f2a02c37a,10/12/2025,FALSE,DraftKings,10/11/2025,Jacksonville Jaguars,Seattle Seahawks,player_anytime_td,Yes,Jaxon Smith-Njigba,125,
e5dd1fed586cfc0ec2d7c06f2a02c37a,10/12/2025,FALSE,DraftKings,10/11/2025,Jacksonville Jaguars,Seattle Seahawks,player_anytime_td,Yes,Brian Thomas Jr,155,
e5dd1fed586cfc0ec2d7c06f2a02c37a,10/12/2025,FALSE,DraftKings,10/11/2025,Jacksonville Jaguars,Seattle Seahawks,player_anytime_td,Yes,Travis Hunter,250,
e5dd1fed586cfc0ec2d7c06f2a02c37a,10/12/2025,FALSE,DraftKings,10/11/2025,Jacksonville Jaguars,Seattle Seahawks,player_anytime_td,Yes,Cooper Kupp,285,
e5dd1fed586cfc0ec2d7c06f2a02c37a,10/12/2025,FALSE,DraftKings,10/11/2025,Jacksonville Jaguars,Seattle Seahawks,player_anytime_td,Yes,AJ Barner,300,
e5dd1fed586cfc0ec2d7c06f2a02c37a,10/12/2025,FALSE,DraftKings,10/11/2025,Jacksonville Jaguars,Seattle Seahawks,player_anytime_td,Yes,Bhayshul Tuten,310,
e5dd1fed586cfc0ec2d7c06f2a02c37a,10/12/2025,FALSE,DraftKings,10/11/2025,Jacksonville Jaguars,Seattle Seahawks,player_anytime_td,Yes,Trevor Lawrence,320,
e5dd1fed586cfc0ec2d7c06f2a02c37a,10/12/2025,FALSE,DraftKings,10/11/2025,Jacksonville Jaguars,Seattle Seahawks,player_anytime_td,Yes,Dyami Brown,340,
e5dd1fed586cfc0ec2d7c06f2a02c37a,10/12/2025,FALSE,DraftKings,10/11/2025,Jacksonville Jaguars,Seattle Seahawks,player_anytime_td,Yes,Hunter Long,390,
e5dd1fed586cfc0ec2d7c06f2a02c37a,10/12/2025,FALSE,DraftKings,10/11/2025,Jacksonville Jaguars,Seattle Seahawks,player_anytime_td,Yes,Parker Washington,425,
e5dd1fed586cfc0ec2d7c06f2a02c37a,10/12/2025,FALSE,DraftKings,10/11/2025,Jacksonville Jaguars,Seattle Seahawks,player_anytime_td,Yes,Tory Horton,450,
e5dd1fed586cfc0ec2d7c06f2a02c37a,10/12/2025,FALSE,DraftKings,10/11/2025,Jacksonville Jaguars,Seattle Seahawks,player_anytime_td,Yes,Jacksonville Jaguars D/ST,500,
e5dd1fed586cfc0ec2d7c06f2a02c37a,10/12/2025,FALSE,DraftKings,10/11/2025,Jacksonville Jaguars,Seattle Seahawks,player_anytime_td,Yes,Seattle Seahawks D/ST,500,
e5dd1fed586cfc0ec2d7c06f2a02c37a,10/12/2025,FALSE,DraftKings,10/11/2025,Jacksonville Jaguars,Seattle Seahawks,player_anytime_td,Yes,Elijah Arroyo,550,
e5dd1fed586cfc0ec2d7c06f2a02c37a,10/12/2025,FALSE,DraftKings,10/11/2025,Jacksonville Jaguars,Seattle Seahawks,player_anytime_td,Yes,Sam Darnold,750,
e5dd1fed586cfc0ec2d7c06f2a02c37a,10/12/2025,FALSE,DraftKings,10/11/2025,Jacksonville Jaguars,Seattle Seahawks,player_anytime_td,Yes,Johnny Mundt,1000,
e5dd1fed586cfc0ec2d7c06f2a02c37a,10/12/2025,FALSE,DraftKings,10/11/2025,Jacksonville Jaguars,Seattle Seahawks,player_anytime_td,Yes,Tim Patrick,1200,
e5dd1fed586cfc0ec2d7c06f2a02c37a,10/12/2025,FALSE,DraftKings,10/11/2025,Jacksonville Jaguars,Seattle Seahawks,player_anytime_td,Yes,LeQuint Allen Jr.,1300,
e5dd1fed586cfc0ec2d7c06f2a02c37a,10/12/2025,FALSE,DraftKings,10/11/2025,Jacksonville Jaguars,Seattle Seahawks,player_anytime_td,Yes,George Holani,1300,
e5dd1fed586cfc0ec2d7c06f2a02c37a,10/12/2025,FALSE,DraftKings,10/11/2025,Jacksonville Jaguars,Seattle Seahawks,player_anytime_td,Yes,Cody Schrader,1400,
e5dd1fed586cfc0ec2d7c06f2a02c37a,10/12/2025,FALSE,DraftKings,10/11/2025,Jacksonville Jaguars,Seattle Seahawks,player_anytime_td,Yes,Eric Saubert,1700,
e5dd1fed586cfc0ec2d7c06f2a02c37a,10/12/2025,FALSE,DraftKings,10/11/2025,Jacksonville Jaguars,Seattle Seahawks,player_anytime_td,Yes,Cody White,1700,
e5dd1fed586cfc0ec2d7c06f2a02c37a,10/12/2025,FALSE,DraftKings,10/11/2025,Jacksonville Jaguars,Seattle Seahawks,player_anytime_td,Yes,Quintin Morris,1800,
e5dd1fed586cfc0ec2d7c06f2a02c37a,10/12/2025,FALSE,DraftKings,10/11/2025,Jacksonville Jaguars,Seattle Seahawks,player_anytime_td,Yes,Jake Bobo,2000,
e5dd1fed586cfc0ec2d7c06f2a02c37a,10/12/2025,FALSE,DraftKings,10/11/2025,Jacksonville Jaguars,Seattle Seahawks,player_anytime_td,Yes,Nick Kallerup,2000,
e5dd1fed586cfc0ec2d7c06f2a02c37a,10/12/2025,FALSE,DraftKings,10/11/2025,Jacksonville Jaguars,Seattle Seahawks,player_anytime_td,Yes,Dareke Young,2200,
e5dd1fed586cfc0ec2d7c06f2a02c37a,10/12/2025,FALSE,DraftKings,10/11/2025,Jacksonville Jaguars,Seattle Seahawks,player_anytime_td,Yes,Brady Russell,3000,
f2c642e1f95555424b9a9a4f03733b42,10/12/2025,FALSE,DraftKings,10/11/2025,New Orleans Saints,New England Patriots,player_anytime_td,Yes,Rhamondre Stevenson,110,
f2c642e1f95555424b9a9a4f03733b42,10/12/2025,FALSE,DraftKings,10/11/2025,New Orleans Saints,New England Patriots,player_anytime_td,Yes,Alvin Kamara,125,
f2c642e1f95555424b9a9a4f03733b42,10/12/2025,FALSE,DraftKings,10/11/2025,New Orleans Saints,New England Patriots,player_anytime_td,Yes,Kendre Miller,125,
f2c642e1f95555424b9a9a4f03733b42,10/12/2025,FALSE,DraftKings,10/11/2025,New Orleans Saints,New England Patriots,player_anytime_td,Yes,TreVeyon Henderson,130,
f2c642e1f95555424b9a9a4f03733b42,10/12/2025,FALSE,DraftKings,10/11/2025,New Orleans Saints,New England Patriots,player_anytime_td,Yes,Stefon Diggs,170,
f2c642e1f95555424b9a9a4f03733b42,10/12/2025,FALSE,DraftKings,10/11/2025,New Orleans Saints,New England Patriots,player_anytime_td,Yes,Hunter Henry,170,
f2c642e1f95555424b9a9a4f03733b42,10/12/2025,FALSE,DraftKings,10/11/2025,New Orleans Saints,New England Patriots,player_anytime_td,Yes,Chris Olave,180,
f2c642e1f95555424b9a9a4f03733b42,10/12/2025,FALSE,DraftKings,10/11/2025,New Orleans Saints,New England Patriots,player_anytime_td,Yes,Taysom Hill,185,
f2c642e1f95555424b9a9a4f03733b42,10/12/2025,FALSE,DraftKings,10/11/2025,New Orleans Saints,New England Patriots,player_anytime_td,Yes,Rashid Shaheed,225,
f2c642e1f95555424b9a9a4f03733b42,10/12/2025,FALSE,DraftKings,10/11/2025,New Orleans Saints,New England Patriots,player_anytime_td,Yes,Drake Maye,230,
f2c642e1f95555424b9a9a4f03733b42,10/12/2025,FALSE,DraftKings,10/11/2025,New Orleans Saints,New England Patriots,player_anytime_td,Yes,Juwan Johnson,285,
f2c642e1f95555424b9a9a4f03733b42,10/12/2025,FALSE,DraftKings,10/11/2025,New Orleans Saints,New England Patriots,player_anytime_td,Yes,Kayshon Boutte,290,
f2c642e1f95555424b9a9a4f03733b42,10/12/2025,FALSE,DraftKings,10/11/2025,New Orleans Saints,New England Patriots,player_anytime_td,Yes,Foster Moreau,380,
f2c642e1f95555424b9a9a4f03733b42,10/12/2025,FALSE,DraftKings,10/11/2025,New Orleans Saints,New England Patriots,player_anytime_td,Yes,DeMario Douglas,475,
f2c642e1f95555424b9a9a4f03733b42,10/12/2025,FALSE,DraftKings,10/11/2025,New Orleans Saints,New England Patriots,player_anytime_td,Yes,Mack Hollins,550,
f2c642e1f95555424b9a9a4f03733b42,10/12/2025,FALSE,DraftKings,10/11/2025,New Orleans Saints,New England Patriots,player_anytime_td,Yes,New Orleans Saints D/ST,550,
f2c642e1f95555424b9a9a4f03733b42,10/12/2025,FALSE,DraftKings,10/11/2025,New Orleans Saints,New England Patriots,player_anytime_td,Yes,Brandin Cooks,650,
f2c642e1f95555424b9a9a4f03733b42,10/12/2025,FALSE,DraftKings,10/11/2025,New Orleans Saints,New England Patriots,player_anytime_td,Yes,Austin Hooper,650,
f2c642e1f95555424b9a9a4f03733b42,10/12/2025,FALSE,DraftKings,10/11/2025,New Orleans Saints,New England Patriots,player_anytime_td,Yes,New England Patriots D/ST,650,
f2c642e1f95555424b9a9a4f03733b42,10/12/2025,FALSE,DraftKings,10/11/2025,New Orleans Saints,New England Patriots,player_anytime_td,Yes,Jack Stoll,700,
f2c642e1f95555424b9a9a4f03733b42,10/12/2025,FALSE,DraftKings,10/11/2025,New Orleans Saints,New England Patriots,player_anytime_td,Yes,Spencer Rattler,750,
f2c642e1f95555424b9a9a4f03733b42,10/12/2025,FALSE,DraftKings,10/11/2025,New Orleans Saints,New England Patriots,player_anytime_td,Yes,Kyle Williams,1100,
f2c642e1f95555424b9a9a4f03733b42,10/12/2025,FALSE,DraftKings,10/11/2025,New Orleans Saints,New England Patriots,player_anytime_td,Yes,Devaughn Vele,1500,
f2c642e1f95555424b9a9a4f03733b42,10/12/2025,FALSE,DraftKings,10/11/2025,New Orleans Saints,New England Patriots,player_anytime_td,Yes,Efton Chism III,1500,
f2c642e1f95555424b9a9a4f03733b42,10/12/2025,FALSE,DraftKings,10/11/2025,New Orleans Saints,New England Patriots,player_anytime_td,Yes,Jack Westover,2000,
f2c642e1f95555424b9a9a4f03733b42,10/12/2025,FALSE,DraftKings,10/11/2025,New Orleans Saints,New England Patriots,player_anytime_td,Yes,Mason Tipton,3000,
dfa87b0532de1389297103c2e3195347,10/12/2025,FALSE,DraftKings,10/11/2025,Indianapolis Colts,Arizona Cardinals,player_anytime_td,Yes,Jonathan Taylor,-265,
dfa87b0532de1389297103c2e3195347,10/12/2025,FALSE,DraftKings,10/11/2025,Indianapolis Colts,Arizona Cardinals,player_anytime_td,Yes,Tyler Warren,155,
dfa87b0532de1389297103c2e3195347,10/12/2025,FALSE,DraftKings,10/11/2025,Indianapolis Colts,Arizona Cardinals,player_anytime_td,Yes,Michael Pittman Jr.,170,
dfa87b0532de1389297103c2e3195347,10/12/2025,FALSE,DraftKings,10/11/2025,Indianapolis Colts,Arizona Cardinals,player_anytime_td,Yes,Michael Carter,180,
dfa87b0532de1389297103c2e3195347,10/12/2025,FALSE,DraftKings,10/11/2025,Indianapolis Colts,Arizona Cardinals,player_anytime_td,Yes,Marvin Harrison Jr.,185,
dfa87b0532de1389297103c2e3195347,10/12/2025,FALSE,DraftKings,10/11/2025,Indianapolis Colts,Arizona Cardinals,player_anytime_td,Yes,Trey McBride,185,
dfa87b0532de1389297103c2e3195347,10/12/2025,FALSE,DraftKings,10/11/2025,Indianapolis Colts,Arizona Cardinals,player_anytime_td,Yes,Daniel Jones,195,
dfa87b0532de1389297103c2e3195347,10/12/2025,FALSE,DraftKings,10/11/2025,Indianapolis Colts,Arizona Cardinals,player_anytime_td,Yes,Josh Downs,275,
dfa87b0532de1389297103c2e3195347,10/12/2025,FALSE,DraftKings,10/11/2025,Indianapolis Colts,Arizona Cardinals,player_anytime_td,Yes,Alec Pierce,330,
dfa87b0532de1389297103c2e3195347,10/12/2025,FALSE,DraftKings,10/11/2025,Indianapolis Colts,Arizona Cardinals,player_anytime_td,Yes,Zonovan Knight,390,
dfa87b0532de1389297103c2e3195347,10/12/2025,FALSE,DraftKings,10/11/2025,Indianapolis Colts,Arizona Cardinals,player_anytime_td,Yes,Emari Demercado,390,
dfa87b0532de1389297103c2e3195347,10/12/2025,FALSE,DraftKings,10/11/2025,Indianapolis Colts,Arizona Cardinals,player_anytime_td,Yes,Michael Wilson,400,
dfa87b0532de1389297103c2e3195347,10/12/2025,FALSE,DraftKings,10/11/2025,Indianapolis Colts,Arizona Cardinals,player_anytime_td,Yes,Adonai Mitchell,425,
dfa87b0532de1389297103c2e3195347,10/12/2025,FALSE,DraftKings,10/11/2025,Indianapolis Colts,Arizona Cardinals,player_anytime_td,Yes,Kyler Murray,425,
dfa87b0532de1389297103c2e3195347,10/12/2025,FALSE,DraftKings,10/11/2025,Indianapolis Colts,Arizona Cardinals,player_anytime_td,Yes,Indianapolis Colts D/ST,500,
dfa87b0532de1389297103c2e3195347,10/12/2025,FALSE,DraftKings,10/11/2025,Indianapolis Colts,Arizona Cardinals,player_anytime_td,Yes,Arizona Cardinals D/ST,500,
dfa87b0532de1389297103c2e3195347,10/12/2025,FALSE,DraftKings,10/11/2025,Indianapolis Colts,Arizona Cardinals,player_anytime_td,Yes,Greg Dortch,550,
dfa87b0532de1389297103c2e3195347,10/12/2025,FALSE,DraftKings,10/11/2025,Indianapolis Colts,Arizona Cardinals,player_anytime_td,Yes,Zay Jones,550,
dfa87b0532de1389297103c2e3195347,10/12/2025,FALSE,DraftKings,10/11/2025,Indianapolis Colts,Arizona Cardinals,player_anytime_td,Yes,Ashton Dulin,650,
dfa87b0532de1389297103c2e3195347,10/12/2025,FALSE,DraftKings,10/11/2025,Indianapolis Colts,Arizona Cardinals,player_anytime_td,Yes,Anthony Gould,700,
dfa87b0532de1389297103c2e3195347,10/12/2025,FALSE,DraftKings,10/11/2025,Indianapolis Colts,Arizona Cardinals,player_anytime_td,Yes,DJ Giddens,850,
dfa87b0532de1389297103c2e3195347,10/12/2025,FALSE,DraftKings,10/11/2025,Indianapolis Colts,Arizona Cardinals,player_anytime_td,Yes,Tyler Goodson,950,
dfa87b0532de1389297103c2e3195347,10/12/2025,FALSE,DraftKings,10/11/2025,Indianapolis Colts,Arizona Cardinals,player_anytime_td,Yes,Xavier Weaver,1100,
dfa87b0532de1389297103c2e3195347,10/12/2025,FALSE,DraftKings,10/11/2025,Indianapolis Colts,Arizona Cardinals,player_anytime_td,Yes,Mo Alie-Cox,1200,
dfa87b0532de1389297103c2e3195347,10/12/2025,FALSE,DraftKings,10/11/2025,Indianapolis Colts,Arizona Cardinals,player_anytime_td,Yes,Elijah Higgins,1300,
dfa87b0532de1389297103c2e3195347,10/12/2025,FALSE,DraftKings,10/11/2025,Indianapolis Colts,Arizona Cardinals,player_anytime_td,Yes,Simi Fehoko,1300,
dfa87b0532de1389297103c2e3195347,10/12/2025,FALSE,DraftKings,10/11/2025,Indianapolis Colts,Arizona Cardinals,player_anytime_td,Yes,Will Mallory,1800,
dfa87b0532de1389297103c2e3195347,10/12/2025,FALSE,DraftKings,10/11/2025,Indianapolis Colts,Arizona Cardinals,player_anytime_td,Yes,Drew Ogletree,1900,
dfa87b0532de1389297103c2e3195347,10/12/2025,FALSE,DraftKings,10/11/2025,Indianapolis Colts,Arizona Cardinals,player_anytime_td,Yes,Travis Vokolek,2500,
b235bc78609644cb28492cc1d6ad69fd,10/12/2025,FALSE,DraftKings,10/11/2025,Baltimore Ravens,Los Angeles Rams,player_anytime_td,Yes,Kyren Williams,-175,
b235bc78609644cb28492cc1d6ad69fd,10/12/2025,FALSE,DraftKings,10/11/2025,Baltimore Ravens,Los Angeles Rams,player_anytime_td,Yes,Derrick Henry,-120,
b235bc78609644cb28492cc1d6ad69fd,10/12/2025,FALSE,DraftKings,10/11/2025,Baltimore Ravens,Los Angeles Rams,player_anytime_td,Yes,Puka Nacua,-120,
b235bc78609644cb28492cc1d6ad69fd,10/12/2025,FALSE,DraftKings,10/11/2025,Baltimore Ravens,Los Angeles Rams,player_anytime_td,Yes,Davante Adams,100,
b235bc78609644cb28492cc1d6ad69fd,10/12/2025,FALSE,DraftKings,10/11/2025,Baltimore Ravens,Los Angeles Rams,player_anytime_td,Yes,Zay Flowers,245,
b235bc78609644cb28492cc1d6ad69fd,10/12/2025,FALSE,DraftKings,10/11/2025,Baltimore Ravens,Los Angeles Rams,player_anytime_td,Yes,Tyler Higbee,280,
b235bc78609644cb28492cc1d6ad69fd,10/12/2025,FALSE,DraftKings,10/11/2025,Baltimore Ravens,Los Angeles Rams,player_anytime_td,Yes,Blake Corum,360,
b235bc78609644cb28492cc1d6ad69fd,10/12/2025,FALSE,DraftKings,10/11/2025,Baltimore Ravens,Los Angeles Rams,player_anytime_td,Yes,Mark Andrews,380,
b235bc78609644cb28492cc1d6ad69fd,10/12/2025,FALSE,DraftKings,10/11/2025,Baltimore Ravens,Los Angeles Rams,player_anytime_td,Yes,Jordan Whittington,400,
b235bc78609644cb28492cc1d6ad69fd,10/12/2025,FALSE,DraftKings,10/11/2025,Baltimore Ravens,Los Angeles Rams,player_anytime_td,Yes,Tutu Atwell,400,
b235bc78609644cb28492cc1d6ad69fd,10/12/2025,FALSE,DraftKings,10/11/2025,Baltimore Ravens,Los Angeles Rams,player_anytime_td,Yes,Rashod Bateman,425,
b235bc78609644cb28492cc1d6ad69fd,10/12/2025,FALSE,DraftKings,10/11/2025,Baltimore Ravens,Los Angeles Rams,player_anytime_td,Yes,Los Angeles Rams D/ST,475,
b235bc78609644cb28492cc1d6ad69fd,10/12/2025,FALSE,DraftKings,10/11/2025,Baltimore Ravens,Los Angeles Rams,player_anytime_td,Yes,Baltimore Ravens D/ST,500,
b235bc78609644cb28492cc1d6ad69fd,10/12/2025,FALSE,DraftKings,10/11/2025,Baltimore Ravens,Los Angeles Rams,player_anytime_td,Yes,Isaiah Likely,550,
b235bc78609644cb28492cc1d6ad69fd,10/12/2025,FALSE,DraftKings,10/11/2025,Baltimore Ravens,Los Angeles Rams,player_anytime_td,Yes,Justice Hill,550,
b235bc78609644cb28492cc1d6ad69fd,10/12/2025,FALSE,DraftKings,10/11/2025,Baltimore Ravens,Los Angeles Rams,player_anytime_td,Yes,Colby Parkinson,650,
b235bc78609644cb28492cc1d6ad69fd,10/12/2025,FALSE,DraftKings,10/11/2025,Baltimore Ravens,Los Angeles Rams,player_anytime_td,Yes,DeAndre Hopkins,800,
b235bc78609644cb28492cc1d6ad69fd,10/12/2025,FALSE,DraftKings,10/11/2025,Baltimore Ravens,Los Angeles Rams,player_anytime_td,Yes,Davis Allen,900,
b235bc78609644cb28492cc1d6ad69fd,10/12/2025,FALSE,DraftKings,10/11/2025,Baltimore Ravens,Los Angeles Rams,player_anytime_td,Yes,Cooper Rush,950,
b235bc78609644cb28492cc1d6ad69fd,10/12/2025,FALSE,DraftKings,10/11/2025,Baltimore Ravens,Los Angeles Rams,player_anytime_td,Yes,Konata Mumpfield,1100,
b235bc78609644cb28492cc1d6ad69fd,10/12/2025,FALSE,DraftKings,10/11/2025,Baltimore Ravens,Los Angeles Rams,player_anytime_td,Yes,Xavier Smith,1200,
b235bc78609644cb28492cc1d6ad69fd,10/12/2025,FALSE,DraftKings,10/11/2025,Baltimore Ravens,Los Angeles Rams,player_anytime_td,Yes,Devontez Walker,1300,
b235bc78609644cb28492cc1d6ad69fd,10/12/2025,FALSE,DraftKings,10/11/2025,Baltimore Ravens,Los Angeles Rams,player_anytime_td,Yes,Tylan Wallace,1400,
b235bc78609644cb28492cc1d6ad69fd,10/12/2025,FALSE,DraftKings,10/11/2025,Baltimore Ravens,Los Angeles Rams,player_anytime_td,Yes,Keaton Mitchell,1500,
b235bc78609644cb28492cc1d6ad69fd,10/12/2025,FALSE,DraftKings,10/11/2025,Baltimore Ravens,Los Angeles Rams,player_anytime_td,Yes,Rasheen Ali,1600,
b235bc78609644cb28492cc1d6ad69fd,10/12/2025,FALSE,DraftKings,10/11/2025,Baltimore Ravens,Los Angeles Rams,player_anytime_td,Yes,Terrance Ferguson,1700,
b235bc78609644cb28492cc1d6ad69fd,10/12/2025,FALSE,DraftKings,10/11/2025,Baltimore Ravens,Los Angeles Rams,player_anytime_td,Yes,Zaire Mitchell-Paden,1900,
b235bc78609644cb28492cc1d6ad69fd,10/12/2025,FALSE,DraftKings,10/11/2025,Baltimore Ravens,Los Angeles Rams,player_anytime_td,Yes,Charlie Kolar,2000,
b235bc78609644cb28492cc1d6ad69fd,10/12/2025,FALSE,DraftKings,10/11/2025,Baltimore Ravens,Los Angeles Rams,player_anytime_td,Yes,Matthew Stafford,2200,
b235bc78609644cb28492cc1d6ad69fd,10/12/2025,FALSE,DraftKings,10/11/2025,Baltimore Ravens,Los Angeles Rams,player_anytime_td,Yes,Jarquez Hunter,2200,
b235bc78609644cb28492cc1d6ad69fd,10/12/2025,FALSE,DraftKings,10/11/2025,Baltimore Ravens,Los Angeles Rams,player_anytime_td,Yes,LaJohntay Wester,3000,
dd3a14fa1529e79bd338a7bfd71d5b3a,10/12/2025,FALSE,DraftKings,10/11/2025,Carolina Panthers,Dallas Cowboys,player_anytime_td,Yes,Javonte Williams,-210,
dd3a14fa1529e79bd338a7bfd71d5b3a,10/12/2025,FALSE,DraftKings,10/11/2025,Carolina Panthers,Dallas Cowboys,player_anytime_td,Yes,Rico Dowdle,-120,
dd3a14fa1529e79bd338a7bfd71d5b3a,10/12/2025,FALSE,DraftKings,10/11/2025,Carolina Panthers,Dallas Cowboys,player_anytime_td,Yes,George Pickens,115,
dd3a14fa1529e79bd338a7bfd71d5b3a,10/12/2025,FALSE,DraftKings,10/11/2025,Carolina Panthers,Dallas Cowboys,player_anytime_td,Yes,Tetairoa McMillan,140,
dd3a14fa1529e79bd338a7bfd71d5b3a,10/12/2025,FALSE,DraftKings,10/11/2025,Carolina Panthers,Dallas Cowboys,player_anytime_td,Yes,Jake Ferguson,145,
dd3a14fa1529e79bd338a7bfd71d5b3a,10/12/2025,FALSE,DraftKings,10/11/2025,Carolina Panthers,Dallas Cowboys,player_anytime_td,Yes,Ryan Flournoy,290,
dd3a14fa1529e79bd338a7bfd71d5b3a,10/12/2025,FALSE,DraftKings,10/11/2025,Carolina Panthers,Dallas Cowboys,player_anytime_td,Yes,Xavier Legette,310,
dd3a14fa1529e79bd338a7bfd71d5b3a,10/12/2025,FALSE,DraftKings,10/11/2025,Carolina Panthers,Dallas Cowboys,player_anytime_td,Yes,Jalen Tolbert,360,
dd3a14fa1529e79bd338a7bfd71d5b3a,10/12/2025,FALSE,DraftKings,10/11/2025,Carolina Panthers,Dallas Cowboys,player_anytime_td,Yes,Jaydon Blue,360,
dd3a14fa1529e79bd338a7bfd71d5b3a,10/12/2025,FALSE,DraftKings,10/11/2025,Carolina Panthers,Dallas Cowboys,player_anytime_td,Yes,Ja'Tavion Sanders,370,
dd3a14fa1529e79bd338a7bfd71d5b3a,10/12/2025,FALSE,DraftKings,10/11/2025,Carolina Panthers,Dallas Cowboys,player_anytime_td,Yes,Tommy Tremble,390,
dd3a14fa1529e79bd338a7bfd71d5b3a,10/12/2025,FALSE,DraftKings,10/11/2025,Carolina Panthers,Dallas Cowboys,player_anytime_td,Yes,Jalen Coker,400,
dd3a14fa1529e79bd338a7bfd71d5b3a,10/12/2025,FALSE,DraftKings,10/11/2025,Carolina Panthers,Dallas Cowboys,player_anytime_td,Yes,Hunter Renfrow,475,
dd3a14fa1529e79bd338a7bfd71d5b3a,10/12/2025,FALSE,DraftKings,10/11/2025,Carolina Panthers,Dallas Cowboys,player_anytime_td,Yes,Bryce Young,475,
dd3a14fa1529e79bd338a7bfd71d5b3a,10/12/2025,FALSE,DraftKings,10/11/2025,Carolina Panthers,Dallas Cowboys,player_anytime_td,Yes,Trevor Etienne,500,
dd3a14fa1529e79bd338a7bfd71d5b3a,10/12/2025,FALSE,DraftKings,10/11/2025,Carolina Panthers,Dallas Cowboys,player_anytime_td,Yes,Carolina Panthers D/ST,500,
dd3a14fa1529e79bd338a7bfd71d5b3a,10/12/2025,FALSE,DraftKings,10/11/2025,Carolina Panthers,Dallas Cowboys,player_anytime_td,Yes,Dallas Cowboys D/ST,500,
dd3a14fa1529e79bd338a7bfd71d5b3a,10/12/2025,FALSE,DraftKings,10/11/2025,Carolina Panthers,Dallas Cowboys,player_anytime_td,Yes,Dak Prescott,550,
dd3a14fa1529e79bd338a7bfd71d5b3a,10/12/2025,FALSE,DraftKings,10/11/2025,Carolina Panthers,Dallas Cowboys,player_anytime_td,Yes,Jimmy Horn Jr.,600,
dd3a14fa1529e79bd338a7bfd71d5b3a,10/12/2025,FALSE,DraftKings,10/11/2025,Carolina Panthers,Dallas Cowboys,player_anytime_td,Yes,Mitchell Evans,850,
dd3a14fa1529e79bd338a7bfd71d5b3a,10/12/2025,FALSE,DraftKings,10/11/2025,Carolina Panthers,Dallas Cowboys,player_anytime_td,Yes,James Mitchell,950,
dd3a14fa1529e79bd338a7bfd71d5b3a,10/12/2025,FALSE,DraftKings,10/11/2025,Carolina Panthers,Dallas Cowboys,player_anytime_td,Yes,Luke Schoonmaker,950,
dd3a14fa1529e79bd338a7bfd71d5b3a,10/12/2025,FALSE,DraftKings,10/11/2025,Carolina Panthers,Dallas Cowboys,player_anytime_td,Yes,Brycen Tremayne,1000,
dd3a14fa1529e79bd338a7bfd71d5b3a,10/12/2025,FALSE,DraftKings,10/11/2025,Carolina Panthers,Dallas Cowboys,player_anytime_td,Yes,Jalen Moreno-Cropper,1200,
dd3a14fa1529e79bd338a7bfd71d5b3a,10/12/2025,FALSE,DraftKings,10/11/2025,Carolina Panthers,Dallas Cowboys,player_anytime_td,Yes,Hunter Luepke,1600,
dd3a14fa1529e79bd338a7bfd71d5b3a,10/12/2025,FALSE,DraftKings,10/11/2025,Carolina Panthers,Dallas Cowboys,player_anytime_td,Yes,Brevyn Spann-Ford,1900,
a11bbccb332241029ebaeb519b93b776,10/12/2025,FALSE,DraftKings,10/11/2025,Pittsburgh Steelers,Cleveland Browns,player_anytime_td,Yes,Quinshon Judkins,105,
a11bbccb332241029ebaeb519b93b776,10/12/2025,FALSE,DraftKings,10/11/2025,Pittsburgh Steelers,Cleveland Browns,player_anytime_td,Yes,Jaylen Warren,110,
a11bbccb332241029ebaeb519b93b776,10/12/2025,FALSE,DraftKings,10/11/2025,Pittsburgh Steelers,Cleveland Browns,player_anytime_td,Yes,DK Metcalf,175,
a11bbccb332241029ebaeb519b93b776,10/12/2025,FALSE,DraftKings,10/11/2025,Pittsburgh Steelers,Cleveland Browns,player_anytime_td,Yes,Kenneth Gainwell,230,
a11bbccb332241029ebaeb519b93b776,10/12/2025,FALSE,DraftKings,10/11/2025,Pittsburgh Steelers,Cleveland Browns,player_anytime_td,Yes,Jerry Jeudy,320,
a11bbccb332241029ebaeb519b93b776,10/12/2025,FALSE,DraftKings,10/11/2025,Pittsburgh Steelers,Cleveland Browns,player_anytime_td,Yes,Jonnu Smith,340,
a11bbccb332241029ebaeb519b93b776,10/12/2025,FALSE,DraftKings,10/11/2025,Pittsburgh Steelers,Cleveland Browns,player_anytime_td,Yes,Pat Freiermuth,425,
a11bbccb332241029ebaeb519b93b776,10/12/2025,FALSE,DraftKings,10/11/2025,Pittsburgh Steelers,Cleveland Browns,player_anytime_td,Yes,David Njoku,475,
a11bbccb332241029ebaeb519b93b776,10/12/2025,FALSE,DraftKings,10/11/2025,Pittsburgh Steelers,Cleveland Browns,player_anytime_td,Yes,Harold Fannin Jr.,475,
a11bbccb332241029ebaeb519b93b776,10/12/2025,FALSE,DraftKings,10/11/2025,Pittsburgh Steelers,Cleveland Browns,player_anytime_td,Yes,Isaiah Bond,475,
a11bbccb332241029ebaeb519b93b776,10/12/2025,FALSE,DraftKings,10/11/2025,Pittsburgh Steelers,Cleveland Browns,player_anytime_td,Yes,Pittsburgh Steelers D/ST,475,
a11bbccb332241029ebaeb519b93b776,10/12/2025,FALSE,DraftKings,10/11/2025,Pittsburgh Steelers,Cleveland Browns,player_anytime_td,Yes,Cleveland Browns D/ST,500,
a11bbccb332241029ebaeb519b93b776,10/12/2025,FALSE,DraftKings,10/11/2025,Pittsburgh Steelers,Cleveland Browns,player_anytime_td,Yes,Scott Miller,550,
a11bbccb332241029ebaeb519b93b776,10/12/2025,FALSE,DraftKings,10/11/2025,Pittsburgh Steelers,Cleveland Browns,player_anytime_td,Yes,Ben Skowronek,550,
a11bbccb332241029ebaeb519b93b776,10/12/2025,FALSE,DraftKings,10/11/2025,Pittsburgh Steelers,Cleveland Browns,player_anytime_td,Yes,Dillon Gabriel,550,
a11bbccb332241029ebaeb519b93b776,10/12/2025,FALSE,DraftKings,10/11/2025,Pittsburgh Steelers,Cleveland Browns,player_anytime_td,Yes,Darnell Washington,600,
a11bbccb332241029ebaeb519b93b776,10/12/2025,FALSE,DraftKings,10/11/2025,Pittsburgh Steelers,Cleveland Browns,player_anytime_td,Yes,Jerome Ford,600,
a11bbccb332241029ebaeb519b93b776,10/12/2025,FALSE,DraftKings,10/11/2025,Pittsburgh Steelers,Cleveland Browns,player_anytime_td,Yes,Roman Wilson,650,
a11bbccb332241029ebaeb519b93b776,10/12/2025,FALSE,DraftKings,10/11/2025,Pittsburgh Steelers,Cleveland Browns,player_anytime_td,Yes,Connor Heyward,700,
a11bbccb332241029ebaeb519b93b776,10/12/2025,FALSE,DraftKings,10/11/2025,Pittsburgh Steelers,Cleveland Browns,player_anytime_td,Yes,Kaleb Johnson,850,
a11bbccb332241029ebaeb519b93b776,10/12/2025,FALSE,DraftKings,10/11/2025,Pittsburgh Steelers,Cleveland Browns,player_anytime_td,Yes,Dylan Sampson,1300,
a11bbccb332241029ebaeb519b93b776,10/12/2025,FALSE,DraftKings,10/11/2025,Pittsburgh Steelers,Cleveland Browns,player_anytime_td,Yes,Aaron Rodgers,1500,
a11bbccb332241029ebaeb519b93b776,10/12/2025,FALSE,DraftKings,10/11/2025,Pittsburgh Steelers,Cleveland Browns,player_anytime_td,Yes,Jamari Thrash,1500,
a11bbccb332241029ebaeb519b93b776,10/12/2025,FALSE,DraftKings,10/11/2025,Pittsburgh Steelers,Cleveland Browns,player_anytime_td,Yes,Raheim Sanders,1800,
a11bbccb332241029ebaeb519b93b776,10/12/2025,FALSE,DraftKings,10/11/2025,Pittsburgh Steelers,Cleveland Browns,player_anytime_td,Yes,Malachi Corley,2200,
a11bbccb332241029ebaeb519b93b776,10/12/2025,FALSE,DraftKings,10/11/2025,Pittsburgh Steelers,Cleveland Browns,player_anytime_td,Yes,Gage Larvadain,2200,
a11bbccb332241029ebaeb519b93b776,10/12/2025,FALSE,DraftKings,10/11/2025,Pittsburgh Steelers,Cleveland Browns,player_anytime_td,Yes,Blake Whiteheart,3500,
a7211a87bbd5fb2ee473eb9c93ee2e68,10/12/2025,FALSE,DraftKings,10/11/2025,Miami Dolphins,Los Angeles Chargers,player_anytime_td,Yes,De'Von Achane,-115,
a7211a87bbd5fb2ee473eb9c93ee2e68,10/12/2025,FALSE,DraftKings,10/11/2025,Miami Dolphins,Los Angeles Chargers,player_anytime_td,Yes,Jaylen Waddle,140,
a7211a87bbd5fb2ee473eb9c93ee2e68,10/12/2025,FALSE,DraftKings,10/11/2025,Miami Dolphins,Los Angeles Chargers,player_anytime_td,Yes,Hassan Haskins,170,
a7211a87bbd5fb2ee473eb9c93ee2e68,10/12/2025,FALSE,DraftKings,10/11/2025,Miami Dolphins,Los Angeles Chargers,player_anytime_td,Yes,Quentin Johnston,180,
a7211a87bbd5fb2ee473eb9c93ee2e68,10/12/2025,FALSE,DraftKings,10/11/2025,Miami Dolphins,Los Angeles Chargers,player_anytime_td,Yes,Keenan Allen,185,
a7211a87bbd5fb2ee473eb9c93ee2e68,10/12/2025,FALSE,DraftKings,10/11/2025,Miami Dolphins,Los Angeles Chargers,player_anytime_td,Yes,Ladd McConkey,195,
a7211a87bbd5fb2ee473eb9c93ee2e68,10/12/2025,FALSE,DraftKings,10/11/2025,Miami Dolphins,Los Angeles Chargers,player_anytime_td,Yes,Kimani Vidal,230,
a7211a87bbd5fb2ee473eb9c93ee2e68,10/12/2025,FALSE,DraftKings,10/11/2025,Miami Dolphins,Los Angeles Chargers,player_anytime_td,Yes,Darren Waller,255,
a7211a87bbd5fb2ee473eb9c93ee2e68,10/12/2025,FALSE,DraftKings,10/11/2025,Miami Dolphins,Los Angeles Chargers,player_anytime_td,Yes,Oronde Gadsden II,390,
a7211a87bbd5fb2ee473eb9c93ee2e68,10/12/2025,FALSE,DraftKings,10/11/2025,Miami Dolphins,Los Angeles Chargers,player_anytime_td,Yes,Ollie Gordon II,400,
a7211a87bbd5fb2ee473eb9c93ee2e68,10/12/2025,FALSE,DraftKings,10/11/2025,Miami Dolphins,Los Angeles Chargers,player_anytime_td,Yes,Justin Herbert,400,
a7211a87bbd5fb2ee473eb9c93ee2e68,10/12/2025,FALSE,DraftKings,10/11/2025,Miami Dolphins,Los Angeles Chargers,player_anytime_td,Yes,Malik Washington,425,
a7211a87bbd5fb2ee473eb9c93ee2e68,10/12/2025,FALSE,DraftKings,10/11/2025,Miami Dolphins,Los Angeles Chargers,player_anytime_td,Yes,Jaylen Wright,500,
a7211a87bbd5fb2ee473eb9c93ee2e68,10/12/2025,FALSE,DraftKings,10/11/2025,Miami Dolphins,Los Angeles Chargers,player_anytime_td,Yes,Miami Dolphins D/ST,500,
a7211a87bbd5fb2ee473eb9c93ee2e68,10/12/2025,FALSE,DraftKings,10/11/2025,Miami Dolphins,Los Angeles Chargers,player_anytime_td,Yes,Los Angeles Chargers D/ST,500,
a7211a87bbd5fb2ee473eb9c93ee2e68,10/12/2025,FALSE,DraftKings,10/11/2025,Miami Dolphins,Los Angeles Chargers,player_anytime_td,Yes,KeAndre Lambert-Smith,550,
a7211a87bbd5fb2ee473eb9c93ee2e68,10/12/2025,FALSE,DraftKings,10/11/2025,Miami Dolphins,Los Angeles Chargers,player_anytime_td,Yes,Tyler Conklin,650,
a7211a87bbd5fb2ee473eb9c93ee2e68,10/12/2025,FALSE,DraftKings,10/11/2025,Miami Dolphins,Los Angeles Chargers,player_anytime_td,Yes,Will Dissly,650,
a7211a87bbd5fb2ee473eb9c93ee2e68,10/12/2025,FALSE,DraftKings,10/11/2025,Miami Dolphins,Los Angeles Chargers,player_anytime_td,Yes,Tre Harris,650,
a7211a87bbd5fb2ee473eb9c93ee2e68,10/12/2025,FALSE,DraftKings,10/11/2025,Miami Dolphins,Los Angeles Chargers,player_anytime_td,Yes,Nick Westbrook-Ikhine,700,
a7211a87bbd5fb2ee473eb9c93ee2e68,10/12/2025,FALSE,DraftKings,10/11/2025,Miami Dolphins,Los Angeles Chargers,player_anytime_td,Yes,Julian Hill,900,
a7211a87bbd5fb2ee473eb9c93ee2e68,10/12/2025,FALSE,DraftKings,10/11/2025,Miami Dolphins,Los Angeles Chargers,player_anytime_td,Yes,Derius Davis,1200,
a7211a87bbd5fb2ee473eb9c93ee2e68,10/12/2025,FALSE,DraftKings,10/11/2025,Miami Dolphins,Los Angeles Chargers,player_anytime_td,Yes,Scott Matlock,1300,
a7211a87bbd5fb2ee473eb9c93ee2e68,10/12/2025,FALSE,DraftKings,10/11/2025,Miami Dolphins,Los Angeles Chargers,player_anytime_td,Yes,Tahj Washington,1400,
a7211a87bbd5fb2ee473eb9c93ee2e68,10/12/2025,FALSE,DraftKings,10/11/2025,Miami Dolphins,Los Angeles Chargers,player_anytime_td,Yes,Tanner Conner,1800,
a7211a87bbd5fb2ee473eb9c93ee2e68,10/12/2025,FALSE,DraftKings,10/11/2025,Miami Dolphins,Los Angeles Chargers,player_anytime_td,Yes,Dee Eskridge,2000,
a7211a87bbd5fb2ee473eb9c93ee2e68,10/12/2025,FALSE,DraftKings,10/11/2025,Miami Dolphins,Los Angeles Chargers,player_anytime_td,Yes,Tua Tagovailoa,2200,
a7211a87bbd5fb2ee473eb9c93ee2e68,10/12/2025,FALSE,DraftKings,10/11/2025,Miami Dolphins,Los Angeles Chargers,player_anytime_td,Yes,Alec Ingold,2800,
a7211a87bbd5fb2ee473eb9c93ee2e68,10/12/2025,FALSE,DraftKings,10/11/2025,Miami Dolphins,Los Angeles Chargers,player_anytime_td,Yes,Tucker Fisk,2800,
4963bff460a5f26cab46a8e5ea6db148,10/12/2025,FALSE,DraftKings,10/11/2025,Las Vegas Raiders,Tennessee Titans,player_anytime_td,Yes,Ashton Jeanty,-150,
4963bff460a5f26cab46a8e5ea6db148,10/12/2025,FALSE,DraftKings,10/11/2025,Las Vegas Raiders,Tennessee Titans,player_anytime_td,Yes,Tony Pollard,115,
4963bff460a5f26cab46a8e5ea6db148,10/12/2025,FALSE,DraftKings,10/11/2025,Las Vegas Raiders,Tennessee Titans,player_anytime_td,Yes,Jakobi Meyers,170,
4963bff460a5f26cab46a8e5ea6db148,10/12/2025,FALSE,DraftKings,10/11/2025,Las Vegas Raiders,Tennessee Titans,player_anytime_td,Yes,Michael Mayer,185,
4963bff460a5f26cab46a8e5ea6db148,10/12/2025,FALSE,DraftKings,10/11/2025,Las Vegas Raiders,Tennessee Titans,player_anytime_td,Yes,Tre Tucker,230,
4963bff460a5f26cab46a8e5ea6db148,10/12/2025,FALSE,DraftKings,10/11/2025,Las Vegas Raiders,Tennessee Titans,player_anytime_td,Yes,Tyjae Spears,295,
4963bff460a5f26cab46a8e5ea6db148,10/12/2025,FALSE,DraftKings,10/11/2025,Las Vegas Raiders,Tennessee Titans,player_anytime_td,Yes,Calvin Ridley,310,
4963bff460a5f26cab46a8e5ea6db148,10/12/2025,FALSE,DraftKings,10/11/2025,Las Vegas Raiders,Tennessee Titans,player_anytime_td,Yes,Elic Ayomanor,350,
4963bff460a5f26cab46a8e5ea6db148,10/12/2025,FALSE,DraftKings,10/11/2025,Las Vegas Raiders,Tennessee Titans,player_anytime_td,Yes,Las Vegas Raiders D/ST,425,
4963bff460a5f26cab46a8e5ea6db148,10/12/2025,FALSE,DraftKings,10/11/2025,Las Vegas Raiders,Tennessee Titans,player_anytime_td,Yes,Gunnar Helm,500,
4963bff460a5f26cab46a8e5ea6db148,10/12/2025,FALSE,DraftKings,10/11/2025,Las Vegas Raiders,Tennessee Titans,player_anytime_td,Yes,Tennessee Titans D/ST,500,
4963bff460a5f26cab46a8e5ea6db148,10/12/2025,FALSE,DraftKings,10/11/2025,Las Vegas Raiders,Tennessee Titans,player_anytime_td,Yes,Raheem Mostert,550,
4963bff460a5f26cab46a8e5ea6db148,10/12/2025,FALSE,DraftKings,10/11/2025,Las Vegas Raiders,Tennessee Titans,player_anytime_td,Yes,Dont'e Thornton Jr.,550,
4963bff460a5f26cab46a8e5ea6db148,10/12/2025,FALSE,DraftKings,10/11/2025,Las Vegas Raiders,Tennessee Titans,player_anytime_td,Yes,Jack Bech,550,
4963bff460a5f26cab46a8e5ea6db148,10/12/2025,FALSE,DraftKings,10/11/2025,Las Vegas Raiders,Tennessee Titans,player_anytime_td,Yes,Chigoziem Okonkwo,550,
4963bff460a5f26cab46a8e5ea6db148,10/12/2025,FALSE,DraftKings,10/11/2025,Las Vegas Raiders,Tennessee Titans,player_anytime_td,Yes,Chimere Dike,550,
4963bff460a5f26cab46a8e5ea6db148,10/12/2025,FALSE,DraftKings,10/11/2025,Las Vegas Raiders,Tennessee Titans,player_anytime_td,Yes,Cameron Ward,750,
4963bff460a5f26cab46a8e5ea6db148,10/12/2025,FALSE,DraftKings,10/11/2025,Las Vegas Raiders,Tennessee Titans,player_anytime_td,Yes,Geno Smith,950,
4963bff460a5f26cab46a8e5ea6db148,10/12/2025,FALSE,DraftKings,10/11/2025,Las Vegas Raiders,Tennessee Titans,player_anytime_td,Yes,Ian Thomas,950,
4963bff460a5f26cab46a8e5ea6db148,10/12/2025,FALSE,DraftKings,10/11/2025,Las Vegas Raiders,Tennessee Titans,player_anytime_td,Yes,Albert Okwuegbunam,1000,
4963bff460a5f26cab46a8e5ea6db148,10/12/2025,FALSE,DraftKings,10/11/2025,Las Vegas Raiders,Tennessee Titans,player_anytime_td,Yes,Tyler Lockett,1000,
4963bff460a5f26cab46a8e5ea6db148,10/12/2025,FALSE,DraftKings,10/11/2025,Las Vegas Raiders,Tennessee Titans,player_anytime_td,Yes,Zamir White,1100,
4963bff460a5f26cab46a8e5ea6db148,10/12/2025,FALSE,DraftKings,10/11/2025,Las Vegas Raiders,Tennessee Titans,player_anytime_td,Yes,Dylan Laube,1700,
4963bff460a5f26cab46a8e5ea6db148,10/12/2025,FALSE,DraftKings,10/11/2025,Las Vegas Raiders,Tennessee Titans,player_anytime_td,Yes,Alex Bachman,1700,
4963bff460a5f26cab46a8e5ea6db148,10/12/2025,FALSE,DraftKings,10/11/2025,Las Vegas Raiders,Tennessee Titans,player_anytime_td,Yes,Julius Chestnut,1800,
4963bff460a5f26cab46a8e5ea6db148,10/12/2025,FALSE,DraftKings,10/11/2025,Las Vegas Raiders,Tennessee Titans,player_anytime_td,Yes,Justin Shorter,1800,
4963bff460a5f26cab46a8e5ea6db148,10/12/2025,FALSE,DraftKings,10/11/2025,Las Vegas Raiders,Tennessee Titans,player_anytime_td,Yes,Van Jefferson,1900,
4963bff460a5f26cab46a8e5ea6db148,10/12/2025,FALSE,DraftKings,10/11/2025,Las Vegas Raiders,Tennessee Titans,player_anytime_td,Yes,James Proche II,3000,
4963bff460a5f26cab46a8e5ea6db148,10/12/2025,FALSE,DraftKings,10/11/2025,Las Vegas Raiders,Tennessee Titans,player_anytime_td,Yes,David Martin-Robinson,4000,
0c85b0939650e29689bb2651b33522eb,10/12/2025,FALSE,DraftKings,10/11/2025,Green Bay Packers,Cincinnati Bengals,player_anytime_td,Yes,Josh Jacobs,-265,
0c85b0939650e29689bb2651b33522eb,10/12/2025,FALSE,DraftKings,10/11/2025,Green Bay Packers,Cincinnati Bengals,player_anytime_td,Yes,Chase Brown,140,
0c85b0939650e29689bb2651b33522eb,10/12/2025,FALSE,DraftKings,10/11/2025,Green Bay Packers,Cincinnati Bengals,player_anytime_td,Yes,Romeo Doubs,145,
0c85b0939650e29689bb2651b33522eb,10/12/2025,FALSE,DraftKings,10/11/2025,Green Bay Packers,Cincinnati Bengals,player_anytime_td,Yes,Tucker Kraft,175,
0c85b0939650e29689bb2651b33522eb,10/12/2025,FALSE,DraftKings,10/11/2025,Green Bay Packers,Cincinnati Bengals,player_anytime_td,Yes,Matthew Golden,185,
0c85b0939650e29689bb2651b33522eb,10/12/2025,FALSE,DraftKings,10/11/2025,Green Bay Packers,Cincinnati Bengals,player_anytime_td,Yes,Ja'Marr Chase,190,
0c85b0939650e29689bb2651b33522eb,10/12/2025,FALSE,DraftKings,10/11/2025,Green Bay Packers,Cincinnati Bengals,player_anytime_td,Yes,Dontayvion Wicks,220,
0c85b0939650e29689bb2651b33522eb,10/12/2025,FALSE,DraftKings,10/11/2025,Green Bay Packers,Cincinnati Bengals,player_anytime_td,Yes,Tee Higgins,225,
0c85b0939650e29689bb2651b33522eb,10/12/2025,FALSE,DraftKings,10/11/2025,Green Bay Packers,Cincinnati Bengals,player_anytime_td,Yes,Emanuel Wilson,450,
0c85b0939650e29689bb2651b33522eb,10/12/2025,FALSE,DraftKings,10/11/2025,Green Bay Packers,Cincinnati Bengals,player_anytime_td,Yes,Green Bay Packers D/ST,475,
0c85b0939650e29689bb2651b33522eb,10/12/2025,FALSE,DraftKings,10/11/2025,Green Bay Packers,Cincinnati Bengals,player_anytime_td,Yes,Cincinnati Bengals D/ST,500,
0c85b0939650e29689bb2651b33522eb,10/12/2025,FALSE,DraftKings,10/11/2025,Green Bay Packers,Cincinnati Bengals,player_anytime_td,Yes,Andrei Iosivas,550,
0c85b0939650e29689bb2651b33522eb,10/12/2025,FALSE,DraftKings,10/11/2025,Green Bay Packers,Cincinnati Bengals,player_anytime_td,Yes,Jordan Love,600,
0c85b0939650e29689bb2651b33522eb,10/12/2025,FALSE,DraftKings,10/11/2025,Green Bay Packers,Cincinnati Bengals,player_anytime_td,Yes,Samaje Perine,650,
0c85b0939650e29689bb2651b33522eb,10/12/2025,FALSE,DraftKings,10/11/2025,Green Bay Packers,Cincinnati Bengals,player_anytime_td,Yes,Mike Gesicki,700,
0c85b0939650e29689bb2651b33522eb,10/12/2025,FALSE,DraftKings,10/11/2025,Green Bay Packers,Cincinnati Bengals,player_anytime_td,Yes,Malik Heath,750,
0c85b0939650e29689bb2651b33522eb,10/12/2025,FALSE,DraftKings,10/11/2025,Green Bay Packers,Cincinnati Bengals,player_anytime_td,Yes,Ben Sims,750,
0c85b0939650e29689bb2651b33522eb,10/12/2025,FALSE,DraftKings,10/11/2025,Green Bay Packers,Cincinnati Bengals,player_anytime_td,Yes,Luke Musgrave,750,
0c85b0939650e29689bb2651b33522eb,10/12/2025,FALSE,DraftKings,10/11/2025,Green Bay Packers,Cincinnati Bengals,player_anytime_td,Yes,Savion Williams,800,
0c85b0939650e29689bb2651b33522eb,10/12/2025,FALSE,DraftKings,10/11/2025,Green Bay Packers,Cincinnati Bengals,player_anytime_td,Yes,John FitzPatrick,800,
0c85b0939650e29689bb2651b33522eb,10/12/2025,FALSE,DraftKings,10/11/2025,Green Bay Packers,Cincinnati Bengals,player_anytime_td,Yes,Noah Fant,850,
0c85b0939650e29689bb2651b33522eb,10/12/2025,FALSE,DraftKings,10/11/2025,Green Bay Packers,Cincinnati Bengals,player_anytime_td,Yes,Chris Brooks,1000,
0c85b0939650e29689bb2651b33522eb,10/12/2025,FALSE,DraftKings,10/11/2025,Green Bay Packers,Cincinnati Bengals,player_anytime_td,Yes,Jermaine Burton,1100,
0c85b0939650e29689bb2651b33522eb,10/12/2025,FALSE,DraftKings,10/11/2025,Green Bay Packers,Cincinnati Bengals,player_anytime_td,Yes,Mitchell Tinsley,1200,
0c85b0939650e29689bb2651b33522eb,10/12/2025,FALSE,DraftKings,10/11/2025,Green Bay Packers,Cincinnati Bengals,player_anytime_td,Yes,Charlie Jones,1400,
0c85b0939650e29689bb2651b33522eb,10/12/2025,FALSE,DraftKings,10/11/2025,Green Bay Packers,Cincinnati Bengals,player_anytime_td,Yes,Drew Sample,1600,
0c85b0939650e29689bb2651b33522eb,10/12/2025,FALSE,DraftKings,10/11/2025,Green Bay Packers,Cincinnati Bengals,player_anytime_td,Yes,Tanner Hudson,1800,
0c85b0939650e29689bb2651b33522eb,10/12/2025,FALSE,DraftKings,10/11/2025,Green Bay Packers,Cincinnati Bengals,player_anytime_td,Yes,Tahj Brooks,1900,
9e705d669039f2ca8364f408b7792a8a,10/12/2025,FALSE,DraftKings,10/11/2025,Tampa Bay Buccaneers,San Francisco 49ers,player_anytime_td,Yes,Christian McCaffrey,-175,
9e705d669039f2ca8364f408b7792a8a,10/12/2025,FALSE,DraftKings,10/11/2025,Tampa Bay Buccaneers,San Francisco 49ers,player_anytime_td,Yes,Rachaad White,-125,
9e705d669039f2ca8364f408b7792a8a,10/12/2025,FALSE,DraftKings,10/11/2025,Tampa Bay Buccaneers,San Francisco 49ers,player_anytime_td,Yes,Emeka Egbuka,100,
9e705d669039f2ca8364f408b7792a8a,10/12/2025,FALSE,DraftKings,10/11/2025,Tampa Bay Buccaneers,San Francisco 49ers,player_anytime_td,Yes,Jauan Jennings,185,
9e705d669039f2ca8364f408b7792a8a,10/12/2025,FALSE,DraftKings,10/11/2025,Tampa Bay Buccaneers,San Francisco 49ers,player_anytime_td,Yes,Cade Otton,190,
9e705d669039f2ca8364f408b7792a8a,10/12/2025,FALSE,DraftKings,10/11/2025,Tampa Bay Buccaneers,San Francisco 49ers,player_anytime_td,Yes,Kendrick Bourne,195,
9e705d669039f2ca8364f408b7792a8a,10/12/2025,FALSE,DraftKings,10/11/2025,Tampa Bay Buccaneers,San Francisco 49ers,player_anytime_td,Yes,Sterling Shepard,240,
9e705d669039f2ca8364f408b7792a8a,10/12/2025,FALSE,DraftKings,10/11/2025,Tampa Bay Buccaneers,San Francisco 49ers,player_anytime_td,Yes,Jake Tonges,275,
9e705d669039f2ca8364f408b7792a8a,10/12/2025,FALSE,DraftKings,10/11/2025,Tampa Bay Buccaneers,San Francisco 49ers,player_anytime_td,Yes,Tez Johnson,350,
9e705d669039f2ca8364f408b7792a8a,10/12/2025,FALSE,DraftKings,10/11/2025,Tampa Bay Buccaneers,San Francisco 49ers,player_anytime_td,Yes,Demarcus Robinson,425,
9e705d669039f2ca8364f408b7792a8a,10/12/2025,FALSE,DraftKings,10/11/2025,Tampa Bay Buccaneers,San Francisco 49ers,player_anytime_td,Yes,Sean Tucker,450,
9e705d669039f2ca8364f408b7792a8a,10/12/2025,FALSE,DraftKings,10/11/2025,Tampa Bay Buccaneers,San Francisco 49ers,player_anytime_td,Yes,Baker Mayfield,475,
9e705d669039f2ca8364f408b7792a8a,10/12/2025,FALSE,DraftKings,10/11/2025,Tampa Bay Buccaneers,San Francisco 49ers,player_anytime_td,Yes,Tampa Bay Buccaneers D/ST,475,
9e705d669039f2ca8364f408b7792a8a,10/12/2025,FALSE,DraftKings,10/11/2025,Tampa Bay Buccaneers,San Francisco 49ers,player_anytime_td,Yes,Brian Robinson Jr.,500,
9e705d669039f2ca8364f408b7792a8a,10/12/2025,FALSE,DraftKings,10/11/2025,Tampa Bay Buccaneers,San Francisco 49ers,player_anytime_td,Yes,San Francisco 49ers D/ST,500,
9e705d669039f2ca8364f408b7792a8a,10/12/2025,FALSE,DraftKings,10/11/2025,Tampa Bay Buccaneers,San Francisco 49ers,player_anytime_td,Yes,Ryan Miller,650,
9e705d669039f2ca8364f408b7792a8a,10/12/2025,FALSE,DraftKings,10/11/2025,Tampa Bay Buccaneers,San Francisco 49ers,player_anytime_td,Yes,Kameron Johnson,700,
9e705d669039f2ca8364f408b7792a8a,10/12/2025,FALSE,DraftKings,10/11/2025,Tampa Bay Buccaneers,San Francisco 49ers,player_anytime_td,Yes,Marquez Valdes-Scantling,750,
9e705d669039f2ca8364f408b7792a8a,10/12/2025,FALSE,DraftKings,10/11/2025,Tampa Bay Buccaneers,San Francisco 49ers,player_anytime_td,Yes,Kyle Juszczyk,750,
9e705d669039f2ca8364f408b7792a8a,10/12/2025,FALSE,DraftKings,10/11/2025,Tampa Bay Buccaneers,San Francisco 49ers,player_anytime_td,Yes,Payne Durham,850,
9e705d669039f2ca8364f408b7792a8a,10/12/2025,FALSE,DraftKings,10/11/2025,Tampa Bay Buccaneers,San Francisco 49ers,player_anytime_td,Yes,Mac Jones,850,
9e705d669039f2ca8364f408b7792a8a,10/12/2025,FALSE,DraftKings,10/11/2025,Tampa Bay Buccaneers,San Francisco 49ers,player_anytime_td,Yes,Luke Farrell,1000,
9e705d669039f2ca8364f408b7792a8a,10/12/2025,FALSE,DraftKings,10/11/2025,Tampa Bay Buccaneers,San Francisco 49ers,player_anytime_td,Yes,Skyy Moore,1000,
9e705d669039f2ca8364f408b7792a8a,10/12/2025,FALSE,DraftKings,10/11/2025,Tampa Bay Buccaneers,San Francisco 49ers,player_anytime_td,Yes,Jordan Watkins,1200,
9e705d669039f2ca8364f408b7792a8a,10/12/2025,FALSE,DraftKings,10/11/2025,Tampa Bay Buccaneers,San Francisco 49ers,player_anytime_td,Yes,Devin Culp,1300,
9e705d669039f2ca8364f408b7792a8a,10/12/2025,FALSE,DraftKings,10/11/2025,Tampa Bay Buccaneers,San Francisco 49ers,player_anytime_td,Yes,James Jordan,1700,
9e705d669039f2ca8364f408b7792a8a,10/12/2025,FALSE,DraftKings,10/11/2025,Tampa Bay Buccaneers,San Francisco 49ers,player_anytime_td,Yes,Isaac Guerendo,2000,
9e705d669039f2ca8364f408b7792a8a,10/12/2025,FALSE,DraftKings,10/11/2025,Tampa Bay Buccaneers,San Francisco 49ers,player_anytime_td,Yes,Brayden Willis,2200,
82e432d5d8bc0b5a6cbe0c324de90de3,10/13/2025,FALSE,DraftKings,10/11/2025,Kansas City Chiefs,Detroit Lions,player_anytime_td,Yes,Jahmyr Gibbs,-160,
82e432d5d8bc0b5a6cbe0c324de90de3,10/13/2025,FALSE,DraftKings,10/11/2025,Kansas City Chiefs,Detroit Lions,player_anytime_td,Yes,David Montgomery,-110,
82e432d5d8bc0b5a6cbe0c324de90de3,10/13/2025,FALSE,DraftKings,10/11/2025,Kansas City Chiefs,Detroit Lions,player_anytime_td,Yes,Amon-Ra St. Brown,110,
82e432d5d8bc0b5a6cbe0c324de90de3,10/13/2025,FALSE,DraftKings,10/11/2025,Kansas City Chiefs,Detroit Lions,player_anytime_td,Yes,Travis Kelce,130,
82e432d5d8bc0b5a6cbe0c324de90de3,10/13/2025,FALSE,DraftKings,10/11/2025,Kansas City Chiefs,Detroit Lions,player_anytime_td,Yes,Xavier Worthy,145,
82e432d5d8bc0b5a6cbe0c324de90de3,10/13/2025,FALSE,DraftKings,10/11/2025,Kansas City Chiefs,Detroit Lions,player_anytime_td,Yes,Kareem Hunt,145,
82e432d5d8bc0b5a6cbe0c324de90de3,10/13/2025,FALSE,DraftKings,10/11/2025,Kansas City Chiefs,Detroit Lions,player_anytime_td,Yes,Jameson Williams,205,
82e432d5d8bc0b5a6cbe0c324de90de3,10/13/2025,FALSE,DraftKings,10/11/2025,Kansas City Chiefs,Detroit Lions,player_anytime_td,Yes,Sam LaPorta,220,
82e432d5d8bc0b5a6cbe0c324de90de3,10/13/2025,FALSE,DraftKings,10/11/2025,Kansas City Chiefs,Detroit Lions,player_anytime_td,Yes,Marquise Brown,245,
82e432d5d8bc0b5a6cbe0c324de90de3,10/13/2025,FALSE,DraftKings,10/11/2025,Kansas City Chiefs,Detroit Lions,player_anytime_td,Yes,Isiah Pacheco,260,
82e432d5d8bc0b5a6cbe0c324de90de3,10/13/2025,FALSE,DraftKings,10/11/2025,Kansas City Chiefs,Detroit Lions,player_anytime_td,Yes,Patrick Mahomes,265,
82e432d5d8bc0b5a6cbe0c324de90de3,10/13/2025,FALSE,DraftKings,10/11/2025,Kansas City Chiefs,Detroit Lions,player_anytime_td,Yes,Tyquan Thornton,265,
82e432d5d8bc0b5a6cbe0c324de90de3,10/13/2025,FALSE,DraftKings,10/11/2025,Kansas City Chiefs,Detroit Lions,player_anytime_td,Yes,JuJu Smith-Schuster,285,
82e432d5d8bc0b5a6cbe0c324de90de3,10/13/2025,FALSE,DraftKings,10/11/2025,Kansas City Chiefs,Detroit Lions,player_anytime_td,Yes,Brashard Smith,400,
82e432d5d8bc0b5a6cbe0c324de90de3,10/13/2025,FALSE,DraftKings,10/11/2025,Kansas City Chiefs,Detroit Lions,player_anytime_td,Yes,Isaac TeSlaa,500,
82e432d5d8bc0b5a6cbe0c324de90de3,10/13/2025,FALSE,DraftKings,10/11/2025,Kansas City Chiefs,Detroit Lions,player_anytime_td,Yes,Detroit Lions D/ST,500,
82e432d5d8bc0b5a6cbe0c324de90de3,10/13/2025,FALSE,DraftKings,10/11/2025,Kansas City Chiefs,Detroit Lions,player_anytime_td,Yes,Kansas City Chiefs D/ST,550,
82e432d5d8bc0b5a6cbe0c324de90de3,10/13/2025,FALSE,DraftKings,10/11/2025,Kansas City Chiefs,Detroit Lions,player_anytime_td,Yes,Noah Gray,600,
82e432d5d8bc0b5a6cbe0c324de90de3,10/13/2025,FALSE,DraftKings,10/11/2025,Kansas City Chiefs,Detroit Lions,player_anytime_td,Yes,Kalif Raymond,700,
82e432d5d8bc0b5a6cbe0c324de90de3,10/13/2025,FALSE,DraftKings,10/11/2025,Kansas City Chiefs,Detroit Lions,player_anytime_td,Yes,Jason Brownlee,1100,
82e432d5d8bc0b5a6cbe0c324de90de3,10/13/2025,FALSE,DraftKings,10/11/2025,Kansas City Chiefs,Detroit Lions,player_anytime_td,Yes,Brock Wright,1200,
82e432d5d8bc0b5a6cbe0c324de90de3,10/13/2025,FALSE,DraftKings,10/11/2025,Kansas City Chiefs,Detroit Lions,player_anytime_td,Yes,Jared Goff,1700,
82e432d5d8bc0b5a6cbe0c324de90de3,10/13/2025,FALSE,DraftKings,10/11/2025,Kansas City Chiefs,Detroit Lions,player_anytime_td,Yes,Jalen Royals,2000,
82e432d5d8bc0b5a6cbe0c324de90de3,10/13/2025,FALSE,DraftKings,10/11/2025,Kansas City Chiefs,Detroit Lions,player_anytime_td,Yes,Jared Wiley,2000,
82e432d5d8bc0b5a6cbe0c324de90de3,10/13/2025,FALSE,DraftKings,10/11/2025,Kansas City Chiefs,Detroit Lions,player_anytime_td,Yes,Robert Tonyan,2200,
82e432d5d8bc0b5a6cbe0c324de90de3,10/13/2025,FALSE,DraftKings,10/11/2025,Kansas City Chiefs,Detroit Lions,player_anytime_td,Yes,Elijah Mitchell,2200,
82e432d5d8bc0b5a6cbe0c324de90de3,10/13/2025,FALSE,DraftKings,10/11/2025,Kansas City Chiefs,Detroit Lions,player_anytime_td,Yes,Craig Reynolds,2200,
82e432d5d8bc0b5a6cbe0c324de90de3,10/13/2025,FALSE,DraftKings,10/11/2025,Kansas City Chiefs,Detroit Lions,player_anytime_td,Yes,Nikko Remigio,2500,
82e432d5d8bc0b5a6cbe0c324de90de3,10/13/2025,FALSE,DraftKings,10/11/2025,Kansas City Chiefs,Detroit Lions,player_anytime_td,Yes,Ross Dwelley,2500,
82e432d5d8bc0b5a6cbe0c324de90de3,10/13/2025,FALSE,DraftKings,10/11/2025,Kansas City Chiefs,Detroit Lions,player_anytime_td,Yes,Dominic Lovett,2500,
82e432d5d8bc0b5a6cbe0c324de90de3,10/13/2025,FALSE,DraftKings,10/11/2025,Kansas City Chiefs,Detroit Lions,player_anytime_td,Yes,Jacob Saylors,3000,
33e0adf378d2856ffe5f8452e7d5512d,10/13/2025,FALSE,DraftKings,10/11/2025,Atlanta Falcons,Buffalo Bills,player_anytime_td,Yes,Bijan Robinson,-170,
33e0adf378d2856ffe5f8452e7d5512d,10/13/2025,FALSE,DraftKings,10/11/2025,Atlanta Falcons,Buffalo Bills,player_anytime_td,Yes,James Cook,-155,
33e0adf378d2856ffe5f8452e7d5512d,10/13/2025,FALSE,DraftKings,10/11/2025,Atlanta Falcons,Buffalo Bills,player_anytime_td,Yes,Josh Allen,-105,
33e0adf378d2856ffe5f8452e7d5512d,10/13/2025,FALSE,DraftKings,10/11/2025,Atlanta Falcons,Buffalo Bills,player_anytime_td,Yes,Drake London,140,
33e0adf378d2856ffe5f8452e7d5512d,10/13/2025,FALSE,DraftKings,10/11/2025,Atlanta Falcons,Buffalo Bills,player_anytime_td,Yes,Tyler Allgeier,175,
33e0adf378d2856ffe5f8452e7d5512d,10/13/2025,FALSE,DraftKings,10/11/2025,Atlanta Falcons,Buffalo Bills,player_anytime_td,Yes,Khalil Shakir,220,
33e0adf378d2856ffe5f8452e7d5512d,10/13/2025,FALSE,DraftKings,10/11/2025,Atlanta Falcons,Buffalo Bills,player_anytime_td,Yes,Kyle Pitts,225,
33e0adf378d2856ffe5f8452e7d5512d,10/13/2025,FALSE,DraftKings,10/11/2025,Atlanta Falcons,Buffalo Bills,player_anytime_td,Yes,Keon Coleman,225,
33e0adf378d2856ffe5f8452e7d5512d,10/13/2025,FALSE,DraftKings,10/11/2025,Atlanta Falcons,Buffalo Bills,player_anytime_td,Yes,Dalton Kincaid,225,
33e0adf378d2856ffe5f8452e7d5512d,10/13/2025,FALSE,DraftKings,10/11/2025,Atlanta Falcons,Buffalo Bills,player_anytime_td,Yes,Darnell Mooney,235,
33e0adf378d2856ffe5f8452e7d5512d,10/13/2025,FALSE,DraftKings,10/11/2025,Atlanta Falcons,Buffalo Bills,player_anytime_td,Yes,Dawson Knox,310,
33e0adf378d2856ffe5f8452e7d5512d,10/13/2025,FALSE,DraftKings,10/11/2025,Atlanta Falcons,Buffalo Bills,player_anytime_td,Yes,Ray-Ray McCloud III,475,
33e0adf378d2856ffe5f8452e7d5512d,10/13/2025,FALSE,DraftKings,10/11/2025,Atlanta Falcons,Buffalo Bills,player_anytime_td,Yes,Casey Washington,500,
33e0adf378d2856ffe5f8452e7d5512d,10/13/2025,FALSE,DraftKings,10/11/2025,Atlanta Falcons,Buffalo Bills,player_anytime_td,Yes,Joshua Palmer,500,
33e0adf378d2856ffe5f8452e7d5512d,10/13/2025,FALSE,DraftKings,10/11/2025,Atlanta Falcons,Buffalo Bills,player_anytime_td,Yes,Elijah Moore,500,
33e0adf378d2856ffe5f8452e7d5512d,10/13/2025,FALSE,DraftKings,10/11/2025,Atlanta Falcons,Buffalo Bills,player_anytime_td,Yes,Jackson Hawes,500,
33e0adf378d2856ffe5f8452e7d5512d,10/13/2025,FALSE,DraftKings,10/11/2025,Atlanta Falcons,Buffalo Bills,player_anytime_td,Yes,Atlanta Falcons D/ST,500,
33e0adf378d2856ffe5f8452e7d5512d,10/13/2025,FALSE,DraftKings,10/11/2025,Atlanta Falcons,Buffalo Bills,player_anytime_td,Yes,Buffalo Bills D/ST,500,
33e0adf378d2856ffe5f8452e7d5512d,10/13/2025,FALSE,DraftKings,10/11/2025,Atlanta Falcons,Buffalo Bills,player_anytime_td,Yes,Curtis Samuel,600,
33e0adf378d2856ffe5f8452e7d5512d,10/13/2025,FALSE,DraftKings,10/11/2025,Atlanta Falcons,Buffalo Bills,player_anytime_td,Yes,Michael Penix Jr.,650,
33e0adf378d2856ffe5f8452e7d5512d,10/13/2025,FALSE,DraftKings,10/11/2025,Atlanta Falcons,Buffalo Bills,player_anytime_td,Yes,Ty Johnson,750,
33e0adf378d2856ffe5f8452e7d5512d,10/13/2025,FALSE,DraftKings,10/11/2025,Atlanta Falcons,Buffalo Bills,player_anytime_td,Yes,Ray Davis,900,
33e0adf378d2856ffe5f8452e7d5512d,10/13/2025,FALSE,DraftKings,10/11/2025,Atlanta Falcons,Buffalo Bills,player_anytime_td,Yes,David Sills V,1100,
33e0adf378d2856ffe5f8452e7d5512d,10/13/2025,FALSE,DraftKings,10/11/2025,Atlanta Falcons,Buffalo Bills,player_anytime_td,Yes,Tyrell Shavers,1100,
33e0adf378d2856ffe5f8452e7d5512d,10/13/2025,FALSE,DraftKings,10/11/2025,Atlanta Falcons,Buffalo Bills,player_anytime_td,Yes,Charlie Woerner,1400,
33e0adf378d2856ffe5f8452e7d5512d,10/13/2025,FALSE,DraftKings,10/11/2025,Atlanta Falcons,Buffalo Bills,player_anytime_td,Yes,KhaDarel Hodge,1700,
33e0adf378d2856ffe5f8452e7d5512d,10/13/2025,FALSE,DraftKings,10/11/2025,Atlanta Falcons,Buffalo Bills,player_anytime_td,Yes,Jamal Agnew,1700,
33e0adf378d2856ffe5f8452e7d5512d,10/13/2025,FALSE,DraftKings,10/11/2025,Atlanta Falcons,Buffalo Bills,player_anytime_td,Yes,Nathan Carter,2000,
33e0adf378d2856ffe5f8452e7d5512d,10/13/2025,FALSE,DraftKings,10/11/2025,Atlanta Falcons,Buffalo Bills,player_anytime_td,Yes,Teagan Quitoriano,2800,
33e0adf378d2856ffe5f8452e7d5512d,10/13/2025,FALSE,DraftKings,10/11/2025,Atlanta Falcons,Buffalo Bills,player_anytime_td,Yes,Reggie Gilliam,3000,
33e0adf378d2856ffe5f8452e7d5512d,10/13/2025,FALSE,DraftKings,10/11/2025,Atlanta Falcons,Buffalo Bills,player_anytime_td,Yes,Feleipe Franks,3500,
38366aa83a3eb6cef71a1134c4fceb2c,10/14/2025,FALSE,DraftKings,10/11/2025,Washington Commanders,Chicago Bears,player_anytime_td,Yes,Jacory Croskey-Merritt,-135,
38366aa83a3eb6cef71a1134c4fceb2c,10/14/2025,FALSE,DraftKings,10/11/2025,Washington Commanders,Chicago Bears,player_anytime_td,Yes,Deebo Samuel Sr.,120,
38366aa83a3eb6cef71a1134c4fceb2c,10/14/2025,FALSE,DraftKings,10/11/2025,Washington Commanders,Chicago Bears,player_anytime_td,Yes,D'Andre Swift,120,
38366aa83a3eb6cef71a1134c4fceb2c,10/14/2025,FALSE,DraftKings,10/11/2025,Washington Commanders,Chicago Bears,player_anytime_td,Yes,Jayden Daniels,125,
38366aa83a3eb6cef71a1134c4fceb2c,10/14/2025,FALSE,DraftKings,10/11/2025,Washington Commanders,Chicago Bears,player_anytime_td,Yes,Rome Odunze,135,
38366aa83a3eb6cef71a1134c4fceb2c,10/14/2025,FALSE,DraftKings,10/11/2025,Washington Commanders,Chicago Bears,player_anytime_td,Yes,Zach Ertz,180,
38366aa83a3eb6cef71a1134c4fceb2c,10/14/2025,FALSE,DraftKings,10/11/2025,Washington Commanders,Chicago Bears,player_anytime_td,Yes,DJ Moore,185,
38366aa83a3eb6cef71a1134c4fceb2c,10/14/2025,FALSE,DraftKings,10/11/2025,Washington Commanders,Chicago Bears,player_anytime_td,Yes,Chris Rodriguez Jr.,200,
38366aa83a3eb6cef71a1134c4fceb2c,10/14/2025,FALSE,DraftKings,10/11/2025,Washington Commanders,Chicago Bears,player_anytime_td,Yes,Jeremy McNichols,205,
38366aa83a3eb6cef71a1134c4fceb2c,10/14/2025,FALSE,DraftKings,10/11/2025,Washington Commanders,Chicago Bears,player_anytime_td,Yes,Cole Kmet,300,
38366aa83a3eb6cef71a1134c4fceb2c,10/14/2025,FALSE,DraftKings,10/11/2025,Washington Commanders,Chicago Bears,player_anytime_td,Yes,Colston Loveland,320,
38366aa83a3eb6cef71a1134c4fceb2c,10/14/2025,FALSE,DraftKings,10/11/2025,Washington Commanders,Chicago Bears,player_anytime_td,Yes,Caleb Williams,320,
38366aa83a3eb6cef71a1134c4fceb2c,10/14/2025,FALSE,DraftKings,10/11/2025,Washington Commanders,Chicago Bears,player_anytime_td,Yes,Kyle Monangai,320,
38366aa83a3eb6cef71a1134c4fceb2c,10/14/2025,FALSE,DraftKings,10/11/2025,Washington Commanders,Chicago Bears,player_anytime_td,Yes,Noah Brown,350,
38366aa83a3eb6cef71a1134c4fceb2c,10/14/2025,FALSE,DraftKings,10/11/2025,Washington Commanders,Chicago Bears,player_anytime_td,Yes,Luke McCaffrey,370,
38366aa83a3eb6cef71a1134c4fceb2c,10/14/2025,FALSE,DraftKings,10/11/2025,Washington Commanders,Chicago Bears,player_anytime_td,Yes,Olamide Zaccheaus,390,
38366aa83a3eb6cef71a1134c4fceb2c,10/14/2025,FALSE,DraftKings,10/11/2025,Washington Commanders,Chicago Bears,player_anytime_td,Yes,Chris Moore,425,
38366aa83a3eb6cef71a1134c4fceb2c,10/14/2025,FALSE,DraftKings,10/11/2025,Washington Commanders,Chicago Bears,player_anytime_td,Yes,Washington Commanders D/ST,475,
38366aa83a3eb6cef71a1134c4fceb2c,10/14/2025,FALSE,DraftKings,10/11/2025,Washington Commanders,Chicago Bears,player_anytime_td,Yes,Jaylin Lane,500,
38366aa83a3eb6cef71a1134c4fceb2c,10/14/2025,FALSE,DraftKings,10/11/2025,Washington Commanders,Chicago Bears,player_anytime_td,Yes,Chicago Bears D/ST,500,
38366aa83a3eb6cef71a1134c4fceb2c,10/14/2025,FALSE,DraftKings,10/11/2025,Washington Commanders,Chicago Bears,player_anytime_td,Yes,Luther Burden III,550,
38366aa83a3eb6cef71a1134c4fceb2c,10/14/2025,FALSE,DraftKings,10/11/2025,Washington Commanders,Chicago Bears,player_anytime_td,Yes,John Bates,900,
38366aa83a3eb6cef71a1134c4fceb2c,10/14/2025,FALSE,DraftKings,10/11/2025,Washington Commanders,Chicago Bears,player_anytime_td,Yes,Ben Sinnott,1000,
38366aa83a3eb6cef71a1134c4fceb2c,10/14/2025,FALSE,DraftKings,10/11/2025,Washington Commanders,Chicago Bears,player_anytime_td,Yes,Roschon Johnson,1200,
38366aa83a3eb6cef71a1134c4fceb2c,10/14/2025,FALSE,DraftKings,10/11/2025,Washington Commanders,Chicago Bears,player_anytime_td,Yes,Durham Smythe,1300,
38366aa83a3eb6cef71a1134c4fceb2c,10/14/2025,FALSE,DraftKings,10/11/2025,Washington Commanders,Chicago Bears,player_anytime_td,Yes,Colson Yankoff,1700,
38366aa83a3eb6cef71a1134c4fceb2c,10/14/2025,FALSE,DraftKings,10/11/2025,Washington Commanders,Chicago Bears,player_anytime_td,Yes,Devin Duvernay,2000,