player_id,player_display_name,position,team,opponent_team,avg_endzone_target_share,avg_endzone_targets,avg_explosive_receiving_plays,avg_offense_snap_share,avg_racr,avg_receiving_air_yards,avg_receiving_epa,avg_receiving_yards,avg_receptions,avg_scored_touchdown,avg_target_share,avg_wopr,passing_tds_allowed_to_WR,avg_receiving_air_yards_allowed,avg_explosive_receiving_plays_allowed,passing_tds_allowed_to_TE,avg_receiving_yards_allowed,avg_receiving_epa_allowed,redzone_td_rate,implied_total,spread_line,season,week,depth_chart_rank,predicted_touchdown_probability,merge_name,price,market_implied_prob,model_edge
00-0037247,George Pickens,WR,DAL,WAS,0.05278456174909566,1.9109466790127556,1.9383882130027408,0.8472809759276847,0.9348150338467301,104.1367263028787,8.485997930206514,100.89430678930039,5.6867435010554805,0.8581924868383974,0.2362329055270822,0.6576289468417825,0.7862404791202581,241.52707913831682,3.250622987966296,0.2699484493560613,250.15259711075055,7.051906921653941,0.4,26.0,2.5,2025.0,7.0,2,0.4670441372004639,george pickens,125.0,0.4444444444444444,0.022599692756019474
00-0036963,Amon-Ra St. Brown,WR,DET,TB,0.012730238841416244,0.3883737312113197,0.7504855397923017,0.8645274587627593,1.3362534987654568,55.55611945168861,5.475785478454363,72.92432819096696,7.830433452136108,0.38540363337793165,0.33239559239431277,0.7579518631278653,0.8425597363465438,262.17575075963305,3.50292164324517,0.721924864105159,273.22418006429314,8.411738979416812,0.3333333333333333,29.25,-6.0,2025.0,7.0,1,0.46675107886704353,amonra st brown,-120.0,0.5454545454545454,-0.07870346658750188
00-0036358,CeeDee Lamb,WR,DAL,WAS,0.015405589363744173,0.49243668537325086,1.7126723284987555,0.8266695331415704,1.0256222784423987,111.01659332931322,4.233535671451181,101.24664133258176,7.644445499755165,0.1899969803428495,0.2912678041061482,0.7037798817944242,0.7862404791202581,241.52707913831682,3.250622987966296,0.2699484493560613,250.15259711075055,7.051906921653941,0.4,26.0,2.5,2025.0,7.0,1,0.4569188738941303,ceedee lamb,115.0,0.46511627906976744,-0.008197405175637162
00-0038543,Jaxon Smith-Njigba,WR,SEA,HOU,0.0068879461537694935,0.2334830382154029,2.1515542055063634,0.7963973676349759,1.005481613885358,118.14742509072458,7.330274613829986,117.59473494529769,6.8451847477765995,0.6454342304808821,0.36243233676082737,0.851884269965289,0.3407683444014883,228.08771147790304,2.4628860104355477,0.17537481738266006,188.18785504739174,-2.115257312541467,0.25,22.25,-3.0,2025.0,7.0,1,0.4365673790083221,jaxon smithnjigba,130.0,0.43478260869565216,0.0017847703126699366
00-0031381,Davante Adams,WR,LA,JAX,0.05279215299830785,1.6465305382815612,1.3351748399583498,0.8340508179247682,0.6651463023070503,111.12102126123098,0.947457209668786,64.3721719092491,4.531254545291099,0.40407518766360045,0.2820905043836572,0.6986124691717358,1.0096413715696555,329.51462146968544,4.101144184647874,0.3954122387354664,281.5016251584961,5.423183284686878,0.4,23.75,-3.0,2025.0,7.0,2,0.40193762758233287,davante adams,-115.0,0.5348837209302325,-0.13294609334789964
00-0039065,Sam LaPorta,TE,DET,TB,0.013083468704236373,0.39193594965827033,0.9935371859398795,0.9258968538653054,1.819201006530885,34.72608391123035,4.152723166492062,57.71520671367264,4.571863359421187,0.5631602080392114,0.20803280553740358,0.47563376778892125,0.8425597363465438,262.17575075963305,3.50292164324517,0.721924864105159,273.22418006429314,8.411738979416812,0.3333333333333333,29.25,-6.0,2025.0,7.0,1,0.3875635166009061,sam laporta,150.0,0.4,-0.012436483399093923
00-0036322,Justin Jefferson,WR,MIN,PHI,0.024910514409082818,0.7835334463866482,1.9100747508879177,0.9616583897928046,0.956086696506541,115.12885869315407,4.59488471761891,100.49612038062719,6.575250286896899,0.12857351189420496,0.29723578572309084,0.7640313307575548,0.7795538735097296,268.91866724034145,2.6201205262959717,0.24536684498083083,215.10598196447557,3.386367396442902,0.6666666666666666,21.0,1.5,2025.0,7.0,1,0.3666618821730357,justin jefferson,140.0,0.4166666666666667,-0.050004784493630994
00-0034348,Courtland Sutton,WR,DEN,NYG,0.022571910583242556,0.7372887905115165,0.8708912441840365,0.849203241323392,0.8137076801078655,75.24263770359046,4.555494102218323,62.0276330004337,4.311204528134149,0.3828626112036396,0.2010909036141772,0.5290284791238885,0.7477186655238836,275.4542469896903,2.2970530195839776,0.40926765889346417,257.5048969426817,4.1226701260236664,0.5,23.25,-7.0,2025.0,7.0,1,0.3623593476201865,courtland sutton,145.0,0.40816326530612246,-0.045803917685935946
00-0038544,Quentin Johnston,WR,LAC,IND,0.010752993787788438,0.40833042162355965,1.1523097074185493,0.824168668358297,1.010648433435718,86.66082308031999,1.993393987712181,72.27895161214103,5.5352102458870585,0.4247073205971601,0.22547026515593918,0.5680737825819745,1.1763672676267507,269.38618244427147,3.867523908957287,0.41311441073934885,272.19643481070267,6.764333198013429,0.2857142857142857,25.0,-1.5,2025.0,7.0,2,0.3556892346654241,quentin johnston,140.0,0.4166666666666667,-0.06097743200124256
00-0030506,Travis Kelce,TE,KC,LV,0.0037759035229063815,0.1231579382773809,0.18087110091271869,0.7517591108300722,1.7046743918487994,38.51379615339818,4.100215016427151,59.061424774409964,5.527986304133842,0.300069588317631,0.20605884231412364,0.4323829612483264,0.7581885272215749,242.1647786361124,2.8590972199987705,0.583688980148086,228.38936270594562,7.109032948431411,0.6666666666666666,28.5,-11.5,2025.0,7.0,1,0.34469692872673774,travis kelce,145.0,0.40816326530612246,-0.06346633657938472
00-0031588,Stefon Diggs,WR,NE,TEN,0.008244981729439807,0.2500172028255794,0.9373825587664313,0.5732652430758897,1.475777058596602,55.42024907316281,5.1747309757201725,68.954615286846,5.429539524541696,0.02925443332352405,0.25149889007891046,0.5709174043842156,0.5112911052840887,156.77947358287403,2.6067748026533986,0.3842885192966561,208.6332671280287,7.305064890760434,0.0,24.75,-7.0,2025.0,7.0,1,0.3436387513391529,stefon diggs,180.0,0.35714285714285715,-0.013504105803704258
00-0040124,Tetairoa McMillan,WR,CAR,NYJ,0.036918414553845355,0.9132420091324202,1.177888391354461,0.9087822533209574,0.640528476359127,85.6330915928015,0.6275808162486441,55.21025986257169,4.239792327543121,0.34000074800164565,0.26252375186592086,0.6940395093266559,0.5309101501795673,177.8893594612971,2.7427069694942543,1.1321766449398605,204.11533507159075,8.617061807913208,0.4,21.5,-1.5,2025.0,7.0,1,0.3395239054917573,tetairoa mcmillan,170.0,0.37037037037037035,-0.030846464878613034
00-0031408,Mike Evans,WR,TB,DET,0.031036985401843405,1.0119296229194432,0.6061203458588764,0.7619925476503937,0.5686538444369169,109.48746030496086,1.8046692650040752,60.194597931704195,5.441811653836803,0.44207341023694924,0.30546005079743266,0.7335574114934695,1.9287032106827777,268.2015299295062,2.85405885188121,0.28236146802456924,245.16368328425222,6.737347096802698,0.5,23.25,6.0,2025.0,7.0,1,0.33671298111097536,mike evans,100.0,0.5,-0.16328701888902464
00-0039915,Ladd McConkey,WR,LAC,IND,0.023290039747677755,0.8197027315703017,0.7946843788722506,0.7879522729616134,1.0686107360826933,58.60270692348615,1.7129734748614975,61.691220430066025,5.085553420992507,0.5491074195662764,0.21154122708595918,0.49763085523128775,1.1763672676267507,269.38618244427147,3.867523908957287,0.41311441073934885,272.19643481070267,6.764333198013429,0.2857142857142857,25.0,-1.5,2025.0,7.0,1,0.3351316646802855,ladd mcconkey,150.0,0.4,-0.06486833531971453
00-0035676,A.J. Brown,WR,PHI,MIN,0.014006652985735469,0.3837527783877491,0.7338099862692528,0.9423208927208421,0.6145619966728232,95.06752928121007,1.1699245313905946,55.98558470363397,4.803167583013186,0.18839854918675794,0.2918416811666313,0.7016052672916361,0.41819480377975826,171.29548618070663,1.6318637305857482,0.7725619788140894,189.57774306452248,-1.9528401259173807,0.6666666666666666,22.5,-1.5,2025.0,7.0,1,0.32965162211856963,aj brown,185.0,0.3508771929824561,-0.02122557086388649
00-0035719,Deebo Samuel Sr.,WR,WAS,DAL,0.013578983248608028,0.35862791195363686,0.6678429430195143,0.7456964500913545,1.6071096304381687,46.42354874282861,1.9090557046507646,47.444574954308884,5.199634613971233,0.5409656922478927,0.267066415319323,0.5334512129917275,1.9613476700236956,233.75243552457584,3.090010451788561,0.3570702270301704,266.8280774381333,13.565956932888085,0.3333333333333333,28.5,-2.5,2025.0,7.0,2,0.3260624715898723,deebo samuel,115.0,0.46511627906976744,-0.13905380747989515
00-0034351,Dallas Goedert,TE,PHI,MIN,0.00976729678616644,0.2989253879708462,0.8880847523583593,0.7883856597075615,1.0270036321585958,66.71791377530944,2.925792307541351,56.24524875882285,5.160042246728411,0.808478611125029,0.24315836699476406,0.52486528556278,0.41819480377975826,171.29548618070663,1.6318637305857482,0.7725619788140894,189.57774306452248,-1.9528401259173807,0.6666666666666666,22.5,-1.5,2025.0,7.0,1,0.32532401868597427,dallas goedert,270.0,0.2702702702702703,0.055053748415703985
00-0040128,Tyler Warren,TE,IND,LAC,0.0019704801971253956,0.057143925716636575,0.8119795863550902,0.8133919834623636,1.7471915890749685,44.375466226025694,2.9657945425550185,58.777704110949045,4.9014133831094435,0.7446016381236039,0.22232225231723365,0.4626342941101739,0.4558752220679086,209.791335619486,2.3595807670120794,0.5369231187322042,196.8625466477796,4.608812971569915,1.0,23.5,1.5,2025.0,7.0,1,0.3200645233964614,tyler warren,155.0,0.39215686274509803,-0.07209233934863662
00-0035659,Terry McLaurin,WR,WAS,DAL,0.010196258074534564,0.3198955672820939,0.4360498920784054,0.782243879953848,0.7476638520924024,84.57523698211193,2.2856016747649948,54.60730643401108,4.061928159068503,0.2405393692567792,0.22590244341722646,0.5864895897737612,1.9613476700236956,233.75243552457584,3.090010451788561,0.3570702270301704,266.8280774381333,13.565956932888085,0.3333333333333333,28.5,-2.5,2025.0,7.0,1,0.3191779346439158,terry mclaurin,120.0,0.45454545454545453,-0.13536751990153872
00-0039893,Brian Thomas Jr.,WR,JAX,LA,0.013990743668632446,0.4216107412516528,1.3041720421244443,0.8479085646731533,0.7583297217407662,99.2247127159214,2.110513026228462,72.11851443011001,5.357538290796721,0.4139420880296699,0.24774535631710978,0.6437376887067255,0.5518814879032429,249.6376331058419,1.7635761262105332,0.41042225372777524,226.86934874705966,2.490152389636762,0.0,20.75,3.0,2025.0,7.0,1,0.3187991772738073,brian thomas,155.0,0.39215686274509803,-0.07335768547129073
00-0039919,Rome Odunze,WR,CHI,NO,0.02303190407906029,0.7575128475887872,1.0162053649184943,0.8989523670539942,0.6007625994910958,96.49696174930627,0.9288311101942385,54.7547242438118,3.4561652647187873,0.5445909742809724,0.21524173174904185,0.5813356471884359,1.5282993739104465,261.4630218729961,2.6306490697361835,0.6751405150193515,231.1200613637204,9.111166544018497,0.25,25.5,-4.5,2025.0,7.0,1,0.3143041498621477,rome odunze,-110.0,0.5238095238095238,-0.20950537394737612
00-0036554,Nico Collins,WR,HOU,SEA,0.026377604211942293,0.7206318665477601,1.090727040632034,0.7265478219163707,0.8747989448057615,78.4116993884821,2.9503716182717987,64.43740693662532,4.587502610362619,0.6359802348961527,0.2294140920177003,0.5764686131061227,1.3768265670728885,264.8049970065911,3.326731577464578,0.24201509476454353,266.85506345974136,11.13543313047983,0.5714285714285714,19.25,3.0,2025.0,7.0,1,0.31290209527073287,nico collins,135.0,0.425531914893617,-0.11262981962288415
00-0039067,Rashee Rice,WR,KC,LV,0.0023842119227026138,0.10458994030444232,0.6986833391357055,0.5591777301568855,1.4836102567742442,34.92280369383737,3.602982957545369,65.34046689479231,5.467361750059933,0.44006309426580814,0.21233161896550248,0.46853882536589014,0.7581885272215749,242.1647786361124,2.8590972199987705,0.583688980148086,228.38936270594562,7.109032948431411,0.6666666666666666,28.5,-11.5,2025.0,7.0,1,0.30872305140853834,rashee rice,125.0,0.4444444444444444,-0.13572139303590608
00-0036613,Jaylen Waddle,WR,MIA,CLE,0.008705802170339283,0.29366489512079075,0.8215048037877569,0.8236960947966887,0.9241493441183581,92.05911401658791,3.4080143515868633,74.92737006530042,5.044025731288698,0.396454589405045,0.23143881862439725,0.6292979714421297,1.2260228582668702,225.44219486415167,3.769715273239587,0.7483523675393121,218.61194910713002,9.57978986937982,0.5,17.5,2.5,2025.0,7.0,1,0.3067977829648357,jaylen waddle,170.0,0.37037037037037035,-0.06357258740553468
00-0036912,DeVonta Smith,WR,PHI,MIN,0.012437198422020252,0.39632355588116236,0.8322785131266965,0.9252868687324156,1.1892541489223658,60.684968217694966,5.553223123162651,62.79655254451168,5.141869707108758,0.1772082960366272,0.2135506767153161,0.4786316616232997,0.41819480377975826,171.29548618070663,1.6318637305857482,0.7725619788140894,189.57774306452248,-1.9528401259173807,0.6666666666666666,22.5,-1.5,2025.0,7.0,2,0.30125188747757736,devonta smith,245.0,0.2898550724637681,0.011396815013809236
00-0038994,Jordan Addison,WR,MIN,PHI,0.02736857294209153,1.0314962641195302,0.6892199527992475,0.8539708236146373,0.7364736677672857,82.48064422378467,1.7976533728666275,59.667224610940444,4.458612079668466,0.5479986357688699,0.19751956615958002,0.4922771885107679,0.7795538735097296,268.91866724034145,2.6201205262959717,0.24536684498083083,215.10598196447557,3.386367396442902,0.6666666666666666,21.0,1.5,2025.0,7.0,2,0.2939205333785225,jordan addison,220.0,0.3125,-0.018579466621477525
00-0039894,Xavier Worthy,WR,KC,LV,0.03179939429698029,1.1604557489380527,0.37614334554258533,0.6592374947482275,1.3783360957709627,71.51244887220852,1.9328393007759361,41.021774173828014,4.065507186798325,0.4722666832974137,0.18025620419333882,0.46674920058772434,0.7581885272215749,242.1647786361124,2.8590972199987705,0.583688980148086,228.38936270594562,7.109032948431411,0.6666666666666666,28.5,-11.5,2025.0,7.0,2,0.2869310855602406,xavier worthy,140.0,0.4166666666666667,-0.12973558110642608
00-0037239,Chris Olave,WR,NO,CHI,0.026761821343503567,0.8418119842890965,0.3657978994641972,0.8008680689528866,0.7810985968387641,89.25116705746453,0.5939509778642619,62.575611490804114,5.956895254212549,0.15611995327738704,0.31702270139032046,0.7431287361404707,1.344547665300752,180.16079133443563,2.6730212631963486,0.44480354187257387,214.71065974669256,5.32323415066878,0.3333333333333333,21.0,4.5,2025.0,7.0,1,0.2864849644616254,chris olave,210.0,0.3225806451612903,-0.0360956806996649
00-0030279,Keenan Allen,WR,LAC,IND,0.028055516643910657,1.0407258893049847,0.4768089098257007,0.6478885466841765,0.8016564621154795,63.50095533012014,1.7357910413518882,46.61054431777312,5.009433812490457,0.265653333037381,0.23013949268002404,0.5472231657635528,1.1763672676267507,269.38618244427147,3.867523908957287,0.41311441073934885,272.19643481070267,6.764333198013429,0.2857142857142857,25.0,-1.5,2025.0,7.0,3,0.28043790694322657,keenan allen,135.0,0.425531914893617,-0.14509400795039046
00-0038608,Kayshon Boutte,WR,NE,TEN,0.018884630199801886,0.5360447290398318,1.241441045577814,0.6992791609522533,0.9262277234401215,61.157668062076084,4.954133646024933,56.364457478415765,3.387444245011631,0.42539849290906057,0.15695503885208087,0.41819371183224757,0.5112911052840887,156.77947358287403,2.6067748026533986,0.3842885192966561,208.6332671280287,7.305064890760434,0.0,24.75,-7.0,2025.0,7.0,2,0.27797707080860595,kayshon boutte,250.0,0.2857142857142857,-0.007737214905679746
00-0038041,Jake Ferguson,TE,DAL,WAS,0.030321267753136146,1.0057206604568003,0.24094522618805594,0.6537196800235332,1.664686852353162,29.509353262970905,2.338271513739047,44.02654822096269,6.0132588692635,0.6570717113633653,0.19887361434882816,0.38229963507560144,0.7862404791202581,241.52707913831682,3.250622987966296,0.2699484493560613,250.15259711075055,7.051906921653941,0.4,26.0,2.5,2025.0,7.0,1,0.27606052513097473,jake ferguson,150.0,0.4,-0.12393947486902529
00-0037240,Jameson Williams,WR,DET,TB,0.0009746861035760508,0.0382582743190972,0.76438743687877,0.8521363148102196,1.235821698321948,66.9300615700709,1.6690309883085614,48.74532557175002,3.4348166798376227,0.4310433296151265,0.18792139612174422,0.5025689554902658,0.8425597363465438,262.17575075963305,3.50292164324517,0.721924864105159,273.22418006429314,8.411738979416812,0.3333333333333333,29.25,-6.0,2025.0,7.0,2,0.27479406891530167,jameson williams,155.0,0.39215686274509803,-0.11736279382979636
00-0038117,Wan'Dale Robinson,WR,NYG,DEN,0.012140284989720761,0.3321541112383231,1.0096426668384109,0.8917585084463729,1.091320910369111,49.74883701847901,1.0277844648609296,54.939709673718845,5.033047108392693,0.39745473981923424,0.23427326180771615,0.46816340530671796,0.21115755832154304,237.75410499721713,2.007295863192648,0.23065964946302084,179.93314626561516,1.879734140766854,0.8,16.25,7.0,2025.0,7.0,1,0.2743919819965754,wandale robinson,350.0,0.2222222222222222,0.052169759774353175
00-0036252,Michael Pittman,WR,IND,LAC,0.012625424799741426,0.4197364449268916,0.2405518977638482,0.8563925518733184,1.0916890197469982,54.63759901751418,1.7322554406578885,42.35185339295255,4.256880673150765,0.5367631153369978,0.19679329751093866,0.4370401852104738,0.4558752220679086,209.791335619486,2.3595807670120794,0.5369231187322042,196.8625466477796,4.608812971569915,1.0,23.5,1.5,2025.0,7.0,1,0.26928436023036917,michael pittman,185.0,0.3508771929824561,-0.08159283275208695
00-0033090,Hunter Henry,TE,NE,TEN,0.018510966400486214,0.5852778799564063,0.6208686781638508,0.8230717054591139,1.5603904857733675,38.84475702952854,2.7762286576590514,40.34073958900703,3.097561759911685,0.275835009599727,0.15660596758245177,0.35571036764743275,0.5112911052840887,156.77947358287403,2.6067748026533986,0.3842885192966561,208.6332671280287,7.305064890760434,0.0,24.75,-7.0,2025.0,7.0,1,0.26517987805182647,hunter henry,175.0,0.36363636363636365,-0.09845648558453718
00-0034827,DJ Moore,WR,CHI,NO,0.008702052536880922,0.272398779246274,0.252566683311476,0.8845774283506681,1.7991515653582302,41.58019742030266,2.0347654804885864,44.673552655726375,4.282308850593234,0.21314176134109145,0.1913724658538438,0.40036618678760905,1.5282993739104465,261.4630218729961,2.6306490697361835,0.6751405150193515,231.1200613637204,9.111166544018497,0.25,25.5,-4.5,2025.0,7.0,2,0.26318060977217345,dj moore,150.0,0.4,-0.13681939022782658
00-0035662,Marquise Brown,WR,KC,LV,0.014680780698908009,0.4743183912568522,0.6093203225963513,0.5796655082439762,0.9256073174949742,63.80657212957504,3.0403952315660137,45.30790715699671,4.17924066141411,0.45176113945077634,0.1804184993471023,0.431639424365249,0.7581885272215749,242.1647786361124,2.8590972199987705,0.583688980148086,228.38936270594562,7.109032948431411,0.6666666666666666,28.5,-11.5,2025.0,7.0,3,0.260933993589432,marquise brown,260.0,0.2777777777777778,-0.01684378418834581
00-0038563,Tre Tucker,WR,LV,KC,0.008126146211073795,0.27507440408292944,0.7458960209219097,0.916054781577433,2.0139052624130827,49.22106577240759,4.041992662391867,57.775492222303725,4.064438963580685,0.18456926575248214,0.18341029476738946,0.4338077577368241,0.850147542137607,185.95340394327383,2.9606144677552733,0.32530191803934044,206.0247735178789,4.482197262542474,0.5,17.0,11.5,2025.0,7.0,2,0.2555259816307622,tre tucker,240.0,0.29411764705882354,-0.03859166542806136
00-0036407,Jerry Jeudy,WR,CLE,MIA,0.008534879147698675,0.4019102036621745,0.355816920469069,0.8798243769855532,0.38913919421612486,105.56914328788801,-2.9676097224768987,41.13117374934845,3.846797829436273,0.017515717438823224,0.2243009771428969,0.5888511605346037,1.0908656616317518,201.69518788246842,2.683693367364688,0.4771302312899556,234.94299498638418,9.843997147014042,0.0,20.0,-2.5,2025.0,7.0,1,0.25102096854104217,jerry jeudy,210.0,0.3225806451612903,-0.07155967662024815
00-0037545,Rashid Shaheed,WR,NO,CHI,0.007564539368009393,0.24008461363941655,0.37508784337953005,0.6865869191665761,0.7845803468783756,72.29414903545087,1.5772733815478124,54.803781485474886,3.9974178392593065,0.32787528282053674,0.196146961151474,0.5119226022169664,1.344547665300752,180.16079133443563,2.6730212631963486,0.44480354187257387,214.71065974669256,5.32323415066878,0.3333333333333333,21.0,4.5,2025.0,7.0,2,0.23498986213656092,rashid shaheed,270.0,0.2702702702702703,-0.03528040813370936
00-0039491,Jalen Coker,WR,CAR,NYJ,0.016370200448517228,0.44542694612628314,0.47705848714609084,0.8297033585052944,1.0712312127654735,46.37447196542743,3.709719674923794,48.51477682935357,3.8855547403957496,0.1409823823491074,0.17600024098636513,0.39811082146623544,0.5309101501795673,177.8893594612971,2.7427069694942543,1.1321766449398605,204.11533507159075,8.617061807913208,0.4,21.5,-1.5,2025.0,7.0,6,0.23406746211426313,jalen coker,450.0,0.18181818181818182,0.05224928029608131
00-0038104,Tyquan Thornton,WR,KC,LV,0.02900996442565147,1.0673983138196297,1.3698261720446747,0.5004604317042792,0.5382355657449102,97.15681792625612,3.089493177883664,50.8266072953459,2.4034899645179135,0.46026614054682363,0.12581858020990738,0.3962144490874769,0.7581885272215749,242.1647786361124,2.8590972199987705,0.583688980148086,228.38936270594562,7.109032948431411,0.6666666666666666,28.5,-11.5,2025.0,7.0,5,0.23394549551766358,tyquan thornton,600.0,0.14285714285714285,0.09108835266052073
00-0038997,Josh Downs,WR,IND,LAC,0.013406232374089987,0.4187432064171657,0.16638898637448565,0.5466841261209887,1.0309319755141204,40.43686064745892,3.1751659174468023,42.170150949714575,5.034105081057703,0.3267586660407802,0.2127785770431806,0.43333083280969253,0.4558752220679086,209.791335619486,2.3595807670120794,0.5369231187322042,196.8625466477796,4.608812971569915,1.0,23.5,1.5,2025.0,7.0,2,0.2319553002151822,josh downs,275.0,0.26666666666666666,-0.034711366451484454
00-0037664,Alec Pierce,WR,IND,LAC,0.014315791910033602,0.47883348820511257,1.0750554495188744,0.7569002739036875,0.6455724669717048,89.06307125734438,3.0436550451229243,55.73456325457168,2.752657411838787,0.15809424836490507,0.14976429014424528,0.49077131617866615,0.4558752220679086,209.791335619486,2.3595807670120794,0.5369231187322042,196.8625466477796,4.608812971569915,1.0,23.5,1.5,2025.0,7.0,3,0.22836320371942043,alec pierce,275.0,0.26666666666666666,-0.038303462947246236
00-0031610,Darren Waller,TE,MIA,CLE,0.027782301659369894,0.8393104639114086,0.6580661205837083,0.5618222728028281,0.842368194604533,42.817617070115276,4.5206072714420085,39.053523233482785,3.549925237937168,0.6759597544145597,0.14867931949222607,0.36289442324480947,1.2260228582668702,225.44219486415167,3.769715273239587,0.7483523675393121,218.61194910713002,9.57978986937982,0.5,17.5,2.5,2025.0,7.0,1,0.2268480587500896,darren waller,280.0,0.2631578947368421,-0.0363098359867525
00-0033908,Cooper Kupp,WR,SEA,HOU,0.012300274118397151,0.3334310690386446,0.6892219291668835,0.7561123140980783,2.0279274266293617,39.62452628075363,1.2710793935294744,43.033145127627634,3.599022072241104,0.32535127692608595,0.1886094028932917,0.38410714515806305,0.3407683444014883,228.08771147790304,2.4628860104355477,0.17537481738266006,188.18785504739174,-2.115257312541467,0.25,22.25,-3.0,2025.0,7.0,2,0.22636765474752835,cooper kupp,225.0,0.3076923076923077,-0.08132465294477936
00-0033885,David Njoku,TE,CLE,MIA,0.016821317043549614,0.5965147239486037,0.12048401797597313,0.7307071219230774,1.6356622187927146,42.16877728308366,0.1502682556665922,38.98049826677412,4.216765007777588,0.2602013399358654,0.17822343132275967,0.37753340721129747,1.0908656616317518,201.69518788246842,2.683693367364688,0.4771302312899556,234.94299498638418,9.843997147014042,0.0,20.0,-2.5,2025.0,7.0,1,0.2257819450168295,david njoku,320.0,0.23809523809523808,-0.012313293078408588
00-0038129,Cade Otton,TE,TB,DET,0.0029450400838786283,0.09680183638749873,0.8248143889600689,0.9459331513221798,1.4757307667790913,29.09088362826532,1.1747987152551231,43.15312537989865,3.6576390193238555,0.017412306848817765,0.1725961173072336,0.33814344636955807,1.9287032106827777,268.2015299295062,2.85405885188121,0.28236146802456924,245.16368328425222,6.737347096802698,0.5,23.25,6.0,2025.0,7.0,1,0.21975624618679285,cade otton,105.0,0.4878048780487805,-0.26804863186198763
00-0040663,Harold Fannin Jr.,TE,CLE,MIA,0.0072121370788227855,0.23800052360115193,0.4787788533134773,0.7688414474511845,1.7566095690651273,43.10367982809562,0.7098503851201963,45.066490546279205,4.823247211143865,0.23800052360115193,0.1621532468332258,0.33987924854473855,1.0908656616317518,201.69518788246842,2.683693367364688,0.4771302312899556,234.94299498638418,9.843997147014042,0.0,20.0,-2.5,2025.0,7.0,2,0.21685840156554434,harold fannin,340.0,0.22727272727272727,-0.010414325707182925
00-0030061,Zach Ertz,TE,WAS,DAL,0.01426099731360248,0.39560487465611943,0.10836827161484239,0.6149406658733713,0.8863275812919013,29.634056261447732,2.595266321119394,30.71625650761714,3.4737957074451664,0.5020569817281303,0.1673595111390863,0.3408909831846487,1.9613476700236956,233.75243552457584,3.090010451788561,0.3570702270301704,266.8280774381333,13.565956932888085,0.3333333333333333,28.5,-2.5,2025.0,7.0,1,0.20719803980805346,zach ertz,175.0,0.36363636363636365,-0.1564383238283102
00-0034383,Dalton Schultz,TE,HOU,SEA,0.005168779562030954,0.19748837765350133,0.342951892597156,0.6892920387743671,1.0769533056281668,39.0444924724254,2.2369574247567017,40.25318343142788,4.339221260562101,0.036852603993940886,0.1857148383700953,0.3986146254021127,1.3768265670728885,264.8049970065911,3.326731577464578,0.24201509476454353,266.85506345974136,11.13543313047983,0.5714285714285714,19.25,3.0,2025.0,7.0,1,0.20234481915811797,dalton schultz,300.0,0.25,-0.04765518084188203
00-0033881,Evan Engram,TE,DEN,NYG,0.0003542903718393958,0.012426524830766101,0.019265538289063692,0.4830113819325218,1.2557252616059489,31.98652176097569,1.7569824950396629,32.99940975963838,4.14589572687846,0.22134154708294362,0.18435346623917856,0.3766031914603612,0.7477186655238836,275.4542469896903,2.2970530195839776,0.40926765889346417,257.5048969426817,4.1226701260236664,0.5,23.25,-7.0,2025.0,7.0,1,0.2003615122483287,evan engram,360.0,0.21739130434782608,-0.01702979209949737
00-0035229,T.J. Hockenson,TE,MIN,PHI,0.007872661767501605,0.2124878341839914,0.05975685626546101,0.7987873866613713,2.4145982373845216,26.51330751369349,1.3648102624876444,35.60111950807709,4.285667524930643,0.14786324288111236,0.174266932783008,0.33717259762051377,0.7795538735097296,268.91866724034145,2.6201205262959717,0.24536684498083083,215.10598196447557,3.386367396442902,0.6666666666666666,21.0,1.5,2025.0,7.0,1,0.19729331202424535,tj hockenson,270.0,0.2702702702702703,-0.07297695824602493
00-0040736,Mason Taylor,TE,NYJ,CAR,0.0,0.0,0.22374429223744294,0.8566297085853589,1.0202105915883988,28.977264149981135,1.7872562587220375,31.105274431603753,3.920266424586134,0.0,0.15983983514932082,0.3268091732306274,0.9565430523092198,225.94860219782683,3.234058309171787,0.7560471310460708,239.0650735094597,11.760435964169915,0.0,20.0,1.5,2025.0,7.0,1,0.19380000587293097,mason taylor,250.0,0.2857142857142857,-0.09191427984135472
00-0039847,Theo Johnson,TE,NYG,DEN,0.019050635976761512,0.7360365139785849,0.34900519245526074,0.8339939202673108,0.8418830222639817,32.956308396777445,0.4457441619289925,26.055861150771555,3.16275597181396,0.3699667376233149,0.160070667392428,0.34176757581877165,0.21115755832154304,237.75410499721713,2.007295863192648,0.23065964946302084,179.93314626561516,1.879734140766854,0.8,16.25,7.0,2025.0,7.0,1,0.19208853790577635,theo johnson,500.0,0.16666666666666666,0.02542187123910969
00-0039793,AJ Barner,TE,SEA,HOU,0.00806274999873225,0.27015188221648634,0.4051609702027417,0.7449766716876127,1.5424532097497234,24.628152007434185,3.2105127767859236,43.650996103330336,3.4294504147162153,0.49827207935848694,0.12877344798748847,0.25457921274376155,0.3407683444014883,228.08771147790304,2.4628860104355477,0.17537481738266006,188.18785504739174,-2.115257312541467,0.25,22.25,-3.0,2025.0,7.0,1,0.19182540780403368,aj barner,400.0,0.2,-0.008174592195966335
00-0040189,Oronde Gadsden II,TE,LAC,IND,0.013270296807781174,0.5302013422818792,0.3947887879984209,0.5654875641531781,1.5394373248624285,30.163442558231345,-0.4989484063959957,40.03868930122385,4.103829451243585,0.0,0.12808570148888468,0.27780613344479776,1.1763672676267507,269.38618244427147,3.867523908957287,0.41311441073934885,272.19643481070267,6.764333198013429,0.2857142857142857,25.0,-1.5,2025.0,7.0,1,0.18714863931144304,oronde gadsden,300.0,0.25,-0.06285136068855696
00-0038621,DeMario Douglas,WR,NE,TEN,0.014747159286499816,0.4826168667296859,0.3635707351411272,0.38210858482387955,1.093186184673525,29.79548360083941,0.9696387762269855,32.57922700210722,2.4789417914706062,0.42561770323650555,0.1366181004084295,0.2865838212067797,0.5112911052840887,156.77947358287403,2.6067748026533986,0.3842885192966561,208.6332671280287,7.305064890760434,0.0,24.75,-7.0,2025.0,7.0,4,0.1792068197002511,demario douglas,425.0,0.19047619047619047,-0.011269370775939369
00-0040170,Elic Ayomanor,WR,TEN,NE,0.008611671258276447,0.314874692724324,0.24823454611600143,0.8152090154598339,0.47935918660754484,72.3784106325034,0.06112150116978374,30.5404005888813,2.736509620321165,0.19825443615975957,0.17538485643475887,0.47338560560294735,0.8558511823603191,223.8552711100372,3.2978821863816337,0.3079270744541985,229.92546706490998,6.2432204136399045,0.5,17.75,7.0,2025.0,7.0,2,0.1778068048443351,elic ayomanor,240.0,0.29411764705882354,-0.11631084221448845
00-0037291,Jalen Nailor,WR,MIN,PHI,0.006231088974327683,0.27241302336466233,0.6449236460463006,0.700658681117133,0.6804701800351993,38.62933086519931,1.1917247735235148,25.47682843092447,2.344975927706993,0.2582655594232505,0.1358448436092246,0.31825465128804686,0.7795538735097296,268.91866724034145,2.6201205262959717,0.24536684498083083,215.10598196447557,3.386367396442902,0.6666666666666666,21.0,1.5,2025.0,7.0,3,0.17590657468037232,jalen nailor,550.0,0.15384615384615385,0.02206042083421847
00-0038976,Marvin Mims Jr.,WR,DEN,NYG,0.008543478159788072,0.24164210710558162,0.6396522042418735,0.3789083990239112,0.8931572071056061,53.17758564272644,0.8598185752527512,31.09031304232307,2.844545885591976,0.2916584557698828,0.13209313075695225,0.37035136805726826,0.7477186655238836,275.4542469896903,2.2970530195839776,0.40926765889346417,257.5048969426817,4.1226701260236664,0.5,23.25,-7.0,2025.0,7.0,3,0.17509197778911362,marvin mims,330.0,0.23255813953488372,-0.0574661617457701
00-0035208,Olamide Zaccheaus,WR,CHI,NO,0.003243323202134282,0.11052020192596745,0.12909481538777576,0.6425352135155225,1.2956175217123673,40.932737985446316,0.24961262713703214,32.118698221803534,3.2193843915753484,0.06006659966713719,0.17701845324661242,0.3735830394106331,1.5282993739104465,261.4630218729961,2.6306490697361835,0.6751405150193515,231.1200613637204,9.111166544018497,0.25,25.5,-4.5,2025.0,7.0,3,0.17309300837560515,olamide zaccheaus,175.0,0.36363636363636365,-0.1905433552607585
00-0040718,Travis Hunter,WR,JAX,LA,0.010038926847543823,0.42163492759684074,0.5212211466865228,0.6645021539047387,0.8889836536082247,37.10670583475284,0.058440586376423284,33.45998701197143,3.278192012022427,0.0,0.14684179704307085,0.3313294685628778,0.5518814879032429,249.6376331058419,1.7635761262105332,0.41042225372777524,226.86934874705966,2.490152389636762,0.0,20.75,3.0,2025.0,7.0,2,0.17273269050532458,travis hunter,300.0,0.25,-0.07726730949467542
00-0032385,Sterling Shepard,WR,TB,DET,0.0104407960242819,0.3294095643698092,0.6544844784786276,0.5335334972539074,0.9943562901809123,38.492864671415184,1.1095135094187993,37.70554990439746,2.8044023688774034,0.21078559838179833,0.13473134047690472,0.3051245769770917,1.9287032106827777,268.2015299295062,2.85405885188121,0.28236146802456924,245.16368328425222,6.737347096802698,0.5,23.25,6.0,2025.0,7.0,4,0.17213493104172645,sterling shepard,160.0,0.38461538461538464,-0.2124804535736582
00-0034775,Christian Kirk,WR,HOU,SEA,0.005969288952146648,0.1578776767707362,0.6858071791178578,0.5969902757668434,0.943403417947016,58.45356505980792,0.35724407142490916,44.24348341955737,3.2402401283829034,0.026736793150662696,0.16165039784921215,0.3983984450866919,1.3768265670728885,264.8049970065911,3.326731577464578,0.24201509476454353,266.85506345974136,11.13543313047983,0.5714285714285714,19.25,3.0,2025.0,7.0,2,0.17206350734390471,christian kirk,280.0,0.2631578947368421,-0.09109438739293738
00-0036040,Juwan Johnson,TE,NO,CHI,0.0099329138107144,0.3369426002570779,0.23656981161268506,0.8223922564761011,1.9291927719496935,27.49295253613743,-0.8516859720841189,30.94198778608161,3.361733324676302,0.08516378102775106,0.1407591790705366,0.28617623372261336,1.344547665300752,180.16079133443563,2.6730212631963486,0.44480354187257387,214.71065974669256,5.32323415066878,0.3333333333333333,21.0,4.5,2025.0,7.0,1,0.1720103245269399,juwan johnson,340.0,0.22727272727272727,-0.055262402745787365
00-0039868,Troy Franklin,WR,DEN,NYG,0.0040273537335529545,0.16442612383041763,0.44579393868990475,0.5986319796837336,0.7211073644660777,47.520735896809775,-1.056769238364495,32.18014525849087,3.3086290647159027,0.07691034827211443,0.1616197624436515,0.38269423454887175,0.7477186655238836,275.4542469896903,2.2970530195839776,0.40926765889346417,257.5048969426817,4.1226701260236664,0.5,23.25,-7.0,2025.0,7.0,2,0.1713322491980143,troy franklin,285.0,0.2597402597402597,-0.08840801054224542
00-0033857,JuJu Smith-Schuster,WR,KC,LV,0.008038090297896136,0.29716248922836347,0.4170273233931749,0.6739710124368217,3.2869505368644627,16.77002698508048,-0.5883784669139578,36.171874870792,2.79364471444437,0.16065193911175626,0.10766969467583971,0.2093786310693558,0.7581885272215749,242.1647786361124,2.8590972199987705,0.583688980148086,228.38936270594562,7.109032948431411,0.6666666666666666,28.5,-11.5,2025.0,7.0,4,0.1707713512490766,juju smithschuster,550.0,0.15384615384615385,0.016925197402922754
00-0039342,Xavier Legette,WR,CAR,NYJ,0.018909632856512728,0.7405621187807052,0.28368666195377157,0.7343439790814071,0.25336299630314174,40.372204825586834,-1.8454818700188012,17.798157416150477,2.272523007160685,0.22337064137779056,0.1467185830140969,0.3152067574066789,0.5309101501795673,177.8893594612971,2.7427069694942543,1.1321766449398605,204.11533507159075,8.617061807913208,0.4,21.5,-1.5,2025.0,7.0,2,0.17053549477227845,xavier legette,425.0,0.19047619047619047,-0.01994069570391202
00-0035535,Darius Slayton,WR,NYG,DEN,0.003796569065311324,0.15281949069115996,0.1879861480481941,0.8303409556219002,0.6496144586119542,59.77381811938997,-0.730713744115852,32.38704735383188,2.4913457404816652,0.03667841794326413,0.1320812698904819,0.38215321463844565,0.21115755832154304,237.75410499721713,2.007295863192648,0.23065964946302084,179.93314626561516,1.879734140766854,0.8,16.25,7.0,2025.0,7.0,2,0.16955720814043515,darius slayton,550.0,0.15384615384615385,0.015711054294281296
00-0035406,Lil'Jordan Humphrey,WR,NYG,DEN,0.025809621791636483,0.6960356660721213,0.4433203494762541,0.5288764691277498,0.8825660244857833,47.9457356316262,0.49450828483415094,29.316051917133947,2.4899250836640627,0.07376888710215386,0.14809298879314528,0.3708362684514127,0.21115755832154304,237.75410499721713,2.007295863192648,0.23065964946302084,179.93314626561516,1.879734140766854,0.8,16.25,7.0,0.0,0.0,4,0.1686348799001261,liljordan humphrey,600.0,0.14285714285714285,0.02577773704298325
00-0032398,Chris Moore,WR,WAS,DAL,0.01962644494689753,0.5103998712144153,0.4513213697427869,0.6206217395381177,0.6021960543715904,37.57366169700306,1.1518513262815986,23.426763264259918,1.4981757344460063,0.3000176392208026,0.12312151041061929,0.30394839569046295,1.9613476700236956,233.75243552457584,3.090010451788561,0.3570702270301704,266.8280774381333,13.565956932888085,0.3333333333333333,28.5,-2.5,2025.0,7.0,6,0.16661444286852867,chris moore,380.0,0.20833333333333334,-0.041718890464804675
00-0039410,Ryan Flournoy,WR,DAL,WAS,0.008883781266052496,0.3020485630457854,0.44774298623974107,0.43891038277154165,1.369223787084852,29.011477568268297,1.1500993910652713,39.594184229574836,2.922930372933758,0.0,0.14546165084304738,0.3064376591554533,0.7862404791202581,241.52707913831682,3.250622987966296,0.2699484493560613,250.15259711075055,7.051906921653941,0.4,26.0,2.5,2025.0,7.0,3,0.16626442102796607,ryan flournoy,500.0,0.16666666666666666,-0.00040224563870058794
00-0040782,Isaiah Bond,WR,CLE,MIA,0.02096275008075413,0.8160017952039496,0.4046008901219583,0.6459156050143311,0.35385652825347363,57.14957652906836,-0.9068049189242209,22.26629198584237,2.027822261208975,0.0,0.13626567687244182,0.3582388752997953,1.0908656616317518,201.69518788246842,2.683693367364688,0.4771302312899556,234.94299498638418,9.843997147014042,0.0,20.0,-2.5,2025.0,7.0,2,0.16568123296767975,isaiah bond,320.0,0.23809523809523808,-0.07241400512755833
00-0037005,Tommy Tremble,TE,CAR,NYJ,0.005263258422258866,0.18829341478804812,0.011025747133498631,0.6799169583831376,2.620477721178058,14.851245328032624,0.9782510237094137,25.58563195241037,2.8850162019808723,0.19458174307905807,0.13500188015589565,0.25107486604421425,0.5309101501795673,177.8893594612971,2.7427069694942543,1.1321766449398605,204.11533507159075,8.617061807913208,0.4,21.5,-1.5,2025.0,7.0,2,0.16472272479226358,tommy tremble,650.0,0.13333333333333333,0.031389391458930244
00-0036626,Dyami Brown,WR,JAX,LA,0.005137562074823565,0.21355994710271287,0.1266465451110138,0.5990459937598746,0.6203393957614305,54.950141357777056,-0.19792951202988268,22.29789024100387,2.539984863078208,0.10392524426427843,0.12870986656612032,0.3289395105325409,0.5518814879032429,249.6376331058419,1.7635761262105332,0.41042225372777524,226.86934874705966,2.490152389636762,0.0,20.75,3.0,2025.0,7.0,3,0.1612389446749811,dyami brown,310.0,0.24390243902439024,-0.08266349434940914
00-0037801,KaVontae Turpin,WR,DAL,WAS,0.009611436683313433,0.4214725631613221,0.5144832738510007,0.48623692021598625,1.135920844740281,39.8324965102921,2.603220707741076,37.818047018022284,2.530366247349198,0.15345398719925799,0.08866297877956579,0.23226782064247428,0.7862404791202581,241.52707913831682,3.250622987966296,0.2699484493560613,250.15259711075055,7.051906921653941,0.4,26.0,2.5,2025.0,7.0,5,0.15874376508700472,kavontae turpin,400.0,0.2,-0.04125623491299529
00-0039066,Michael Mayer,TE,LV,KC,1.266602171480506e-05,0.00034198258629973696,0.31744858581898666,0.5790185637752674,1.5223686600820567,12.649754372358776,0.15324470965110143,24.28429519681915,2.7486539082647337,0.30178011678761607,0.13930434886372425,0.2933084463950412,0.850147542137607,185.95340394327383,2.9606144677552733,0.32530191803934044,206.0247735178789,4.482197262542474,0.5,17.0,11.5,2025.0,7.0,2,0.15304820667153027,michael mayer,320.0,0.23809523809523808,-0.08504703142370781
00-0033110,Tyler Higbee,TE,LA,JAX,0.0012351975719349436,0.03958968190717573,0.4231185491980666,0.597898087727787,1.057032898179584,4.9973744419810835,0.9316857234775395,26.23368394015563,2.6039480162543205,0.37934840183371754,0.11794635807093903,0.16961753224360074,1.0096413715696555,329.51462146968544,4.101144184647874,0.3954122387354664,281.5016251584961,5.423183284686878,0.4,23.75,-3.0,2025.0,7.0,1,0.1527539379653343,tyler higbee,300.0,0.25,-0.09724606203466571
00-0038606,Parker Washington,WR,JAX,LA,0.00974563513938741,0.24347973715761412,0.20071221449718582,0.47857777478603,0.6884763624053188,49.83606240319972,-0.5010369765820405,24.933144587654542,2.1512227345350365,0.27604337428057124,0.11857169544553929,0.2992765913779113,0.5518814879032429,249.6376331058419,1.7635761262105332,0.41042225372777524,226.86934874705966,2.490152389636762,0.0,20.75,3.0,2025.0,7.0,4,0.15255241650153892,parker washington,600.0,0.14285714285714285,0.009695273644396069
00-0037755,Jelani Woods,TE,NYJ,CAR,0.018010979221041723,0.6379889517705207,0.23710712528852193,0.48445058124953627,1.5691482424242857,31.4949972645108,-1.3763168928221952,25.012837548710664,2.1662395577935882,0.023552378463581068,0.12712633550538577,0.2845500444448433,0.9565430523092198,225.94860219782683,3.234058309171787,0.7560471310460708,239.0650735094597,11.760435964169915,0.0,20.0,1.5,2025.0,7.0,4,0.15168087836167396,jelani woods,1800.0,0.05263157894736842,0.09904929941430554
00-0040237,Tez Johnson,WR,TB,DET,0.015678576636098663,0.3606072626302694,0.613032346471458,0.45504453499693487,0.7184167102918556,43.944863149543835,2.440875578257622,32.5339872345029,1.5470051566838556,0.3606072626302694,0.09027074563233493,0.26275255852288376,1.9287032106827777,268.2015299295062,2.85405885188121,0.28236146802456924,245.16368328425222,6.737347096802698,0.5,23.25,6.0,2025.0,7.0,5,0.1493866845307535,tez johnson,225.0,0.3076923076923077,-0.15830562316155422
00-0033943,Josh Reynolds,WR,NYJ,CAR,0.0034722794117382407,0.1067958414537951,0.03963180294134352,0.7386933581455074,0.7337850834898327,25.331294377168017,1.1191288741639416,18.349118391207718,1.9556582176824628,0.026283483346344217,0.11838354477126235,0.27801991772215573,0.9565430523092198,225.94860219782683,3.234058309171787,0.7560471310460708,239.0650735094597,11.760435964169915,0.0,20.0,1.5,2025.0,7.0,2,0.14937720532894608,josh reynolds,340.0,0.22727272727272727,-0.07789552194378119
00-0030035,Adam Thielen,WR,MIN,PHI,0.014644043457713814,0.3849890040528104,0.25655684545505875,0.5635459848137483,0.5774135235123631,36.59777520367991,1.9623112800361002,22.807030330174253,2.148175468682145,0.10385380602682909,0.11215552521658606,0.26874990415529837,0.7795538735097296,268.91866724034145,2.6201205262959717,0.24536684498083083,215.10598196447557,3.386367396442902,0.6666666666666666,21.0,1.5,2025.0,7.0,4,0.1476302333316492,adam thielen,1100.0,0.08333333333333333,0.06429689999831588
00-0036290,Cole Kmet,TE,CHI,NO,0.011606163720645872,0.3834166778404536,0.40118015109346367,0.8180981204314837,0.5866387415016582,34.420590210926285,0.1351055081436541,18.071626729635728,1.630704055242885,0.1737216680539998,0.10296471026590685,0.2499493997177495,1.5282993739104465,261.4630218729961,2.6306490697361835,0.6751405150193515,231.1200613637204,9.111166544018497,0.25,25.5,-4.5,2025.0,7.0,1,0.14596891201961498,cole kmet,370.0,0.2127659574468085,-0.06679704542719353
00-0033555,Mack Hollins,WR,NE,TEN,0.017282574843256005,0.34376941402715183,0.05228887026577437,0.5892538935122384,0.7325037482786093,34.07633865018931,2.099946944553632,18.8088245989982,1.9652843367790431,0.3375523542162342,0.09589397563822004,0.23698563508998524,0.5112911052840887,156.77947358287403,2.6067748026533986,0.3842885192966561,208.6332671280287,7.305064890760434,0.0,24.75,-7.0,2025.0,7.0,3,0.14433706323519466,mack hollins,650.0,0.13333333333333333,0.011003729901861325
00-0039356,Ja'Tavion Sanders,TE,CAR,NYJ,0.004517313993715199,0.22766513600323784,0.16216689536684628,0.585270841026924,3.9539578211678412,26.061588582053474,1.5530398843736624,25.720472553123923,2.9870354198905518,0.017322611375915852,0.10466689403876897,0.21629949601738724,0.5309101501795673,177.8893594612971,2.7427069694942543,1.1321766449398605,204.11533507159075,8.617061807913208,0.4,21.5,-1.5,2025.0,7.0,1,0.14239271330188386,jatavion sanders,500.0,0.16666666666666666,-0.024273953364782802
00-0036849,Tutu Atwell,WR,LA,JAX,0.006385274309239296,0.30007269971910866,0.899703004754056,0.4510163833996488,0.81592999469605,52.72588839140795,1.7856033092249846,44.80546419890835,1.3322494763550827,0.21003586574997624,0.06811500578390778,0.1981059070738912,1.0096413715696555,329.51462146968544,4.101144184647874,0.3954122387354664,281.5016251584961,5.423183284686878,0.4,23.75,-3.0,2025.0,7.0,4,0.1408917752414708,tutu atwell,390.0,0.20408163265306123,-0.06318985741159042
00-0037666,Jalen Tolbert,WR,DAL,WAS,0.00804092759713492,0.3188112244310734,0.26122597876030174,0.788406077135801,1.121102766783684,32.67739213375916,0.5560395821623313,20.273865281755604,1.7020096746031674,0.06049820861306445,0.07762525484710565,0.1968578115819848,0.7862404791202581,241.52707913831682,3.250622987966296,0.2699484493560613,250.15259711075055,7.051906921653941,0.4,26.0,2.5,2025.0,7.0,4,0.13882535963341308,jalen tolbert,390.0,0.20408163265306123,-0.06525627301964815
00-0034981,Foster Moreau,TE,NO,CHI,0.007417850327306877,0.2556511939894382,0.3361608928231883,0.5997297544839757,2.074372165809439,20.735922468510903,0.776381598110959,26.551942653143644,2.3676743995915577,0.2350547307424556,0.09050519851788663,0.18852641206925436,1.344547665300752,180.16079133443563,2.6730212631963486,0.44480354187257387,214.71065974669256,5.32323415066878,0.3333333333333333,21.0,4.5,2025.0,7.0,2,0.1331365439095757,foster moreau,800.0,0.1111111111111111,0.022025432798464584
00-0036415,Van Jefferson,WR,TEN,NE,0.008816529365753797,0.3246842756322621,0.9587958829526022,0.5317588525010496,1.8826266752681378,42.7946375589881,1.1838878598690956,29.532130488326562,2.146243114781537,0.019330072825570973,0.09515541891272795,0.26488902056142727,0.8558511823603191,223.8552711100372,3.2978821863816337,0.3079270744541985,229.92546706490998,6.2432204136399045,0.5,17.75,7.0,2025.0,7.0,3,0.13267833188531558,van jefferson,475.0,0.17391304347826086,-0.04123471159294528
00-0039355,Luke McCaffrey,WR,WAS,DAL,0.013613376590660625,0.3603173923310749,0.6184552483575488,0.3360001335182334,1.2453338126277942,31.917119490279504,2.2229603682342756,31.412573907557018,1.2787975684457003,0.5505275405731654,0.07299375851662986,0.20294547000391067,1.9613476700236956,233.75243552457584,3.090010451788561,0.3570702270301704,266.8280774381333,13.565956932888085,0.3333333333333333,28.5,-2.5,2025.0,7.0,4,0.1309778666200556,luke mccaffrey,380.0,0.20833333333333334,-0.07735546671327775
00-0038618,Xavier Hutchinson,WR,HOU,SEA,0.011861064895114183,0.3622906765129895,0.17499023528453658,0.645377499803288,1.1371031367328248,18.15796852599266,1.4102241827545205,18.100618533380747,2.302468785555189,0.3000047333361415,0.09480605788770183,0.19886841298207905,1.3768265670728885,264.8049970065911,3.326731577464578,0.24201509476454353,266.85506345974136,11.13543313047983,0.5714285714285714,19.25,3.0,2025.0,7.0,3,0.13052185056401458,xavier hutchinson,450.0,0.18181818181818182,-0.05129633125416724
00-0040735,Luther Burden III,WR,CHI,NO,0.0,0.0,0.7140023800079334,0.25050196530958135,1.6079891036505476,15.259997836356423,1.0570950074018204,35.586419530489344,2.6876419891096606,0.176697558688832,0.092737213539147,0.1815231033847568,1.5282993739104465,261.4630218729961,2.6306490697361835,0.6751405150193515,231.1200613637204,9.111166544018497,0.25,25.5,-4.5,2025.0,7.0,4,0.13014052569052206,luther burden,245.0,0.2898550724637681,-0.15971454677324606
00-0039880,Malik Washington,WR,MIA,CLE,0.0005090651063499919,0.017308213615899754,0.047438634461537496,0.5290135656860031,1.3016953166203358,16.062112021331636,-0.9953390035629329,14.858186463774222,3.1990509514671523,0.0020362940236969894,0.14228948859690926,0.2648048165069986,1.2260228582668702,225.44219486415167,3.769715273239587,0.7483523675393121,218.61194910713002,9.57978986937982,0.5,17.5,2.5,2025.0,7.0,2,0.13002264019771947,malik washington,500.0,0.16666666666666666,-0.03664402646894718
00-0040130,Jayden Higgins,WR,HOU,SEA,0.00901518156575673,0.2524250838411886,0.4626951786808986,0.4811701705672352,1.8097990862766744,20.95387833110959,1.5053219663187536,24.7150120803433,2.1684035916483357,0.2524250838411886,0.0754513686602235,0.18308971461966983,1.3768265670728885,264.8049970065911,3.326731577464578,0.24201509476454353,266.85506345974136,11.13543313047983,0.5714285714285714,19.25,3.0,2025.0,7.0,4,0.1283174407879801,jayden higgins,700.0,0.125,0.0033174407879801027
00-0036754,Brock Wright,TE,DET,TB,0.015005696702891922,0.3967413904226229,0.0005197961703413623,0.5556246626734408,1.6917564893107848,2.607490740376194,0.8188393833727025,8.835541852710373,1.2566026367549208,0.48439200865094934,0.06507124573328879,0.10559291355925744,0.8425597363465438,262.17575075963305,3.50292164324517,0.721924864105159,273.22418006429314,8.411738979416812,0.3333333333333333,29.25,-6.0,2025.0,7.0,2,0.1268803261767077,brock wright,700.0,0.125,0.0018803261767076918
00-0031236,Brandin Cooks,WR,NO,CHI,0.009189091164067898,0.2824793707936827,0.41767876446043406,0.6587152680201793,0.8535425659113998,31.702889604303195,0.4742420254040052,19.755025578955333,1.907777504930509,0.01840923495755286,0.0876420889891753,0.22933525645728664,1.344547665300752,180.16079133443563,2.6730212631963486,0.44480354187257387,214.71065974669256,5.32323415066878,0.3333333333333333,21.0,4.5,2025.0,7.0,3,0.12578971402935693,brandin cooks,700.0,0.125,0.0007897140293569305
00-0040648,Tory Horton,WR,SEA,HOU,0.012553360950727411,0.3546207801657164,0.31963470319634707,0.4502520425544937,0.4720553691700669,40.07177415790315,1.1532203221076431,17.292166042765295,1.3937310662083457,0.4362549597609115,0.09025873190254351,0.2390741564908189,0.3407683444014883,228.08771147790304,2.4628860104355477,0.17537481738266006,188.18785504739174,-2.115257312541467,0.25,22.25,-3.0,2025.0,7.0,3,0.1255477857081525,tory horton,475.0,0.17391304347826086,-0.04836525777010836
00-0039424,Devaughn Vele,WR,NO,CHI,0.015219872971390921,0.545313784985507,0.15709296280188076,0.40212528224452443,1.3198437762540336,16.0646036037678,1.8249882234578139,18.01176237473818,1.877295483073923,0.3730349619691153,0.06890251133893739,0.15701728872598136,1.344547665300752,180.16079133443563,2.6730212631963486,0.44480354187257387,214.71065974669256,5.32323415066878,0.3333333333333333,21.0,4.5,2025.0,7.0,4,0.1251596850852649,devaughn vele,900.0,0.1,0.025159685085264893
00-0037004,Hunter Long,TE,JAX,LA,0.007069432473237076,0.2191524066703496,0.0,0.4906818661544901,1.1175599304971469,9.311799542005854,1.543552755617358,12.015375132729146,1.6038523364283936,0.2191524066703496,0.05889865306389633,0.11329627599350553,0.5518814879032429,249.6376331058419,1.7635761262105332,0.41042225372777524,226.86934874705966,2.490152389636762,0.0,20.75,3.0,2025.0,7.0,1,0.12405948862014367,hunter long,400.0,0.2,-0.07594051137985634
00-0034159,Will Dissly,TE,LAC,IND,0.0035308965709829063,0.11500617574177792,0.05739522651578542,0.476049534837085,1.5914129204855467,6.940109044612781,1.0388023992671567,20.092750166697844,2.0511752305672237,0.12068311966459998,0.07061298764123458,0.12460824410205917,1.1763672676267507,269.38618244427147,3.867523908957287,0.41311441073934885,272.19643481070267,6.764333198013429,0.2857142857142857,25.0,-1.5,2025.0,7.0,2,0.12310265529330762,will dissly,700.0,0.125,-0.0018973447066923804
00-0034983,Hunter Renfrow,WR,CAR,NYJ,0.003936138297387474,0.21634888467353755,0.026188770310471787,0.4076665018328757,0.6679006734094796,20.984062359065227,-0.25950781835803627,11.5890179124302,1.7887182749204211,0.0724038781274599,0.11004712399353496,0.2333167576342952,0.5309101501795673,177.8893594612971,2.7427069694942543,1.1321766449398605,204.11533507159075,8.617061807913208,0.4,21.5,-1.5,2025.0,7.0,3,0.12296267198018455,hunter renfrow,850.0,0.10526315789473684,0.017699514085447718
00-0034270,Tyler Conklin,TE,LAC,IND,0.002230325706424722,0.08157029999699736,0.4965983935525973,0.36524661099702316,1.2893284859856768,11.630819837286879,-0.9526817435752747,22.794826068140328,1.9573426749613632,0.12951008087957475,0.0803637078135953,0.16438602934265695,1.1763672676267507,269.38618244427147,3.867523908957287,0.41311441073934885,272.19643481070267,6.764333198013429,0.2857142857142857,25.0,-1.5,2025.0,7.0,4,0.12286122400425509,tyler conklin,1000.0,0.09090909090909091,0.031952133095164176
00-0032392,Austin Hooper,TE,NE,TEN,0.000774636673299563,0.027438917453942224,0.37179767698395727,0.6073555881341051,1.1232440985981649,13.210910010272682,0.9149091035920421,20.954624626972144,1.78073467975214,0.021068896368361265,0.07852342945521286,0.16404922100368385,0.5112911052840887,156.77947358287403,2.6067748026533986,0.3842885192966561,208.6332671280287,7.305064890760434,0.0,24.75,-7.0,2025.0,7.0,2,0.12194208490468816,austin hooper,700.0,0.125,-0.003057915095311836
00-0040218,Jimmy Horn Jr.,WR,CAR,NYJ,0.0,0.0,0.5882352941176471,0.2347058823529412,1.2665984654731457,23.823529411764707,2.557551631911102,29.82352941176471,2.0,0.0,0.10177404295051351,0.2436906953541476,0.5309101501795673,177.8893594612971,2.7427069694942543,1.1321766449398605,204.11533507159075,8.617061807913208,0.4,21.5,-1.5,2025.0,7.0,5,0.12180929374757608,jimmy horn,1200.0,0.07692307692307693,0.044886216824499156
00-0036637,Noah Gray,TE,KC,LV,0.0010403797190942842,0.040469752804912495,0.025437543825622844,0.6078300171537074,1.4017826750213316,11.220999764172614,-0.32008541454334466,12.904217261396118,1.7128533785043287,0.027421358697557713,0.08386167844522756,0.15581082013972375,0.7581885272215749,242.1647786361124,2.8590972199987705,0.583688980148086,228.38936270594562,7.109032948431411,0.6666666666666666,28.5,-11.5,2025.0,7.0,2,0.12072477922408244,noah gray,550.0,0.15384615384615385,-0.03312137462207142
00-0034521,Allen Lazard,WR,NYJ,CAR,0.009244585185338808,0.3372701360060683,0.15878718127316827,0.5099817555290805,0.8314507205441658,28.12800343525432,0.41354303039444185,17.368047980159897,1.5507026171537222,0.27671858637625507,0.07031723561294516,0.1881192290592344,0.9565430523092198,225.94860219782683,3.234058309171787,0.7560471310460708,239.0650735094597,11.760435964169915,0.0,20.0,1.5,2025.0,7.0,4,0.11992515476031844,allen lazard,450.0,0.18181818181818182,-0.061893027057863384
00-0039890,Adonai Mitchell,WR,IND,LAC,0.002761339189155686,0.09439786588311869,0.24387966992678298,0.36100732758508136,0.421100488150587,44.759282312615554,-1.5670748747798602,26.15007741670749,1.1278995922142958,0.0,0.07852592399810035,0.22517196799260414,0.4558752220679086,209.791335619486,2.3595807670120794,0.5369231187322042,196.8625466477796,4.608812971569915,1.0,23.5,1.5,2025.0,7.0,6,0.11955211603638519,adonai mitchell,600.0,0.14285714285714285,-0.023305026820757663
00-0040187,Mitchell Evans,TE,CAR,NYJ,0.004908265519134208,0.176697558688832,0.3606072626302694,0.4460809202697342,2.2811922100346393,8.6406909235152,1.6143237370620098,14.538927554000937,1.353395117377664,0.4291226425300205,0.05539534416028467,0.12025769422382314,0.5309101501795673,177.8893594612971,2.7427069694942543,1.1321766449398605,204.11533507159075,8.617061807913208,0.4,21.5,-1.5,2025.0,7.0,3,0.11782119594820299,mitchell evans,1900.0,0.05,0.06782119594820299
00-0036422,Adam Trautman,TE,DEN,NYG,0.004277894558936357,0.13129739887325567,0.21949536837622516,0.47821737289175686,2.221395428059066,5.9561877998935975,0.6194360989403115,12.89641631660706,1.2736955984047573,0.1306974880849843,0.04542311899642919,0.08592413556239065,0.7477186655238836,275.4542469896903,2.2970530195839776,0.40926765889346417,257.5048969426817,4.1226701260236664,0.5,23.25,-7.0,2025.0,7.0,2,0.11716926404065332,adam trautman,1100.0,0.08333333333333333,0.033835930707319994
00-0040669,Isaac TeSlaa,WR,DET,TB,0.019921649609766435,0.5302013422818792,0.1934465061192262,0.25377812870114486,0.7379772192247518,20.287801026450847,1.403240554944351,12.107777339123569,0.7236478484011054,0.5302013422818792,0.048894879788864073,0.1539519344379254,0.8425597363465438,262.17575075963305,3.50292164324517,0.721924864105159,273.22418006429314,8.411738979416812,0.3333333333333333,29.25,-6.0,2025.0,7.0,3,0.11663581246119561,isaac teslaa,650.0,0.13333333333333333,-0.016697520872137717
00-0039751,Jordan Whittington,WR,LA,JAX,3.440634729694907e-05,0.0009977840716115251,0.35481530770754677,0.6321836643383666,1.5135934756911242,13.78387758709406,0.5527141930957096,22.02457748561432,1.9680432657815246,0.0,0.08257739821039338,0.1563764345551263,1.0096413715696555,329.51462146968544,4.101144184647874,0.3954122387354664,281.5016251584961,5.423183284686878,0.4,23.75,-3.0,2025.0,7.0,3,0.11585646747281625,jordan whittington,300.0,0.25,-0.13414353252718375
00-0040584,Gunnar Helm,TE,TEN,NE,0.00894738810530646,0.34000074800164565,0.0,0.4821996008391219,1.2077678677854042,18.067347348164166,0.8540971802166378,19.98899077577971,2.3688770115294258,0.0,0.0895340510753634,0.17775692544272834,0.8558511823603191,223.8552711100372,3.2978821863816337,0.3079270744541985,229.92546706490998,6.2432204136399045,0.5,17.75,7.0,2025.0,7.0,2,0.11537745389953265,gunnar helm,450.0,0.18181818181818182,-0.06644072791864918
00-0036427,Tyler Johnson,WR,NYJ,CAR,0.004436942566286553,0.13739886971653517,0.41349374452818805,0.4998078431912035,0.5681017434258164,17.282376939283523,0.13125938296626305,15.046170585168458,1.1632751351587127,0.07345475523619556,0.07884156570185727,0.18361560253408435,0.9565430523092198,225.94860219782683,3.234058309171787,0.7560471310460708,239.0650735094597,11.760435964169915,0.0,20.0,1.5,2025.0,7.0,5,0.11487701400891108,tyler johnson,950.0,0.09523809523809523,0.019638918770815847
00-0033217,Mo Alie-Cox,TE,IND,LAC,0.002969730078742143,0.11763895281366903,0.1586487787759156,0.4776838948113328,2.182042713865889,8.980864550522126,-1.4088910239394832,11.82099460137967,0.882744841953926,0.006800569973478603,0.05428762762196172,0.10583096935383372,0.4558752220679086,209.791335619486,2.3595807670120794,0.5369231187322042,196.8625466477796,4.608812971569915,1.0,23.5,1.5,2025.0,7.0,2,0.11481355899118051,mo aliecox,1100.0,0.08333333333333333,0.03148022565784718
00-0040164,Jaylin Lane,WR,WAS,DAL,0.011723729495908587,0.28322062308537077,0.34000074800164565,0.3846064661342255,0.6123751388382087,31.20798865757505,-0.047813505441516344,19.9454536799981,1.1666003665208065,0.0,0.09491632382507449,0.23481795302638647,1.9613476700236956,233.75243552457584,3.090010451788561,0.3570702270301704,266.8280774381333,13.565956932888085,0.3333333333333333,28.5,-2.5,2025.0,7.0,5,0.11349778727563,jaylin lane,380.0,0.20833333333333334,-0.09483554605770335
00-0039074,Davis Allen,TE,LA,JAX,0.0021255447140759564,0.06742331352987842,0.2108661464190438,0.41508932360658357,0.8008067482899556,8.59345824554261,0.21334200594571248,9.26623512797788,1.1781995394972204,0.12324723330256282,0.049778239453680984,0.0945468447895704,1.0096413715696555,329.51462146968544,4.101144184647874,0.3954122387354664,281.5016251584961,5.423183284686878,0.4,23.75,-3.0,2025.0,7.0,2,0.11330965471470154,davis allen,800.0,0.1111111111111111,0.0021985436035904388
00-0040581,Dont'e Thornton Jr.,WR,LV,KC,0.0,0.0,0.38696765352854207,0.577328621398435,0.15920505603133786,48.824420323825315,-3.0723715746162874,11.494176192708522,0.6502470159749016,0.0,0.09345431293331088,0.2854817844020201,0.850147542137607,185.95340394327383,2.9606144677552733,0.32530191803934044,206.0247735178789,4.482197262542474,0.5,17.0,11.5,2025.0,7.0,4,0.11294205863097825,donte thornton,700.0,0.125,-0.012057941369021746
00-0038720,Julian Hill,TE,MIA,CLE,0.005869804488067796,0.21141639008853283,0.0,0.584447477815238,3.6124016003344996,8.97020970821338,0.4082553046181869,17.734955285666068,2.0538556546585403,0.0,0.07942912719371717,0.14394368975933924,1.2260228582668702,225.44219486415167,3.769715273239587,0.7483523675393121,218.61194910713002,9.57978986937982,0.5,17.5,2.5,2025.0,7.0,2,0.11285168850940433,julian hill,800.0,0.1111111111111111,0.0017405773982932249
00-0037805,Jeremy Ruckert,TE,NYJ,CAR,0.004693630917192934,0.1033901553214986,1.3799813823431974e-05,0.3837857057628107,1.9396079371999293,6.461329795174032,0.921915757030904,11.908012845959906,1.3912630628022387,0.10290162353429651,0.04430991784131379,0.08472279102176468,0.9565430523092198,225.94860219782683,3.234058309171787,0.7560471310460708,239.0650735094597,11.760435964169915,0.0,20.0,1.5,2025.0,7.0,2,0.11195391353317308,jeremy ruckert,750.0,0.11764705882352941,-0.005693145290356333
00-0038115,Daniel Bellinger,TE,NYG,DEN,2.062457967989696e-08,5.568636513572179e-07,0.000750323821980044,0.40714924510358014,1.6074824866805366,13.235778273542431,2.352955214852624,22.088870524556523,1.8804387834748464,1.0803711699981394e-06,0.057197878423565475,0.12370395919870758,0.21115755832154304,237.75410499721713,2.007295863192648,0.23065964946302084,179.93314626561516,1.879734140766854,0.8,16.25,7.0,2025.0,7.0,2,0.11170035929012756,daniel bellinger,1100.0,0.08333333333333333,0.02836702595679423
00-0034418,Cedrick Wilson Jr.,WR,MIA,CLE,0.00012862268777945503,0.0047402625825737656,0.021565566344047257,0.46697665452299975,1.0148761123580914,17.000030694982534,-1.548172323082031,17.69999589012957,2.0790289541443387,0.027323322252057684,0.08682282333027364,0.16945751349216712,1.2260228582668702,225.44219486415167,3.769715273239587,0.7483523675393121,218.61194910713002,9.57978986937982,0.5,17.5,2.5,2025.0,7.0,5,0.11146127756028722,cedrick wilson,1100.0,0.08333333333333333,0.028127944226953888
00-0037741,Jahan Dotson,WR,PHI,MIN,0.0008486801025768985,0.026733920685366338,0.2676469934153392,0.6607080369602581,0.5282148544451206,35.55847429512572,-2.265842058806739,17.959405748957355,1.1408226999366766,5.459746718996263e-05,0.07174061913288328,0.18949257548657983,0.41819480377975826,171.29548618070663,1.6318637305857482,0.7725619788140894,189.57774306452248,-1.9528401259173807,0.6666666666666666,22.5,-1.5,2025.0,7.0,3,0.11124931320118453,jahan dotson,1000.0,0.09090909090909091,0.020340222292093618
00-0038783,Nate Adkins,TE,DEN,NYG,0.0001521436969778656,0.005933604182136767,0.0,0.40257371020363825,1.2426659852431403,6.01325786926132,0.8450564977055844,12.751017143950888,1.4621682143595713,0.3534294915535687,0.057730275251545775,0.11429344900040843,0.7477186655238836,275.4542469896903,2.2970530195839776,0.40926765889346417,257.5048969426817,4.1226701260236664,0.5,23.25,-7.0,2025.0,7.0,3,0.11095446766807569,nate adkins,1400.0,0.06666666666666667,0.04428780100140903
00-0040126,Colston Loveland,TE,CHI,NO,0.0,0.0,0.2763521515988946,0.37315831030398733,0.712240417440018,29.607185155941576,0.0061178265363374855,14.53454401894986,1.3367548361626531,0.0,0.08427683825455547,0.20645091230396748,1.5282993739104465,261.4630218729961,2.6306490697361835,0.6751405150193515,231.1200613637204,9.111166544018497,0.25,25.5,-4.5,2025.0,7.0,2,0.11089673861913783,colston loveland,450.0,0.18181818181818182,-0.07092144319904399
00-0033375,Tim Patrick,WR,JAX,LA,0.0028645667858002823,0.12247992833219597,0.3188734998538741,0.2654125616759545,1.1838113473595622,13.00186074374114,0.9213371035192979,12.157027585439604,0.8626519351568576,0.3295475558241742,0.036530655852629025,0.09012931643628407,0.5518814879032429,249.6376331058419,1.7635761262105332,0.41042225372777524,226.86934874705966,2.490152389636762,0.0,20.75,3.0,2025.0,7.0,5,0.11075836888367122,tim patrick,800.0,0.1111111111111111,-0.0003527422274398895
00-0032211,Tyler Lockett,WR,TEN,NE,0.0005177392915737038,0.01679340754358581,0.01844447893137356,0.4522716030613603,0.33019589288386597,29.504705547933728,-2.584586433394997,8.351659363765815,1.3101538684325362,0.002822498295567236,0.10941360347640498,0.2496450758624631,0.8558511823603191,223.8552711100372,3.2978821863816337,0.3079270744541985,229.92546706490998,6.2432204136399045,0.5,17.75,7.0,2025.0,7.0,5,0.11039420908857997,tyler lockett,900.0,0.1,0.010394209088579964
00-0037475,Stone Smartt,TE,NYJ,CAR,4.514745194014671e-05,0.0016951067845012175,0.27702037817023006,0.2748526629516501,0.9372324358647082,17.494268518141894,0.9117529131594074,20.848805344342427,1.7277737718304444,0.0009971216379418921,0.05962458232220884,0.13183492982258635,0.9565430523092198,225.94860219782683,3.234058309171787,0.7560471310460708,239.0650735094597,11.760435964169915,0.0,20.0,1.5,2025.0,7.0,3,0.11008168078967709,stone smartt,2500.0,0.038461538461538464,0.07162014232813863
00-0038938,Jalin Hyatt,WR,NYG,DEN,2.0049021623583316e-05,0.0005814216270839175,0.00363441723338049,0.3792107389562351,0.35456216800990603,49.756485742581916,-1.0727852959220894,8.172774716393356,1.285855590522023,0.0,0.10034624084889868,0.2910236842631847,0.21115755832154304,237.75410499721713,2.007295863192648,0.23065964946302084,179.93314626561516,1.879734140766854,0.8,16.25,7.0,2025.0,7.0,3,0.10982714247579353,jalin hyatt,1000.0,0.09090909090909091,0.01891805156670262
00-0038840,Brycen Tremayne,WR,CAR,NYJ,0.0,0.0,0.34098127414534835,0.3655458953275758,0.996206396574443,17.797948162346323,1.2484741961036132,18.88921900903584,1.7087147032890802,0.0,0.06606675037221175,0.15114445656138426,0.5309101501795673,177.8893594612971,2.7427069694942543,1.1321766449398605,204.11533507159075,8.617061807913208,0.4,21.5,-1.5,2025.0,7.0,4,0.10982270960479845,brycen tremayne,1500.0,0.0625,0.04732270960479845
00-0040739,Elijah Arroyo,TE,SEA,HOU,0.0064077064046463884,0.16660036652080637,0.24823454611600143,0.4544829778625513,1.151555001344002,18.33996334791937,0.07788153720346067,14.681092898404378,1.1316142895514372,0.0,0.07969202077699114,0.16746238195536164,0.3407683444014883,228.08771147790304,2.4628860104355477,0.17537481738266006,188.18785504739174,-2.115257312541467,0.25,22.25,-3.0,2025.0,7.0,2,0.10982071213841968,elijah arroyo,550.0,0.15384615384615385,-0.044025441707734175
00-0035249,Josh Oliver,TE,MIN,PHI,0.0008175389325492082,0.027201992661058223,0.36311842203575834,0.414795834856471,1.5021024994720271,7.163079313939411,1.090964430757259,16.622744996617055,1.1911770694584312,0.4645111486072313,0.05791838860081026,0.10549095144863117,0.7795538735097296,268.91866724034145,2.6201205262959717,0.24536684498083083,215.10598196447557,3.386367396442902,0.6666666666666666,21.0,1.5,2025.0,7.0,2,0.1097297417359733,josh oliver,1000.0,0.09090909090909091,0.01882065082688239
00-0036182,Nick Westbrook-Ikhine,WR,MIA,CLE,0.002898883174513048,0.09597182570101108,0.020820558506687882,0.5435284865745054,0.2462143627098764,13.189976400556017,-0.05278595329482109,8.782282564116347,0.9633686216497548,0.048464314932386045,0.06366199110831867,0.12930361959050077,1.2260228582668702,225.44219486415167,3.769715273239587,0.7483523675393121,218.61194910713002,9.57978986937982,0.5,17.5,2.5,2025.0,7.0,3,0.1091444497706907,nick westbrookikhine,900.0,0.1,0.00914444977069069
00-0040727,Tre Harris,WR,LAC,IND,0.0,0.0,0.12368829108218239,0.44377700046878943,0.6169410833297819,21.036565576430707,-1.140791990479866,14.89419782914428,1.77638743644297,0.0,0.07430736890335085,0.16803476310156815,1.1763672676267507,269.38618244427147,3.867523908957287,0.41311441073934885,272.19643481070267,6.764333198013429,0.2857142857142857,25.0,-1.5,2025.0,7.0,4,0.10862975214746848,tre harris,360.0,0.21739130434782608,-0.1087615522003576
00-0040705,Chimere Dike,WR,TEN,NE,0.002473763018036215,0.08163417959519512,0.0,0.46604738930425654,1.4004442915037574,26.835307037675484,-2.17471747199595,6.917621218766683,1.669131672089679,0.0,0.09133488929246696,0.18665106888159586,0.8558511823603191,223.8552711100372,3.2978821863816337,0.3079270744541985,229.92546706490998,6.2432204136399045,0.5,17.75,7.0,2025.0,7.0,4,0.1080455834512535,chimere dike,500.0,0.16666666666666666,-0.058621083215413164
00-0037086,Grant Calcaterra,TE,PHI,MIN,0.0011791928297348318,0.024789536527325202,0.09538579437720503,0.41067173253640044,1.6715778600158293,8.415289292200793,0.38826364973823635,13.624696398245188,1.2747685099934198,0.02470742650835464,0.06523213705447083,0.12532204236860248,0.41819480377975826,171.29548618070663,1.6318637305857482,0.7725619788140894,189.57774306452248,-1.9528401259173807,0.6666666666666666,22.5,-1.5,2025.0,7.0,2,0.10785095073651094,grant calcaterra,800.0,0.1111111111111111,-0.0032601603746001684
00-0040134,Pat Bryant,WR,DEN,NYG,0.004605869193314908,0.1934465061192262,0.0,0.47454401894986187,1.1732135807343071,6.191867350967232,0.9883984373703861,11.12277931306751,1.0604026845637584,0.0,0.04851549292923157,0.09889574261279518,0.7477186655238836,275.4542469896903,2.2970530195839776,0.40926765889346417,257.5048969426817,4.1226701260236664,0.5,23.25,-7.0,2025.0,7.0,4,0.10697429199054036,pat bryant,950.0,0.09523809523809523,0.011736196752445124
00-0038547,Luke Schoonmaker,TE,DAL,WAS,0.009032318809891589,0.3070825576417861,0.01601670762432347,0.38435549388866375,0.7430430436277111,16.662772644279656,-0.27000590259166224,6.520714142407812,1.1193606545170183,0.006059071145191313,0.0539706877414683,0.13241286113631043,0.7862404791202581,241.52707913831682,3.250622987966296,0.2699484493560613,250.15259711075055,7.051906921653941,0.4,26.0,2.5,2025.0,7.0,2,0.10633252486482483,luke schoonmaker,1000.0,0.09090909090909091,0.015423433955733923
00-0036741,Jack Stoll,TE,NO,CHI,0.005122116146824823,0.2100067620198179,0.0011645891749868912,0.3738753518282187,2.5073708238005405,6.847726789835565,0.5391243847492633,7.618403897954006,0.8851332331187242,0.2100067620198179,0.03653242294462546,0.07067029489418775,1.344547665300752,180.16079133443563,2.6730212631963486,0.44480354187257387,214.71065974669256,5.32323415066878,0.3333333333333333,21.0,4.5,2025.0,7.0,4,0.10602332014883589,jack stoll,1700.0,0.05555555555555555,0.05046776459328034
00-0037614,John Metchie III,WR,PHI,MIN,0.0021091049213580277,0.06824862133085395,0.08470077181035668,0.19249966275551708,1.1948340989455368,11.313673293527696,0.012264035145646878,11.134417727110954,1.5905300832851703,0.008474647292365639,0.07529847816883263,0.147184924163441,0.41819480377975826,171.29548618070663,1.6318637305857482,0.7725619788140894,189.57774306452248,-1.9528401259173807,0.6666666666666666,22.5,-1.5,2025.0,7.0,4,0.10584753418640493,john metchie,2000.0,0.047619047619047616,0.05822848656735731
00-0039589,Kameron Johnson,WR,TB,DET,0.00037866229385083764,0.017797127810989403,0.3087205926273848,0.2090299683528946,0.44904813473074157,13.6370974590379,2.302892737652849,19.75811792815263,1.2348823705095393,0.3087205926273848,0.05406920014209166,0.1210124682675477,1.9287032106827777,268.2015299295062,2.85405885188121,0.28236146802456924,245.16368328425222,6.737347096802698,0.5,23.25,6.0,2025.0,7.0,7,0.10464062456268534,kameron johnson,370.0,0.2127659574468085,-0.10812533288412317
00-0037282,James Mitchell,TE,CAR,NYJ,0.00033050763065337947,0.00859319839698788,0.2023904473079279,0.31429070948561644,5.027011697815155,5.827741508705177,1.08310930495583,14.237545108246431,1.2823838027852614,0.00859319839698788,0.04163041795743613,0.08056823158420076,0.5309101501795673,177.8893594612971,2.7427069694942543,1.1321766449398605,204.11533507159075,8.617061807913208,0.4,21.5,-1.5,2025.0,7.0,4,0.10422466882152448,james mitchell,2000.0,0.047619047619047616,0.05660562120247686
00-0035021,Ashton Dulin,WR,IND,LAC,5.517932159596084e-05,0.0011917795951675173,0.4205311235322895,0.23690404614527844,0.4390420642156104,23.13616553242228,0.8750376900690272,13.215281245719874,0.5691555718687472,0.0006617204217369326,0.03981706444640752,0.11964437375881469,0.4558752220679086,209.791335619486,2.3595807670120794,0.5369231187322042,196.8625466477796,4.608812971569915,1.0,23.5,1.5,2025.0,7.0,4,0.10365989473241449,ashton dulin,600.0,0.14285714285714285,-0.03919724812472836
00-0033757,Robert Tonyan,TE,KC,LV,0.013227033621242584,0.2127775545832694,0.15403113569788474,0.32148248131310186,0.5355726274480279,14.010400711436146,0.24646207673601578,8.62840858783847,0.6850500386171162,0.002069291747060997,0.04653135420476799,0.10891443165585586,0.7581885272215749,242.1647786361124,2.8590972199987705,0.583688980148086,228.38936270594562,7.109032948431411,0.6666666666666666,28.5,-11.5,2025.0,7.0,3,0.10355671820093079,robert tonyan,1800.0,0.05263157894736842,0.050925139253562374
00-0036244,Colby Parkinson,TE,LA,JAX,0.008153340213425201,0.3496144191577059,0.0037396263546172056,0.38055934756765775,0.6310596765661652,6.712388627076239,-0.9562047401954097,5.213384619309504,0.9922580550398029,0.00872507969501286,0.046578663944310206,0.0848810263377487,1.0096413715696555,329.51462146968544,4.101144184647874,0.3954122387354664,281.5016251584961,5.423183284686878,0.4,23.75,-3.0,2025.0,7.0,3,0.10326270844571445,colby parkinson,900.0,0.1,0.0032627084457144406
00-0040582,Arian Smith,WR,NYJ,CAR,0.0,0.0,0.0,0.5614723594533194,1.2818604712153445,13.283329126248603,-0.12303503149116753,4.876852619811763,0.7295084923010349,0.0,0.05015172823762487,0.15918473690193505,0.9565430523092198,225.94860219782683,3.234058309171787,0.7560471310460708,239.0650735094597,11.760435964169915,0.0,20.0,1.5,2025.0,7.0,3,0.10298295479432874,arian smith,600.0,0.14285714285714285,-0.039874188062814106
00-0038824,Ryan Miller,WR,TB,DET,0.00806085502571812,0.2928689175298435,0.22536593439661365,0.2750921007286542,0.43020366209915833,14.359136712794449,0.26901313282156863,6.42590514623146,0.49178462195273814,0.20790967372411717,0.031172185489294933,0.085168905821017,1.9287032106827777,268.2015299295062,2.85405885188121,0.28236146802456924,245.16368328425222,6.737347096802698,0.5,23.25,6.0,2025.0,7.0,6,0.10210672676145843,ryan miller,350.0,0.2222222222222222,-0.12011549546076378
00-0039379,Jamari Thrash,WR,CLE,MIA,0.0,0.0,0.21423614866064006,0.3545124287777819,1.0985917396069709,13.09502027378482,-0.2619631773525315,10.938350668276962,1.3380745271363377,0.0,0.04702706491715202,0.10677908170680897,1.0908656616317518,201.69518788246842,2.683693367364688,0.4771302312899556,234.94299498638418,9.843997147014042,0.0,20.0,-2.5,2025.0,7.0,3,0.1017621243261151,jamari thrash,1000.0,0.09090909090909091,0.010853033417024191
00-0040138,Jaylin Noel,WR,HOU,SEA,0.0,0.0,0.0,0.25522231437741155,0.537431033861022,4.406692870794418,0.16707521379836995,5.495907107569146,1.236918971548087,0.3606072626302694,0.055234391058628714,0.09259292237099358,1.3768265670728885,264.8049970065911,3.326731577464578,0.24201509476454353,266.85506345974136,11.13543313047983,0.5714285714285714,19.25,3.0,2025.0,7.0,5,0.10011675378462047,jaylin noel,950.0,0.09523809523809523,0.004878658546525236
00-0038394,Will Mallory,TE,IND,LAC,0.0,0.0,0.0006990298516774374,0.17000556451496718,0.642141506743994,12.04064349307945,-1.4735272951501583,5.053736344921896,0.59989745531687,0.0,0.03923219715108307,0.08301711900987101,0.4558752220679086,209.791335619486,2.3595807670120794,0.5369231187322042,196.8625466477796,4.608812971569915,1.0,23.5,1.5,2025.0,7.0,4,0.09965255950288107,will mallory,1700.0,0.05555555555555555,0.04409700394732552
00-0036232,Harrison Bryant,TE,HOU,SEA,0.00014998703395923972,0.005776254361278363,0.005933914459891298,0.3478496800194132,2.2595802631933877,11.076018189084296,-0.1497114467307442,9.789309441636204,1.1714701767686082,0.01026281018576614,0.06027036828819408,0.12311894322003593,1.3768265670728885,264.8049970065911,3.326731577464578,0.24201509476454353,266.85506345974136,11.13543313047983,0.5714285714285714,19.25,3.0,2025.0,7.0,2,0.0994308657485862,harrison bryant,1400.0,0.06666666666666667,0.032764199081919534
00-0039050,Payne Durham,TE,TB,DET,0.003832835190943482,0.12265072611019143,0.07198501053029324,0.3452390486539499,0.20697477451546983,5.82971120477581,0.39818202092028837,4.666615329621797,0.45717263581732304,0.12265072611019143,0.020387965024921288,0.04468574406610493,1.9287032106827777,268.2015299295062,2.85405885188121,0.28236146802456924,245.16368328425222,6.737347096802698,0.5,23.25,6.0,2025.0,7.0,2,0.09902088144600428,payne durham,700.0,0.125,-0.02597911855399572
00-0039623,Mason Tipton,WR,NO,CHI,0.0,0.0,0.0,0.43162621773907744,0.263811337503842,23.426290823861667,-0.9606035204012952,6.092052469422105,0.8182092646773851,0.0,0.05742220426949818,0.14909510797957956,1.344547665300752,180.16079133443563,2.6730212631963486,0.44480354187257387,214.71065974669256,5.32323415066878,0.3333333333333333,21.0,4.5,2025.0,7.0,5,0.09856592448173813,mason tipton,1900.0,0.05,0.04856592448173813
00-0040729,Jack Bech,WR,LV,KC,0.0,0.0,0.08658180375752766,0.45679059536259065,0.4218816368925664,14.226425300205548,-0.9464907460892019,10.043741660957052,0.9675453463632758,0.0,0.05794235489929996,0.12603941206810187,0.850147542137607,185.95340394327383,2.9606144677552733,0.32530191803934044,206.0247735178789,4.482197262542474,0.5,17.0,11.5,2025.0,7.0,3,0.09817126662540442,jack bech,340.0,0.22727272727272727,-0.12910146064732286
00-0033246,Johnny Mundt,TE,JAX,LA,0.0007676619593643547,0.024392071800072686,0.0025442108901003874,0.34963124939865914,1.6355271763869383,5.977929284029799,0.5724293762419662,7.521175280725506,0.7478253984232412,0.018531904505347477,0.038525194253156925,0.07392081200212709,0.5518814879032429,249.6376331058419,1.7635761262105332,0.41042225372777524,226.86934874705966,2.490152389636762,0.0,20.75,3.0,2025.0,7.0,2,0.09801523584955453,johnny mundt,950.0,0.09523809523809523,0.0027771406114592972
00-0040259,Gage Larvadain,WR,CLE,MIA,0.0,0.0,0.0,0.09823529411764707,0.5392156862745098,14.117647058823529,0.19642541726010246,12.941176470588236,1.1764705882352942,0.0,0.0461361014994233,0.10067661384523835,1.0908656616317518,201.69518788246842,2.683693367364688,0.4771302312899556,234.94299498638418,9.843997147014042,0.0,20.0,-2.5,2025.0,7.0,5,0.09707646522543313,gage larvadain,1500.0,0.0625,0.03457646522543313
00-0038752,Jake Bobo,WR,SEA,HOU,0.0054488984698836005,0.1471170358686128,0.0001970640455293605,0.19869664431283776,0.7485041846540512,5.741931949073893,0.6571564347460813,6.287903130612422,0.6329838651823063,0.14723433589571358,0.023560500531612225,0.05231970792395161,0.3407683444014883,228.08771147790304,2.4628860104355477,0.17537481738266006,188.18785504739174,-2.115257312541467,0.25,22.25,-3.0,2025.0,7.0,4,0.09682898448109697,jake bobo,2000.0,0.047619047619047616,0.04920993686204936
00-0039648,David Martin-Robinson,TE,TEN,NE,0.00894738810530646,0.34000074800164565,0.0,0.15424426333737937,0.34000074800164565,0.34000074800164565,0.23727928794362435,0.8298058255728163,0.42163492759684074,0.34000074800164565,0.01425953269672949,0.022330012577114606,0.8558511823603191,223.8552711100372,3.2978821863816337,0.3079270744541985,229.92546706490998,6.2432204136399045,0.5,17.75,7.0,2025.0,7.0,3,0.09653863307518953,david martinrobinson,2000.0,0.047619047619047616,0.04891958545614192
00-0033576,Eric Saubert,TE,SEA,HOU,0.0017906939223362684,0.07514372010591637,0.0002494518884890801,0.3845505127792135,0.3920596385025483,2.156234692007024,0.2521253550697239,2.8966634813176477,0.4009622857189544,0.02471074018351354,0.01536769729292989,0.029790321481236906,0.3407683444014883,228.08771147790304,2.4628860104355477,0.17537481738266006,188.18785504739174,-2.115257312541467,0.25,22.25,-3.0,2025.0,7.0,3,0.09614208138633827,eric saubert,2500.0,0.038461538461538464,0.05768054292479981
00-0036628,John Bates,TE,WAS,DAL,3.3247481108825605e-05,0.0011892670612358711,0.017317099402896063,0.4227529326436305,2.2825219265973935,9.03368547956298,0.32089558234740473,6.902534310362238,0.6738463022424004,9.85072161742857e-06,0.03607953788241899,0.07574181164808397,1.9613476700236956,233.75243552457584,3.090010451788561,0.3570702270301704,266.8280774381333,13.565956932888085,0.3333333333333333,28.5,-2.5,2025.0,7.0,2,0.09506298521465759,john bates,1400.0,0.06666666666666667,0.02839631854799092
00-0034365,Ian Thomas,TE,LV,KC,0.0001297684174998011,0.004152613467817683,0.005966451230762511,0.3807562129679754,2.030040646814806,3.703266544472041,-0.39389248518829134,6.337601753728314,1.1638952552912447,2.6437436206828763e-09,0.04727199842671127,0.09214396670583674,0.850147542137607,185.95340394327383,2.9606144677552733,0.32530191803934044,206.0247735178789,4.482197262542474,0.5,17.0,11.5,2025.0,7.0,3,0.09485689457078265,ian thomas,1300.0,0.07142857142857142,0.02342832314221123
00-0040590,Konata Mumpfield,WR,LA,JAX,0.0,0.0,0.0,0.17,0.4375,16.0,-0.1039362353039905,7.0,1.0,0.0,0.0769230769230769,0.1642929123278468,1.0096413715696555,329.51462146968544,4.101144184647874,0.3954122387354664,281.5016251584961,5.423183284686878,0.4,23.75,-3.0,2025.0,7.0,6,0.09461582632701251,konata mumpfield,900.0,0.1,-0.005384173672987491
00-0031484,Chris Manhertz,TE,NYG,DEN,0.001976750860523149,0.051845291559205954,0.00070021115214512,0.28345108287701476,2.9034043204038347,1.4949191403563402,0.41615938917737816,5.2225915661885765,0.5182089815100064,0.05042334177060952,0.020292130107327045,0.03643908847827478,0.21115755832154304,237.75410499721713,2.007295863192648,0.23065964946302084,179.93314626561516,1.879734140766854,0.8,16.25,7.0,0.0,0.0,4,0.09447857622437772,chris manhertz,2800.0,0.034482758620689655,0.059995817603688065
00-0034798,Durham Smythe,TE,CHI,NO,0.007506819944848137,0.3060807621111129,0.00252324593697007,0.2884685361984337,0.5817955335445111,5.9357513293089115,-0.21408101124508933,3.8235417091695227,0.5882220965122115,4.449809305548608e-06,0.03481503248319108,0.07096013385847258,1.5282993739104465,261.4630218729961,2.6306490697361835,0.6751405150193515,231.1200613637204,9.111166544018497,0.25,25.5,-4.5,2025.0,7.0,3,0.09371263843771153,durham smythe,1400.0,0.06666666666666667,0.02704597177104487
00-0037348,Tanner Conner,TE,MIA,CLE,0.0023704193222774017,0.07348299899059955,0.0,0.1770660429979707,0.9175454441540054,9.131102210906926,-0.03393177805437887,9.275840464135365,1.0836836567545276,0.0,0.044522067950155585,0.09419347209786952,1.2260228582668702,225.44219486415167,3.769715273239587,0.7483523675393121,218.61194910713002,9.57978986937982,0.5,17.5,2.5,2025.0,7.0,3,0.09365391728113295,tanner conner,2200.0,0.043478260869565216,0.05017565641156774
00-0040131,Kyle Williams,WR,NE,TEN,0.0,0.0,0.0,0.203750493485985,0.35649427556257396,17.586261350177654,-0.6647471039125394,3.17252270035531,0.32885906040268453,0.0,0.041281747598368175,0.10572769702924328,0.5112911052840887,156.77947358287403,2.6067748026533986,0.3842885192966561,208.6332671280287,7.305064890760434,0.0,24.75,-7.0,2025.0,7.0,5,0.09285102574097064,kyle williams,1400.0,0.06666666666666667,0.02618435907430397
00-0039816,Anthony Gould,WR,IND,LAC,0.0,0.0,0.012188749008064338,0.038959248703324165,0.01557451262141555,0.21939748214515814,0.023019833569885784,0.2803412271854798,0.012188749008064338,0.0,0.0003385763613351196,0.0009504531226989649,0.4558752220679086,209.791335619486,2.3595807670120794,0.5369231187322042,196.8625466477796,4.608812971569915,1.0,23.5,1.5,2025.0,7.0,5,0.09272321292577322,anthony gould,1800.0,0.05263157894736842,0.0400916339784048
00-0039754,Devin Culp,TE,TB,DET,0.004231642321358073,0.13541255428345833,0.32885906040268453,0.10532175286221872,0.44361489211967253,11.219897354915119,1.3285796606522264,14.00552704303198,0.7931306750888275,0.0,0.02940698903505977,0.07434091701576394,1.9287032106827777,268.2015299295062,2.85405885188121,0.28236146802456924,245.16368328425222,6.737347096802698,0.5,23.25,6.0,2025.0,7.0,3,0.09264193794827814,devin culp,1000.0,0.09090909090909091,0.0017328470391872325
00-0039912,Ben Sinnott,TE,WAS,DAL,0.0,0.0,0.0,0.34311225649550275,0.8947181026918108,2.4159774026264693,0.07601767151496312,3.7769330728886508,0.6053379705664147,0.03677885964814958,0.01969397109584741,0.03662154170440449,1.9613476700236956,233.75243552457584,3.090010451788561,0.3570702270301704,266.8280774381333,13.565956932888085,0.3333333333333333,28.5,-2.5,2025.0,7.0,3,0.09209796045971712,ben sinnott,900.0,0.1,-0.007902039540282887
00-0040432,Beaux Collins,WR,NYG,DEN,0.0,0.0,0.0,0.2235294117647059,0.29411764705882354,8.23529411764706,-3.5679447671453306,4.11764705882353,0.5882352941176471,0.0,0.04524886877828053,0.08544862597947248,0.21115755832154304,237.75410499721713,2.007295863192648,0.23065964946302084,179.93314626561516,1.879734140766854,0.8,16.25,7.0,2025.0,7.0,4,0.0918772909676424,beaux collins,1300.0,0.07142857142857142,0.020448719539070973
00-0039920,Malachi Corley,WR,CLE,MIA,0.006102577528234655,0.23800052360115193,0.0,0.2825444975978948,0.1860370759482338,9.910318002699606,-0.548787592682534,2.127819881203739,0.34036454880200745,0.0,0.02730955810665615,0.07042313514290613,1.0908656616317518,201.69518788246842,2.683693367364688,0.4771302312899556,234.94299498638418,9.843997147014042,0.0,20.0,-2.5,2025.0,7.0,4,0.09174641868717398,malachi corley,1800.0,0.05263157894736842,0.03911483973980556
00-0039824,Jared Wiley,TE,KC,LV,0.0,0.0,0.0,0.18,1.75,4.0,-0.145088373683393,7.0,1.0,0.0,0.0434782608695652,0.0921404682274247,0.7581885272215749,242.1647786361124,2.8590972199987705,0.583688980148086,228.38936270594562,7.109032948431411,0.6666666666666666,28.5,-11.5,2025.0,7.0,4,0.09162858610029895,jared wiley,2000.0,0.047619047619047616,0.04400953848125133
00-0038573,Derius Davis,WR,LAC,IND,0.0034272468540194525,0.12245146386903408,0.0720302728641377,0.13044577040868852,0.3766065167377977,2.7302490798519115,0.3794986043216076,4.544520215349411,0.45715665888640283,0.12245146386903408,0.015770221903039342,0.029954245641996325,1.1763672676267507,269.38618244427147,3.867523908957287,0.41311441073934885,272.19643481070267,6.764333198013429,0.2857142857142857,25.0,-1.5,2025.0,7.0,5,0.09040968208187894,derius davis,1000.0,0.09090909090909091,-0.0004994088272119723
00-0034487,Trent Sherfield,WR,DEN,NYG,5.957092010739316e-05,0.00234793271641746,3.087597737033278e-05,0.24125593224947975,0.5065760714005093,12.329176818395158,0.05887221010537447,6.499981425546748,0.7617304521117024,0.006936022001945381,0.030993360070878405,0.07498216272766144,0.7477186655238836,275.4542469896903,2.2970530195839776,0.40926765889346417,257.5048969426817,4.1226701260236664,0.5,23.25,-7.0,2025.0,7.0,5,0.08998549562159569,trent sherfield,1500.0,0.0625,0.02748549562159569
00-0032464,Kalif Raymond,WR,DET,TB,1.3195091010364166e-09,4.792095454145403e-08,0.02505862214770359,0.24475356530938885,0.38308086755966475,6.834182866303678,-0.02354993156164345,5.696269520548651,0.691956752360603,0.010086689274557796,0.03774363099768098,0.07694602396465282,0.8425597363465438,262.17575075963305,3.50292164324517,0.721924864105159,273.22418006429314,8.411738979416812,0.3333333333333333,29.25,-6.0,2025.0,7.0,4,0.0897264332861026,kalif raymond,750.0,0.11764705882352941,-0.027920625537426816
00-0037654,Tucker Fisk,TE,LAC,IND,0.0004900907793789696,0.017643268057642946,0.0,0.3153525944606141,0.6463183724330408,7.159505714570822,-0.15818445722103447,3.1599663244328036,0.4673619227552384,0.0,0.02785789531605664,0.05590505678761,1.1763672676267507,269.38618244427147,3.867523908957287,0.41311441073934885,272.19643481070267,6.764333198013429,0.2857142857142857,25.0,-1.5,2025.0,7.0,3,0.08914978264195994,tucker fisk,1500.0,0.0625,0.02664978264195994
00-0038710,Blake Whiteheart,TE,CLE,MIA,0.00038931217086539307,0.012457989467692578,0.017797127810989403,0.23486243154926234,0.23345550625943892,8.15719821560967,-0.6523085999697747,1.3769522471885698,0.54390666640248,0.012457989467692578,0.022218220757073238,0.05119382567994155,1.0908656616317518,201.69518788246842,2.683693367364688,0.4771302312899556,234.94299498638418,9.843997147014042,0.0,20.0,-2.5,2025.0,7.0,3,0.08757505855571901,blake whiteheart,1900.0,0.05,0.03757505855571901
00-0036876,Kylen Granson,TE,PHI,MIN,6.776168512564912e-08,2.8761615956301157e-06,0.04017412429411809,0.2766502803572312,0.3316096085503747,6.707808357741707,-0.22699784334311154,3.563524145020315,0.4345701528642657,1.6235086823168144e-06,0.02499062150130721,0.05076197657067836,0.41819480377975826,171.29548618070663,1.6318637305857482,0.7725619788140894,189.57774306452248,-1.9528401259173807,0.6666666666666666,22.5,-1.5,2025.0,7.0,3,0.08661275653820812,kylen granson,1900.0,0.05,0.03661275653820811
00-0034073,Ross Dwelley,TE,DET,TB,4.962933976230459e-05,0.00203480293025449,0.04990314549965911,0.23996556306228062,0.8416694422834547,2.858803800765663,0.2644638741888711,4.371405101974081,0.2956116639966948,0.014258982941458465,0.013681217440090843,0.029924528546054027,0.8425597363465438,262.17575075963305,3.50292164324517,0.721924864105159,273.22418006429314,8.411738979416812,0.3333333333333333,29.25,-6.0,2025.0,7.0,3,0.08628124938866058,ross dwelley,800.0,0.1111111111111111,-0.024829861722450525
00-0040737,Terrance Ferguson,TE,LA,JAX,0.0,0.0,0.4117647058823529,0.21294117647058824,0.4803921568627451,7.411764705882353,0.7810406053664765,8.647058823529411,0.4117647058823529,0.0,0.008951406649616364,0.023253313182980666,1.0096413715696555,329.51462146968544,4.101144184647874,0.3954122387354664,281.5016251584961,5.423183284686878,0.4,23.75,-3.0,2025.0,7.0,4,0.08601367671048465,terrance ferguson,1000.0,0.09090909090909091,-0.004895414198606257
00-0040225,Thomas Fidone II,TE,NYG,DEN,0.0,0.0,0.0,0.0,0.0,0.0,0.0,0.0,0.0,0.0,0.0,0.0,0.21115755832154304,237.75410499721713,2.007295863192648,0.23065964946302084,179.93314626561516,1.879734140766854,0.8,16.25,7.0,2025.0,7.0,4,0.08464984554233121,thomas fidone,3500.0,0.027777777777777776,0.05687206776455343
00-0034419,Braxton Berrios,WR,HOU,SEA,0.0018649455014285935,0.0727058451321697,0.0004522884035485229,0.22953797077020419,0.3303912548710799,2.3766907289840953,-0.5603761138821319,0.9250761302705093,0.16276807642589836,0.0004928851129095499,0.013694968642068314,0.02796413991956996,1.3768265670728885,264.8049970065911,3.326731577464578,0.24201509476454353,266.85506345974136,11.13543313047983,0.5714285714285714,19.25,3.0,2025.0,7.0,6,0.08452600520155985,braxton berrios,2500.0,0.038461538461538464,0.04606446674002139
00-0039530,Brevyn Spann-Ford,TE,DAL,WAS,0.00015662525448920954,0.005951759670589962,0.0,0.22451248772757967,1.0184539133164812,2.8984047516113876,-0.19459758440776428,1.714499692269479,0.5062912204984824,0.0,0.01650096795986393,0.03175527490040699,0.7862404791202581,241.52707913831682,3.250622987966296,0.2699484493560613,250.15259711075055,7.051906921653941,0.4,26.0,2.5,2025.0,7.0,3,0.08398658721748899,brevyn spannford,1600.0,0.058823529411764705,0.02516305780572428
00-0040184,KeAndre Lambert-Smith,WR,LAC,IND,0.0025465236399272793,0.08658180375752766,0.0,0.1821146009880639,0.02121219191942761,8.72777757744041,-0.4620822047354994,0.3606072626302694,0.3606072626302694,0.0,0.02152585325204671,0.05711078108504041,1.1763672676267507,269.38618244427147,3.867523908957287,0.41311441073934885,272.19643481070267,6.764333198013429,0.2857142857142857,25.0,-1.5,2025.0,7.0,6,0.08368179101954171,keandre lambertsmith,700.0,0.125,-0.04131820898045829
00-0035645,Gunner Olszewski,WR,NYG,DEN,0.0,0.0,5.756981209371501e-05,0.007890164466458625,0.00036132749826491847,0.005504793293515498,-0.004347700425136378,0.004310354917631171,0.0012617478155913713,1.8506205293448577e-09,5.242975808598735e-05,8.957278795170717e-05,0.21115755832154304,237.75410499721713,2.007295863192648,0.23065964946302084,179.93314626561516,1.879734140766854,0.8,16.25,7.0,2025.0,7.0,5,0.08367880458046134,gunner olszewski,1600.0,0.058823529411764705,0.024855275168696636
00-0040646,Jalen Royals,WR,KC,LV,0.0,0.0,0.0,0.19,0.0,0.0,0.0,0.0,0.0,0.0,0.0,0.0,0.7581885272215749,242.1647786361124,2.8590972199987705,0.583688980148086,228.38936270594562,7.109032948431411,0.6666666666666666,28.5,-11.5,2025.0,7.0,6,0.08349211641463081,jalen royals,2200.0,0.043478260869565216,0.04001385554506559
00-0036775,Brandon Smith,WR,NYJ,CAR,0.0,0.0,0.0,0.0,0.0,0.0,0.0,0.0,0.0,0.0,0.0,0.0,0.9565430523092198,225.94860219782683,3.234058309171787,0.7560471310460708,239.0650735094597,11.760435964169915,0.0,20.0,1.5,0.0,0.0,4,0.08213148444933858,brandon smith,1500.0,0.0625,0.019631484449338585
00-0038488,Brady Russell,TE,SEA,HOU,0.0,0.0,0.0,0.0,0.0,0.0,0.0,0.0,0.0,0.0,0.0,0.0,0.3407683444014883,228.08771147790304,2.4628860104355477,0.17537481738266006,188.18785504739174,-2.115257312541467,0.25,22.25,-3.0,0.0,0.0,4,0.08196534252962212,brady russell,2500.0,0.038461538461538464,0.04350380406808366
00-0038564,Cameron Latu,TE,PHI,MIN,0.0,0.0,0.0,0.09570776255707764,0.0,0.0,0.0,0.0,0.0,0.0,0.0,0.0,0.41819480377975826,171.29548618070663,1.6318637305857482,0.7725619788140894,189.57774306452248,-1.9528401259173807,0.6666666666666666,22.5,-1.5,2025.0,7.0,4,0.08187664040869708,cameron latu,3500.0,0.027777777777777776,0.0540988626309193
00-0040563,Efton Chism III,WR,NE,TEN,0.0,0.0,0.0,0.03,0.0,0.0,0.0,0.0,0.0,0.0,0.0,0.0,0.5112911052840887,156.77947358287403,2.6067748026533986,0.3842885192966561,208.6332671280287,7.305064890760434,0.0,24.75,-7.0,2025.0,7.0,6,0.08186386279980072,efton chism,1400.0,0.06666666666666667,0.015197196133134055
00-0037093,Dareke Young,WR,SEA,HOU,0.0,0.0,0.21023964997338562,0.07660833538643261,0.3830967754920088,8.861195275990022,0.6240781534652758,8.874676237917054,0.31907705321298324,0.0,0.011779796772281506,0.0424756639626619,0.3407683444014883,228.08771147790304,2.4628860104355477,0.17537481738266006,188.18785504739174,-2.115257312541467,0.25,22.25,-3.0,2025.0,7.0,5,0.08172392518385592,dareke young,2500.0,0.038461538461538464,0.043262386722317456
00-0040241,Dominic Lovett,WR,DET,TB,0.0,0.0,0.0,0.0,0.0,0.0,0.0,0.0,0.0,0.0,0.0,0.0,0.8425597363465438,262.17575075963305,3.50292164324517,0.721924864105159,273.22418006429314,8.411738979416812,0.3333333333333333,29.25,-6.0,2025.0,7.0,5,0.08170422321782526,dominic lovett,2200.0,0.043478260869565216,0.03822596234826005
00-0040509,Ben Yurosek,TE,MIN,PHI,0.0,0.0,0.0,0.16647058823529415,0.0,0.0,0.0,0.0,0.0,0.0,0.0,0.0,0.7795538735097296,268.91866724034145,2.6201205262959717,0.24536684498083083,215.10598196447557,3.386367396442902,0.6666666666666666,21.0,1.5,2025.0,7.0,3,0.08141662739113757,ben yurosek,1000.0,0.09090909090909091,-0.00949246351795334
00-0038496,Xavier Gipson,WR,PHI,MIN,0.0003033572626993387,0.008502452119890867,0.0003599400477985953,0.07138610697542962,0.0461113831265656,1.3113719237794739,-0.011349618723660394,0.45566572733350463,0.07654496913899363,0.008591584647986093,0.0031840334468170597,0.010011215545240001,0.41819480377975826,171.29548618070663,1.6318637305857482,0.7725619788140894,189.57774306452248,-1.9528401259173807,0.6666666666666666,22.5,-1.5,2025.0,7.0,5,0.08119118401170469,xavier gipson,1800.0,0.05263157894736842,0.028559605064336274
00-0039451,Isaiah Williams,WR,NYJ,CAR,0.0,0.0,0.0,0.015903681606062772,0.0024060955511566065,0.09022858316837272,-0.014118316389193631,0.036091433267349086,0.012030477755783026,0.0,0.0010025398129819185,0.0024326333697355395,0.9565430523092198,225.94860219782683,3.234058309171787,0.7560471310460708,239.0650735094597,11.760435964169915,0.0,20.0,1.5,0.0,0.0,4,0.08117898724824073,isaiah williams,1600.0,0.058823529411764705,0.022355457836476023
00-0040506,Myles Price,WR,MIN,PHI,0.0,0.0,0.0,0.030038584977101438,0.0,0.0,0.0,0.0,0.0,0.0,0.0,0.0,0.7795538735097296,268.91866724034145,2.6201205262959717,0.24536684498083083,215.10598196447557,3.386367396442902,0.6666666666666666,21.0,1.5,2025.0,7.0,6,0.08087182791183277,myles price,2800.0,0.034482758620689655,0.046389069291143115
00-0039884,Tahj Washington,WR,MIA,CLE,0.0,0.0,0.0,0.0,0.0,0.0,0.0,0.0,0.0,0.0,0.0,0.0,1.2260228582668702,225.44219486415167,3.769715273239587,0.7483523675393121,218.61194910713002,9.57978986937982,0.5,17.5,2.5,2025.0,7.0,6,0.08086042014809795,tahj washington,1800.0,0.05263157894736842,0.028228841200729535
00-0036620,Dee Eskridge,WR,MIA,CLE,0.0,0.0,0.0,0.0,0.0,0.0,0.0,0.0,0.0,0.0,0.0,0.0,1.2260228582668702,225.44219486415167,3.769715273239587,0.7483523675393121,218.61194910713002,9.57978986937982,0.5,17.5,2.5,2025.0,7.0,4,0.08086042014809795,dee eskridge,2000.0,0.047619047619047616,0.033241372529050336
00-0038519,Nikko Remigio,WR,KC,LV,0.0,0.0,0.14549633800138706,0.058864830676181805,0.11273516761807811,3.6271208301759934,0.1454926191935337,3.2714631150614912,0.14549633800138706,0.0,0.01524213281293855,0.039302083301685435,0.7581885272215749,242.1647786361124,2.8590972199987705,0.583688980148086,228.38936270594562,7.109032948431411,0.6666666666666666,28.5,-11.5,2025.0,7.0,7,0.08085281472561523,nikko remigio,2500.0,0.038461538461538464,0.042391276264076766
00-0040488,Carter Runyon,TE,LV,KC,0.0,0.0,0.0,0.0,0.0,0.0,0.0,0.0,0.0,0.0,0.0,0.0,0.850147542137607,185.95340394327383,2.9606144677552733,0.32530191803934044,206.0247735178789,4.482197262542474,0.5,17.0,11.5,2025.0,7.0,4,0.08050517357544679,carter runyon,3000.0,0.03225806451612903,0.048247109059317755
00-0040154,Tai Felton,WR,MIN,PHI,0.0,0.0,0.0,0.03868930122384524,0.24871693643900514,1.3541255428345835,-0.09417345992683265,1.7410185550730357,0.1934465061192262,0.0,0.008060271088301079,0.01713236344087827,0.7795538735097296,268.91866724034145,2.6201205262959717,0.24536684498083083,215.10598196447557,3.386367396442902,0.6666666666666666,21.0,1.5,2025.0,7.0,5,0.08019804089528752,tai felton,1700.0,0.05555555555555555,0.02464248533973197
00-0039686,Colson Yankoff,TE,WAS,DAL,0.0,0.0,0.0,0.09915133083817053,0.0,0.0,0.0,0.0,0.0,0.0,0.0,0.0,1.9613476700236956,233.75243552457584,3.090010451788561,0.3570702270301704,266.8280774381333,13.565956932888085,0.3333333333333333,28.5,-2.5,2025.0,7.0,4,0.08014767125465336,colson yankoff,1500.0,0.0625,0.017647671254653358
00-0040277,Jahdae Walker,WR,CHI,NO,0.0,0.0,0.0,0.01,0.0,0.0,0.0,0.0,0.0,0.0,0.0,0.0,1.5282993739104465,261.4630218729961,2.6306490697361835,0.6751405150193515,231.1200613637204,9.111166544018497,0.25,25.5,-4.5,2025.0,7.0,6,0.07994144995069186,jahdae walker,1600.0,0.058823529411764705,0.02111792053892715
00-0038590,Justin Shorter,WR,LV,KC,0.0,0.0,0.0,0.01319778918278721,0.0,0.0,0.0,0.0,0.0,0.0,0.0,0.0,0.850147542137607,185.95340394327383,2.9606144677552733,0.32530191803934044,206.0247735178789,4.482197262542474,0.5,17.0,11.5,2025.0,7.0,6,0.07993657278283035,justin shorter,2000.0,0.047619047619047616,0.03231752516378274
00-0036331,Devin Duvernay,WR,CHI,NO,3.471032135389458e-08,1.0808229886022312e-06,0.01729532626106194,0.03925950622458128,0.10524113515463496,2.022678441898693,0.06443109029246279,1.2336498325747103,0.1668848739786613,6.984772785340691e-07,0.006482449655543952,0.01451005161123024,1.5282993739104465,261.4630218729961,2.6306490697361835,0.6751405150193515,231.1200613637204,9.111166544018497,0.25,25.5,-4.5,2025.0,7.0,5,0.0796708713737982,devin duvernay,1400.0,0.06666666666666667,0.01300420470713154
00-0035602,Alex Bachman,WR,LV,KC,0.0,0.0,0.0,0.12125058086203991,0.3544431414641427,3.2074433354844354,0.05527630666929835,3.553426503641946,0.37176442484782307,0.0,0.014793960751773295,0.030945692536111725,0.850147542137607,185.95340394327383,2.9606144677552733,0.32530191803934044,206.0247735178789,4.482197262542474,0.5,17.0,11.5,2025.0,7.0,5,0.07966240400865532,alex bachman,1800.0,0.05263157894736842,0.0270308250612869
00-0038359,Xavier Smith,WR,LA,JAX,0.0,0.0,0.050461264186296664,0.0942003606595285,0.054651957287065074,1.8173039595568081,0.13584740718695348,1.8207962038074486,0.051858161886552796,0.0,0.001833230177770254,0.008377831694624763,1.0096413715696555,329.51462146968544,4.101144184647874,0.3954122387354664,281.5016251584961,5.423183284686878,0.4,23.75,-3.0,2025.0,7.0,5,0.07936074635654262,xavier smith,850.0,0.10526315789473684,-0.02590241153819421
